date,open,high,low,close,volume
2017-01-03,26.617763005673037,26.739588407476482,26.37870862600418,26.698213577270508,115127600
2017-01-04,26.629251595063298,26.780959871312433,26.606265970880596,26.66832733154297,84472400
2017-01-05,26.645341752975444,26.861410478782332,26.62005704022397,26.803945541381836,88774400
2017-01-06,26.843029044469095,27.160236713060133,26.77177306265689,27.102771759033203,127007600
2017-01-09,27.111951252765184,27.45214438464564,27.10965391839348,27.35100555419922,134247600
2017-01-10,27.30044022223815,27.440654802259388,27.192407618828085,27.37859344482422,97848400
2017-01-11,27.29354838793295,27.567082073301073,27.261368160676803,27.525707244873047,110354400
2017-01-12,27.330319868501487,27.42226410323541,27.17171610742773,27.410770416259766,108344800
2017-01-13,27.378596979992935,27.49582595216352,27.309638348435918,27.362506866455078,104447600
2017-01-17,27.201601911231894,27.638335785974654,27.174019863656817,27.58316993713379,137759200
2017-01-18,27.5831744856358,27.698104379325947,27.51651493685259,27.580875396728516,94852000
2017-01-19,27.445254329705012,27.603856363706946,27.4383588178385,27.53260040283203,102389200
2017-01-20,27.686606122921752,27.686606122921752,27.52110857639915,27.58316993713379,130391600
2017-01-23,27.583179015149888,27.769364912320935,27.530310483746682,27.6015682220459,88200800
2017-01-24,27.47974179905363,27.606163646074922,27.468248106737498,27.576282501220703,92844000
2017-01-25,27.67970578544661,28.06587016739159,27.647525566425397,28.015300750732422,129510400
2017-01-26,27.96703349297355,28.14402647071442,27.950943381696252,28.029096603393555,105350400
2017-01-27,28.075072691489556,28.123343033647554,27.95094820293003,28.03139877319336,82251600
2017-01-30,27.796938846873953,27.957839965820312,27.734877487763406,27.957839965820312,121510000
2017-01-31,27.847505243987243,27.90267108538791,27.725679873785957,27.893476486206055,196804000
2017-02-01,29.19909085037901,29.994407321700546,29.194494425887086,29.594449996948242,447940000
2017-02-02,29.417456722896123,29.74155811517505,29.3714837126392,29.54387855529785,134841600
2017-02-03,29.493304629106387,29.695582336048417,29.45882706877832,29.670297622680664,98029200
2017-02-06,29.6817925388683,29.996699294153608,29.62892226767109,29.948427200317383,107383600
2017-02-07,30.005891327070383,30.362174654170975,29.985204790579903,30.23345375061035,152735200
2017-02-08,30.19207911863059,30.39205597580901,30.162196229210775,30.350679397583008,92016400
2017-02-09,30.39224309842825,30.57692891958845,30.269889490459786,30.570003509521484,113399600
2017-02-10,30.579228151222217,30.690038192895667,30.484576219386202,30.500734329223633,80262000
2017-02-13,30.722371354630223,30.893206365545797,30.646188316894467,30.770849227905273,92141600
2017-02-14,30.812397098939268,31.186383256072688,30.76160842049049,31.170225143432617,132904800
2017-02-15,31.285653179380226,31.45879543989374,31.07788035321102,31.283342361450195,142492400
2017-02-16,31.32027492739609,31.37337089198569,31.12866376877793,31.246402740478516,90338400
2017-02-17,31.18867645495593,31.357200507739993,31.18867645495593,31.331806182861328,88792800
2017-02-21,31.44955503438963,31.569601305385525,31.391840955220733,31.55805778503418,98028800
2017-02-22,31.495723934769945,31.655015348502506,31.421851749069244,31.652708053588867,83347600
2017-02-23,31.71504145494616,31.738124972728265,31.465716213820023,31.51881217956543,83152800
2017-02-24,31.37568587079479,31.548828125,31.230245250034194,31.548828125,87106400
2017-02-27,31.659643575044708,31.728901193043466,31.461106948828956,31.611162185668945,81029600
2017-02-28,31.645791486578673,31.72889992032576,31.558064939126574,31.625015258789062,93931600
2017-03-01,31.832782418776734,32.35451650915443,31.76583562625202,32.27140808105469,145658400
2017-03-02,32.319884860714694,32.38452434862909,32.03362175524529,32.079795837402344,104844000
2017-03-03,32.038240052746666,32.28063989511755,31.99437678799724,32.26909637451172,84432400
2017-03-06,32.17444402347953,32.266788664550965,31.996687194269274,32.167518615722656,87000000
2017-03-07,32.10289567520144,32.31528317525575,32.04056345067354,32.20909118652344,69785200
2017-03-08,32.077468631354414,32.27369781250466,32.04745972038937,32.089012145996094,74828800
2017-03-09,32.02901013171941,32.040550130739646,31.63886235043582,32.01515579223633,88623600
2017-03-10,32.14675130712464,32.17214565013795,32.00592877270334,32.12135696411133,78451200
2017-03-13,32.054399093261644,32.18829264917748,32.047473685975916,32.135196685791016,69686800
2017-03-14,32.15828058159084,32.239078166222065,32.052085142611126,32.08671569824219,61236400
2017-03-15,32.18367896678893,32.493025576232185,32.09595244191277,32.42607879638672,102767200
2017-03-16,32.486100975279875,32.55535857439694,32.379905520288666,32.47917556762695,76928000
2017-03-17,32.55073713387873,32.55073713387873,32.294486509155334,32.31757354736328,175540000
2017-03-20,32.41222598682167,32.666169348388465,32.37298083505005,32.65693664550781,86168000
2017-03-21,32.80699238269728,32.9662838100566,32.25755320371015,32.2829475402832,158119600
2017-03-22,32.28525489030374,32.68925341438111,32.26447514618463,32.64769744873047,103440800
2017-03-23,32.61077029040308,32.68464602130465,32.46071505556878,32.53227996826172,81385200
2017-03-24,32.666168867296385,32.72157565152801,32.40068551168565,32.46763229370117,89582400
2017-03-27,32.1790786703926,32.601546373573065,32.001318227257826,32.52305603027344,94300400
2017-03-28,32.529953897587085,33.252531539509235,32.463003614775104,33.19712829589844,133499200
2017-03-29,33.16944161532169,33.35643823436015,33.05632424825825,33.271018981933594,116760000
2017-03-30,33.287174863774936,33.35873976262738,33.127883432090165,33.227149963378906,84829200
2017-03-31,33.17867244111365,33.30564412870682,33.01476289484099,33.16482162475586,78646800
2017-04-03,33.176360194881575,33.27100860006439,33.023994192507935,33.174049377441406,79942800
2017-04-04,33.070163735012486,33.44876791191297,33.051694808994476,33.42106628417969,79565600
2017-04-05,33.294106819448956,33.58036999374285,33.199454859893464,33.2479362487793,110871600
2017-04-06,33.31025871910069,33.36335821192298,33.11634024491553,33.16482162475586,84596000
2017-04-07,33.180968551983916,33.28485316223895,33.07477664730967,33.09093475341797,66688800
2017-04-10,33.15098595105212,33.215625471973105,32.98938362615995,33.05171585083008,75733600
2017-04-11,32.998607321373136,33.093259270548934,32.33373990435652,32.69618606567383,121517600
2017-04-12,32.68925348626947,32.81622163318866,32.55304559211443,32.73542404174805,81400000
2017-04-13,32.760830639555884,32.86933342297136,32.562294006347656,32.562294006347656,71291600
2017-04-17,32.66153519168009,32.75387978806471,32.520712764456434,32.74233627319336,66328400
2017-04-18,32.645386121478026,32.7908231768218,32.57612853567344,32.59690475463867,58790000
2017-04-19,32.75390579168043,32.78160743129531,32.4237793217176,32.47687530517578,69313600
2017-04-20,32.60152990307541,32.99398494389246,32.58767908744237,32.883174896240234,93278400
2017-04-21,32.883189719074096,32.93859300658053,32.746985273834795,32.84394454956055,69283600
2017-04-24,33.12788228211742,33.23176692273539,33.054006568067706,33.16020202636719,68537200
2017-04-25,33.222543233615575,33.45108880046584,33.21330700555945,33.36567306518555,75486000
2017-04-26,33.3518312333087,33.38184369869551,33.10019855109728,33.16945266723633,80164800
2017-04-27,33.2248366635239,33.280243440970935,33.08401418644334,33.19482421875,56985200
2017-04-28,33.26408726556515,33.31256864410618,33.07478690943521,33.16250991821289,83441600
2017-05-01,33.49724666569909,33.98204272608886,33.46492692833977,33.83891296386719,134411600
2017-05-02,34.06054860902605,34.187520321998676,33.89894984823762,34.05362319946289,181408800
2017-05-03,33.610370846588346,34.04899996896599,33.305642335360965,33.949729919433594,182788000
2017-05-04,33.82507383863429,33.968203650311494,33.66116427801331,33.8273811340332,93487600
2017-05-05,33.8804798630999,34.392981290391695,33.8804798630999,34.38836669921875,109310800
2017-05-08,34.40452632623706,35.48262520742203,34.40452632623706,35.323333740234375,195009600
2017-05-09,35.52185920907765,35.755026336086395,35.424899981815805,35.549564361572266,156521600
2017-05-10,35.46645790032966,35.53802279658451,35.1155553043252,35.381038665771484,103222800
2017-05-11,35.3393131644345,35.71484648783434,35.30686001669652,35.68702697753906,109020400
2017-05-12,35.86086705430307,36.25957898918119,35.853913064274764,36.185401916503906,130108000
2017-05-15,36.16456508497208,36.31292288508898,35.942030153361216,36.09270477294922,104038800
2017-05-16,36.14833356066949,36.17614953767241,35.865526004045456,36.03938293457031,80194000
2017-05-17,35.605880938561015,35.830736059669135,34.704143636379186,34.82931900024414,203070800
2017-05-18,35.06577714728135,35.54562033107779,35.033324002179796,35.360172271728516,134272800
2017-05-19,35.55492410819304,35.69400761497844,35.38106707186344,35.480743408203125,107843200
2017-05-22,35.698609695370216,35.83305942906775,35.4459385665667,35.696292877197266,91865600
2017-05-23,35.90725169611106,35.90725169611106,35.53867583458658,35.65226364135742,79675600
2017-05-24,35.66153603976484,35.73803352072875,35.39031962750843,35.545631408691406,76712000
2017-05-25,35.63602677342156,35.77975088044138,35.47376104336142,35.668479919433594,76942400
2017-05-26,35.698628437412,35.754263936914604,35.53867947132973,35.60822296142578,87710400
2017-05-30,35.56417141113815,35.798297458551254,35.54330942948441,35.62212371826172,80507600
2017-05-31,35.6916501038871,35.738011219961095,35.32307445597821,35.41115951538086,97804800
2017-06-01,35.50622047347229,35.54331080037268,35.286002405334635,35.50853729248047,65616400
2017-06-02,35.60126590128008,36.03474807739258,35.44131694896753,36.03474807739258,111082800
2017-06-05,35.77741945159451,35.802918596792516,35.57342982713702,35.682376861572266,101326800
2017-06-06,35.67544076401883,36.11819726310274,35.647624786988494,35.80293655395508,106499600
2017-06-07,35.93506610026069,36.157600969588174,35.809887141277,36.016197204589844,84278400
2017-06-08,35.98838115344194,36.05560427043574,35.79134190296804,35.9281120300293,85003200
2017-06-09,35.9744757167898,35.9744757167898,33.84878545799699,34.53493881225586,259530800
2017-06-12,33.78387837463687,33.86500948267044,33.035132016753906,33.70969772338867,289229200
2017-06-13,34.11305186150366,34.18027499117992,33.64711298089362,33.980918884277344,136661600
2017-06-14,34.19185432860384,34.19185432860384,33.34343187398011,33.64942169189453,126124800
2017-06-15,33.22289082894984,33.49178676892267,32.965582517386935,33.4477424621582,128661600
2017-06-16,33.3295304773726,33.49643340429505,32.96327147313324,32.97949981689453,201444400
2017-06-19,33.30171888912925,34.01569182899518,33.30171888912925,33.92296600341797,130165600
2017-06-20,34.04582370587389,34.04582370587389,33.59843354738136,33.61465835571289,99600400
2017-06-21,33.7328795134011,33.86037529495847,33.52193226910873,33.81401062011719,85063200
2017-06-22,33.79083404213897,34.00641493839107,33.64015591325134,33.75838088989258,76425200
2017-06-23,33.64248595758508,34.11305856923458,33.63784878103498,33.90906524658203,141757600
2017-06-26,34.11537728915389,34.372685776511915,33.70044016160585,33.80243682861328,102769600
2017-06-27,33.61465913947565,33.88124190774111,33.292444413200975,33.31794357299805,99047600
2017-06-28,33.4941060432152,33.86963574202981,33.185799442942255,33.80472946166992,88329600
2017-06-29,33.54511748511974,33.64247694381055,32.981819179038446,33.30635070800781,125997600
2017-06-30,33.48484243891286,33.6030674095259,33.32953067985804,33.38516616821289,92096400
2017-07-03,33.58452342864035,33.681882883841496,33.171903269256724,33.264625549316406,57111200
2017-07-05,33.308660193167995,33.56364815781455,33.08380501536581,33.40138244628906,86278400
2017-07-06,33.15335488794052,33.26462232063813,33.011951125440845,33.08612823486328,96515200
2017-07-07,33.12554468906654,33.55439327181347,33.12554468906654,33.42226028442383,76806800
2017-07-10,33.406029337936204,33.832557485774224,33.234489228921056,33.62624740600586,84362400
2017-07-11,33.5497356971943,33.80936433812142,33.46860462082007,33.73518371582031,79127200
2017-07-12,33.814007302855764,33.885867589830724,33.57061046945743,33.78387451171875,99538000
2017-07-13,33.72824379624453,34.42135468439262,33.71433580804226,34.254451751708984,100797600
2017-07-14,34.300801791751596,34.6160623917887,34.15244407038867,34.54883575439453,80528400
2017-07-17,34.49784745539633,34.980007487299616,34.4398951543656,34.66938400268555,95174000
2017-07-18,34.58593139686089,34.80151578882803,34.46307280573411,34.78992462158203,71475200
2017-07-19,34.882652606104216,35.100553852405646,34.75979399482843,35.00783157348633,83692000
2017-07-20,35.11910022316766,35.17473571470918,34.81543068156793,34.85020065307617,68974800
2017-07-21,34.769074246616526,34.87338771238873,34.511765811243066,34.833980560302734,105010400
2017-07-24,34.90583254315868,35.33699783101642,34.74820043528581,35.255863189697266,85972800
2017-07-25,35.188631111775315,35.661520240715255,35.188631111775315,35.406532287597656,75415600
2017-07-26,35.547945210835245,35.68239144541838,35.480718556415695,35.57344436645508,63124000
2017-07-27,35.640675293399276,35.69631079161386,34.14550620802876,34.90120315551758,129905200
2017-07-28,34.745877238886,34.82469150979215,34.58361152315942,34.65547180175781,68854800
2017-07-31,34.74820230717305,34.847882115795706,34.3379025150929,34.476985931396484,79383600
2017-08-01,34.562771353299055,34.82239666226978,34.402822355047604,34.782989501953125,141474400
2017-08-02,36.92258157134447,37.03153221513553,36.199337754798655,36.426509857177734,279747200
2017-08-03,36.40563382968727,36.442724148827494,35.93506145911916,36.062557220458984,108389200
2017-08-04,36.17846266760662,36.48676578348444,36.09037404185433,36.25263977050781,82239600
2017-08-07,36.407962932875485,36.839128311262435,36.31755746017154,36.813629150390625,87481200
2017-08-08,36.76494412337966,37.5136869220667,36.68844665545762,37.1080207824707,144823600
2017-08-09,36.91792500070434,37.383863669155325,36.88315504207084,37.335182189941406,104526000
2017-08-10,37.211852254669694,37.235125628594886,35.985422861011024,36.145999908447266,163217200
2017-08-11,36.44386804688207,36.90232565697976,36.32052701990321,36.648658752441406,105028400
2017-08-14,37.0768771341642,37.28399737332113,36.94422529789718,37.200218200683594,88490800
2017-08-15,37.388722159631754,37.74710868888899,37.26770700451105,37.607479095458984,117862000
2017-08-16,37.68660472435571,37.819253022132784,37.270034738751946,37.45621109008789,110686400
2017-08-17,37.356137266116114,37.400354541802336,36.73244712399428,36.73710250854492,111762400
2017-08-18,36.73709564898126,37.118755437457374,36.47179559541881,36.653316497802734,109712400
2017-08-21,36.65332923983164,36.74408972257525,36.09712965562986,36.58584213256836,105474000
2017-08-22,36.82320965268834,37.235124208530294,36.77434054073482,37.18392562866211,86418400
2017-08-23,37.01870805925333,37.34451407517347,36.97449076758861,37.2304801940918,77596400
2017-08-24,37.3351870546406,37.40733308128609,36.89767681666691,37.06523513793945,79275600
2017-08-25,37.153664881637,37.36544046820543,37.06523389078698,37.202537536621094,101920400
2017-08-28,37.267707314457965,37.70056580462589,37.21883464818906,37.57722473144531,103864000
2017-08-29,37.258404464672154,37.961215007212054,37.23513108733505,37.91234588623047,118067600
2017-08-30,38.11946307774369,38.14040698504185,37.8425262445174,38.014739990234375,109078400
2017-08-31,38.08221358632904,38.2870078544131,38.044977619219715,38.165992736816406,107140400
2017-09-01,38.35217865232924,38.38475924397722,38.07989723262444,38.17763900756836,66364400
2017-09-05,38.10781453364809,38.22417427268213,37.36543883044812,37.719173431396484,117874000
2017-09-06,37.86579516412337,37.93095634650661,37.35613884039739,37.67961883544922,86606800
2017-09-07,37.721508469706514,37.75641853046921,37.318904669575105,37.528350830078125,87714000
2017-09-08,37.43526917498196,37.50275628603585,36.89303216520465,36.91630554199219,114446000
2017-09-11,37.35147471472206,37.71219060129822,37.20951569681856,37.58419418334961,126323200
2017-09-12,37.84251991794729,38.15669267896989,36.9488778457744,37.43526077270508,286856000
2017-09-13,37.204862205036804,37.225809657051606,36.748734011902265,37.153663635253906,179629600
2017-09-14,37.00008275522042,37.095495072519725,36.790633028350605,36.8348503112793,95042800
2017-09-15,36.87906749256494,37.46086636945778,36.769689019627606,37.20720291137695,196458400
2017-09-18,37.260730149175366,37.35149063859288,36.769691718988625,36.92561340332031,113077600
2017-09-19,37.12108850326259,37.181597849722785,36.87208046911773,36.93956756591797,83242400
2017-09-20,36.74640730882827,36.830186470137654,35.799240798625455,36.320533752441406,211805600
2017-09-21,36.25770088768065,36.25770088768065,35.547905661807576,35.69684600830078,150046800
2017-09-22,35.2663098199218,35.43619760371749,35.03824571486186,35.34776306152344,186581600
2017-09-25,34.90560444698507,35.333807540538785,34.712446806182214,35.035926818847656,177549200
2017-09-26,35.32217692462423,35.820196674707795,35.30123301505046,35.638675689697266,146640000
2017-09-27,35.79225867763542,36.00636018473851,35.73174933689874,35.89232635498047,102016800
2017-09-28,35.81320844544814,35.90396892040085,35.53627163568985,35.67124938964844,88022000
2017-09-29,35.65496147322591,35.869063019024054,35.373369273795674,35.86673355102539,105199200
2017-10-02,35.89931689948328,35.94353418263258,35.540930350989605,35.794593811035156,74795200
2017-10-03,35.84112586321539,36.092463327925294,35.817856045808476,35.950504302978516,64921200
2017-10-04,35.752702571137206,35.80622706881335,35.480421146847824,35.71779251098633,80655200
2017-10-05,35.880704033901615,36.17393298465975,35.85045290244079,36.162296295166016,85135200
2017-10-06,36.0645404887791,36.185555620680645,35.969124643414084,36.14133834838867,69630400
2017-10-09,36.26003987536403,36.474141478688125,36.18557145078224,36.26702117919922,65051600
2017-10-10,36.31820750231765,36.769683936536744,36.0947987530455,36.28097152709961,62468000
2017-10-11,36.29726559284751,36.532311041171035,36.24606701186326,36.43224334716797,67622400
2017-10-12,36.38570207050026,36.6230734482927,36.241413538743075,36.30424880981445,64500400
2017-10-13,36.4741319138063,36.602128368918095,36.39966350875292,36.53464126586914,65576800
2017-10-16,36.74641564414448,37.23512812114188,36.68823575645519,37.20720291137695,96486000
2017-10-17,37.18393205568885,37.43759553095936,37.05593558389495,37.34450912475586,75989200
2017-10-18,37.33286361315338,37.40035426006646,37.14203546022998,37.17926788330078,65496800
2017-10-19,36.478797596285766,36.555595491031845,36.07619367930116,36.29960250854492,170336800
2017-10-20,36.44620210761689,36.71150220336914,36.29493584858067,36.362422943115234,95896400
2017-10-23,36.51137322446907,36.69754959082178,36.18789316395103,36.343814849853516,87937200
2017-10-24,36.37172829609713,36.634702461664304,36.35078439380002,36.56023406982422,71028800
2017-10-25,36.51602943493808,36.66496982118057,36.134369473253024,36.3996696472168,84828400
2017-10-26,36.59049769867019,36.730130863756074,36.485774600365225,36.632389068603516,68002000
2017-10-27,37.069888165313095,38.07291220866558,36.9325845104359,37.944915771484375,177816800
2017-10-30,38.14039934956485,39.113168722330684,38.100837460026646,38.79899597167969,178803200
2017-10-31,39.073612806807134,39.480872037882925,38.85020401718745,39.33891296386719,144187200
2017-11-01,39.532072978746015,39.548365053447924,38.5406888698743,38.83856964111328,134551200
2017-11-02,38.77106572888228,39.21323130839192,38.46387431918874,39.12247085571289,165573600
2017-11-03,40.4931985606318,40.553704360574216,39.822965172267914,40.14411926269531,237594400
2017-11-06,40.11387005611356,40.723597727661854,39.962603760125596,40.55138397216797,140105200
2017-11-07,40.47225170238434,40.78409500021298,40.40010922090348,40.681697845458984,97446000
2017-11-08,40.64679852481168,41.014495849609375,40.57000064516862,41.014495849609375,97638000
2017-11-09,40.75151481626194,40.9819084167544,40.293057083101544,40.93070983886719,117930400
2017-11-10,40.8980228578541,40.9610840243685,40.701836521792075,40.795257568359375,100582000
2017-11-13,40.52198417452118,40.75554027927347,40.49862713853262,40.63175582885742,67928400
2017-11-14,40.41455419847325,40.51731947358667,39.98013962153816,40.01750946044922,99130000
2017-11-15,39.69753460722504,39.77928067598578,39.32618122606682,39.48966979980469,116632400
2017-11-16,39.98014528654126,40.14129962136904,39.77461827097618,39.961463928222656,94550000
2017-11-17,39.947454585894526,40.0292006889921,39.62047730107447,39.73958969116211,87598000
2017-11-20,39.77227289530339,39.83533404998422,39.60177791360881,39.69987106323242,65049600
2017-11-21,39.88671932640713,40.56870286213054,39.88671932640713,40.43791198730469,100525200
2017-11-22,40.48929245518663,40.87232438112121,40.41689062220264,40.86298370361328,102355600
2017-11-24,40.89568173709738,40.98910276803519,40.790578622562485,40.865318298339844,56106800
2017-11-27,40.88399400801354,40.89100040556646,40.484611528581425,40.6597785949707,82867200
2017-11-28,40.70883524443442,40.84196038887473,40.13895770201275,40.42156219482422,105715200
2017-11-29,40.31879179469024,40.386521497492396,39.041239607375275,39.58308792114258,166665600
2017-11-30,39.80496675026274,40.20434927278445,39.34019236478628,40.136619567871094,166108800
2017-12-01,39.692854953731334,40.09457169512323,39.35419935159291,39.94976806640625,159037200
2017-12-04,40.28375021630636,40.31644792376654,39.618117550770556,39.65782165527344,130169600
2017-12-05,39.48499753144079,40.05954716131824,39.33084963515859,39.620460510253906,109400800
2017-12-06,39.120643974908816,39.7512446874194,38.87774721620376,39.47331237792969,114240000
2017-12-07,39.47799730892554,39.807312348742876,39.44997171022931,39.54573059082031,102693200
2017-12-08,39.81898119319847,39.93809352249656,39.428942929726325,39.557395935058594,93420800
2017-12-11,39.51769265176879,40.379515258115376,39.42193379244509,40.32813262939453,141095200
2017-12-12,40.20668875490006,40.26274351240947,40.045538009155386,40.10158920288086,77636800
2017-12-13,40.288431418755565,40.53132821982413,40.171653356672216,40.23471450805664,95273600
2017-12-14,40.26507611326917,40.43557465717094,40.08990901260741,40.22303771972656,81906000
2017-12-15,40.552347608549645,40.67846633705121,40.27908739364348,40.63175582885742,160677200
2017-12-18,40.84429699209072,41.38614535836451,40.83962487164989,41.20397186279297,117684400
2017-12-19,40.879317258011945,40.9633975829064,40.659773989466274,40.76487350463867,109745600
2017-12-20,40.84195901091509,40.97041559422269,40.46359922352152,40.72051239013672,93902400
2017-12-21,40.678470385039326,41.11055064734147,40.66212330924727,40.874656677246094,83799600
2017-12-22,40.79758272735407,40.97041554503167,40.75554433493134,40.874656677246094,65397600
2017-12-26,39.89139010250902,40.04787229131358,39.62980479789167,39.83767318725586,132742000
2017-12-27,39.72789890711573,39.8867153639745,39.636812159497616,39.84467697143555,85992800
2017-12-28,39.93809837655512,40.136622513297105,39.81664819065001,39.956783294677734,65920800
2017-12-29,39.82599339127674,39.8423404676631,39.52236970108952,39.52470397949219,103999600
2018-01-02,39.74191791945546,40.24172797035305,39.53171523253815,40.232383728027344,102223600
2018-01-03,40.29543986802562,40.767224260711025,40.16231472364331,40.225372314453125,118071600
2018-01-04,40.29776859795569,40.514977627745246,40.19033478588271,40.41221237182617,89738400
2018-01-05,40.50797887656705,40.95874053156003,40.41689212140461,40.8723258972168,94640000
2018-01-08,40.72051239013672,41.0147918288002,40.622415680131866,40.72051239013672,82271200
2018-01-09,40.767222018194126,40.886334358066584,40.500968180291736,40.71583938598633,86336000
2018-01-10,40.44257360333201,40.70882740472124,40.40520377343591,40.70648956298828,95839600
2018-01-11,40.77656694044623,40.98676961148585,40.753213463964485,40.937721252441406,74670800
2018-01-12,41.147917623904476,41.42351571282372,41.024133159050905,41.36045455932617,101672400
2018-01-16,41.54963226482539,41.897632166104536,41.13857477715793,41.15025329589844,118263600
2018-01-17,41.14090924173439,41.86493464152241,40.88867176747151,41.82990264892578,137547200
2018-01-18,41.8929741918225,42.0634727826822,41.63139238986812,41.86728286743164,124773600
2018-01-19,41.715467180242186,41.9420169476055,41.43520049226432,41.68043518066406,129700400
2018-01-22,41.4094993089481,41.52160524468248,41.24601074354723,41.33943176269531,108434400
2018-01-23,41.40951228927758,41.90932238233677,41.297406318402174,41.348785400390625,130756400
2018-01-24,41.39782603750043,41.40950455731997,40.45192295265972,40.69015121459961,204420400
2018-01-25,40.757888117792795,40.860653408279866,39.828335509469404,39.96379852294922,166116000
2018-01-26,40.171660448294,40.171660448294,39.71856091721823,40.05721664428711,156572000
2018-01-29,39.74191887120787,39.74191887120787,39.02023115887901,39.22809600830078,202561600
2018-01-30,38.66054672904738,39.09028916200144,38.4666947094055,38.99686813354492,184192800
2018-01-31,38.97351439091905,39.34019926438187,38.88709975409863,39.104305267333984,129915600
2018-02-01,39.043577220693535,39.38223289119997,38.94781835356621,39.1860466003418,188923200
2018-02-02,38.77031058908623,38.9571561721517,37.3923310960717,37.48575210571289,346375200
2018-02-05,37.15878751717038,38.27518570798291,36.434761975477315,36.5492057800293,290954000
2018-02-06,36.16148950479251,38.23780298295915,35.96763752424812,38.0766487121582,272975200
2018-02-07,38.09066824510716,38.163070074933216,37.151775171913954,37.26154327392578,206434400
2018-02-08,37.43671114354451,37.60253756671725,36.208207161904596,36.23623275756836,217562000
2018-02-09,36.8342311855885,37.02652618717998,35.23253859813122,36.6794548034668,282690400
2018-02-12,37.16959335436672,38.433593893757994,36.93742867550554,38.15687561035156,243278000
2018-02-13,37.97862960348866,38.63525375165295,37.90827637720075,38.53910446166992,130196800
2018-02-14,38.234250078417645,39.28953793684467,38.196731451859186,39.249671936035156,162579600
2018-02-15,39.81717442105685,40.59105275486671,39.63191438389785,40.567604064941406,204588800
2018-02-16,40.419861757422765,40.99675390725299,40.2815026814743,40.436275482177734,160704400
2018-02-20,40.34716340675717,40.86542487019202,40.19942199726563,40.300262451171875,135722000
2018-02-21,40.53008500542689,40.832599250578035,40.10327802296101,40.11735153198242,149886400
2018-02-22,40.28853879540828,40.79273036100625,40.267433900844,40.452693939208984,123967600
2018-02-23,40.727061180375976,41.191386671149125,40.696573952461684,41.156211853027344,135249600
2018-02-26,41.35555229219334,42.06845615928356,41.32272126367563,41.96996307373047,152648800
2018-02-27,42.00044490832769,42.32406398260265,41.780006497336466,41.83394241333008,155712400
2018-02-28,42.037969282526205,42.35690081010692,41.75421615757141,41.7706298828125,151128400
2018-03-01,41.86912912796917,42.15992083887436,40.49022213739476,41.038970947265625,195208000
2018-03-02,40.52305269157681,41.34383210081118,40.44097331932767,41.32272720336914,153816000
2018-03-05,41.0882045515956,41.68151031825082,40.926393237359996,41.465763092041016,113605600
2018-03-06,41.72138323820596,41.80111522190971,41.30395864315268,41.43059158325195,95154000
2018-03-07,41.02490035167319,41.23830385594145,40.867780151986494,41.04600524902344,126814000
2018-03-08,41.15152794699737,41.53612153235945,41.05538223439218,41.49391174316406,95096400
2018-03-09,41.73311327128927,42.21150879652509,41.59944177584291,42.206817626953125,128740800
2018-03-12,42.27950792605273,42.77197688165048,42.26075040737717,42.6148567199707,128828400
2018-03-13,42.8188823717897,43.03228584704719,42.03328148015338,42.204471588134766,126774000
2018-03-14,42.28654947219528,42.333450428842454,41.69793119458534,41.845672607421875,117473600
2018-03-15,41.8597302777262,42.26777599551673,41.7588934293811,41.89490509033203,90975200
2018-03-16,41.894918778246705,42.00513799817259,41.65337544393605,41.7471809387207,157618800
2018-03-19,41.58302954525192,41.61820437252176,40.72472797672701,41.10932159423828,133787200
2018-03-20,41.095237731933594,41.46107012477809,41.02488452292977,41.095237731933594,78597600
2018-03-21,41.0483511935547,41.06007732991229,40.16190967530038,40.16425704956055,148219600
2018-03-22,39.86643544579068,40.49491635758024,39.53812505579835,39.59675216674805,165963200
2018-03-23,39.48887827668077,39.84767592367951,38.67982482910156,38.67982482910156,164115200
2018-03-26,39.413829131964945,40.593406116445934,39.0315792888296,40.51601791381836,150164800
2018-03-27,40.72941630380633,41.07414393053354,39.1441408426636,39.477142333984375,163690400
2018-03-28,39.221523214294066,39.87111237349299,38.73843656517135,39.040950775146484,166674000
2018-03-29,39.35285253138467,40.276816164694516,39.13944903672395,39.34581756591797,153594000
2018-04-02,39.07847753168714,39.61784753834901,38.56959476044656,39.08785629272461,150347200
2018-04-03,39.31297982072446,39.57328423348167,38.6657380601208,39.488861083984375,121112000
2018-04-04,38.66572912782608,40.337770851033476,38.63993307204132,40.24396896362305,138422000
2018-04-05,40.47144484197435,40.85838212475716,40.35419068618406,40.52303695678711,107732800
2018-04-06,40.09389078098584,40.447997082703736,39.44430168365907,39.486515045166016,140021200
2018-04-09,39.8382773227664,40.59104707856743,39.83124235894121,39.878143310546875,116070800
2018-04-10,40.56994727989296,40.80445564567269,40.22521969593166,40.62857437133789,113634400
2018-04-11,40.38937319172964,40.78569288629012,40.26508404919231,40.438621520996094,89726400
2018-04-12,40.66610159129438,41.03896908014141,40.57933105198561,40.8372917175293,91557200
2018-04-13,40.98736547537979,41.23594373170507,40.769274446898855,40.97563934326172,100497200
2018-04-16,41.04599100081229,41.31802151105579,40.99909005243207,41.23125457763672,86313600
2018-04-17,41.388377501912366,41.96292220935366,41.36961640563792,41.79876708984375,106421600
2018-04-18,41.697928719918146,41.93478444114706,41.47983767421081,41.70496368408203,83018000
2018-04-19,40.74816293204926,41.13041262498573,40.49020593629834,40.52303695678711,139235200
2018-04-20,40.00712620479609,40.152520237693295,38.79471487839581,38.86272430419922,261964400
2018-04-23,39.12302762705238,39.144132519307874,38.48047347353814,38.750160217285156,146062000
2018-04-24,38.85099935886724,39.00577573441421,37.80743787824953,38.210792541503906,134768000
2018-04-25,38.135749302540106,38.792373442463585,38.08650454957621,38.37729263305664,113528400
2018-04-26,38.48751117244882,38.86506977787231,38.311629901195275,38.510963439941406,111852000
2018-04-27,38.45936379350475,38.536751967120935,37.66907191427153,38.065391540527344,142623200
2018-04-30,38.02084726576304,39.22387290010459,37.95283782728673,38.75485610961914,169709600
2018-05-01,39.02453693116686,39.67881367917698,38.75719754468878,39.655364990234375,214277600
2018-05-02,41.092887361546026,41.68384926443773,40.757542218668306,41.40713119506836,266157600
2018-05-03,41.245325612786026,41.6252279566826,40.90763305007214,41.482177734375,136272800
2018-05-04,41.80111545913781,43.20816562887036,41.78235436081041,43.10967254638672,224805200
2018-05-07,43.42625741514392,44.01018453355884,43.32542053554756,43.42156982421875,169805600
2018-05-08,43.381708846718794,43.67015316776499,43.07215605081431,43.630287170410156,113611200
2018-05-09,43.74753734783236,43.946867316294885,43.43564078484701,43.9374885559082,92844800
2018-05-10,44.026601189625815,44.643355748706455,44.00549271751808,44.56596755981445,111957200
2018-05-11,44.60835798004459,44.742541363671066,44.128114015633976,44.396484375,104848800
2018-05-14,44.49533983182012,44.61775540501517,44.22461674459871,44.292884826660156,83115200
2018-05-15,43.97037070032419,44.03864237453886,43.57487920653091,43.89033126831055,94780800
2018-05-16,43.80323241533357,44.365868491092186,43.786751806031575,44.299949645996094,76732400
2018-05-17,44.2575675194664,44.47179384137474,43.871491010321456,44.01980209350586,69176000
2018-05-18,44.06689404605473,44.21284873798185,43.81735721452309,43.8597297668457,73190800
2018-05-21,44.25758417828784,44.556559289964575,44.000985217233485,44.17048263549805,73603200
2018-05-22,44.34702957496204,44.46473588249332,43.97036795401736,44.0598258972168,60962800
2018-05-23,43.869148982230094,44.375284745399135,43.730252788035145,44.34232711791992,80233600
2018-05-24,44.43884309966214,44.455320115837665,43.83618734256598,44.292884826660156,92936000
2018-05-25,44.31171578071335,44.64600126495954,44.17517603214325,44.39411163330078,69844000
2018-05-29,44.16341076203586,44.43413384930617,43.99155695605987,44.234031677246094,90056400
2018-05-30,44.191656938573345,44.25757218424479,43.97036850291428,44.13986587524414,74762000
2018-05-31,44.07396922164299,44.311734772962694,43.81972305589754,43.991573333740234,109931200
2018-06-01,44.25522977936332,44.78961396182632,44.198729444569345,44.784908294677734,93770000
2018-06-04,45.11447360388858,45.53350777316066,45.04620552575139,45.159202575683594,105064800
2018-06-05,45.451121214441805,45.65592906665708,45.28397665552099,45.50761795043945,86264000
2018-06-06,45.58295196713627,45.6888869398152,45.18039476042203,45.66534423828125,83734400
2018-06-07,45.70302095723401,45.71714514434853,45.279277383234806,45.54294204711914,85388800
2018-06-08,45.003828861818356,45.19922176194681,44.67425263998206,45.128597259521484,106627200
2018-06-11,45.04621918925717,45.19217390602885,44.77784886919592,45.017967224121094,73234000
2018-06-12,45.05563862309138,45.342842417934506,44.999138279280096,45.26515579223633,67644400
2018-06-13,45.29809464432641,45.40638602703127,44.83197867553465,44.893184661865234,86553600
2018-06-14,45.093296099183995,45.09800535821275,44.78019682784647,44.9167366027832,86440400
2018-06-15,44.73546772189716,44.766072517330024,44.31878630576844,44.455326080322266,246876800
2018-06-18,44.22932676017291,44.54477882716092,44.06924430139088,44.43178176879883,73939600
2018-06-19,43.584286548406695,43.86442810382712,43.18643869858178,43.71376419067383,134314000
2018-06-20,43.869146633345196,44.06924522085797,43.72318835479916,43.904457092285156,82514800
2018-06-21,44.08101301559192,44.33996833397004,43.53721043910938,43.65962600708008,102847600
2018-06-22,43.814995646030056,43.822057737254866,43.48071015698018,43.532501220703125,108801600
2018-06-25,43.17468845592623,43.53251677162518,42.546136967603,42.8851318359375,126652400
2018-06-26,43.07816499818118,43.911524254395744,42.972226424905315,43.41715621948242,98276800
2018-06-27,43.60548157163157,44.08807819397724,43.32298712678173,43.35359191894531,101141200
2018-06-28,43.33947959489621,43.836200536589885,43.268855066330175,43.6690559387207,69460800
2018-06-29,43.85500986376897,44.06688335029261,43.059317751239284,43.57722473144531,90950800
2018-07-02,43.273550265473915,44.092785191156864,43.17938306061224,44.06453323364258,70925200
2018-07-03,44.20814210255842,44.24580899048829,43.20763829163599,43.297096252441406,55819200
2018-07-05,43.61254255857638,43.88326923845472,43.38183918687277,43.64550018310547,66416800
2018-07-06,43.65021202345311,44.358802788798194,43.59842095439938,44.25051498413086,69940800
2018-07-09,44.610702151290674,44.88848738506367,44.56362033446113,44.86494827270508,79026400
2018-07-10,44.89554351943175,45.029726848456654,44.77077152281335,44.810794830322266,63756400
2018-07-11,44.375286670796754,44.67661458999871,44.16576954584989,44.229331970214844,75326000
2018-07-12,44.617752053768506,45.06032891369283,44.56596099177262,44.97087097167969,72164400
2018-07-13,44.982654551959264,45.16156689252232,44.94027840238948,45.041507720947266,50055600
2018-07-16,45.086228803977875,45.35224263855551,44.82727346896064,44.942626953125,60172400
2018-07-17,44.66955094745963,45.16862462279862,44.54007326976923,45.06975173950195,62138000
2018-07-18,45.14743759156633,45.152146850343286,44.71192275355339,44.822566986083984,65573600
2018-07-19,44.6554205182641,45.328700755988756,44.6554205182641,45.17097473144531,81147200
2018-07-20,45.14744515273674,45.30046196355085,44.768430580235005,45.067405700683594,82704800
2018-07-23,44.88848622384331,45.189817746404486,44.62482518272859,45.107421875,63957600
2018-07-24,45.305168915828304,45.59001983518572,45.211005281986324,45.43464660644531,74791600
2018-07-25,45.44876198544905,45.87015260670079,45.300450878380246,45.86309051513672,66839600
2018-07-26,45.81366513737899,46.131473715385816,45.578252440222144,45.71950149536133,76304000
2018-07-27,45.903113461401674,45.95019527251233,44.751945758003224,44.9591064453125,96096000
2018-07-30,45.17568319996303,45.246307708854594,44.50946860426177,44.70721435546875,84118000
2018-07-31,44.799021616765586,45.23217996880992,44.57302392450554,44.79666519165039,157492000
2018-08-01,46.877726800083444,47.496859688442385,46.449274010313836,47.43565368652344,271742800
2018-08-02,47.21907903570609,49.05529878452193,47.164935121370654,48.82223892211914,249616000
2018-08-03,48.73748036513408,49.140037574875436,48.37259004128553,48.963478088378906,133789600
2018-08-06,48.9658343850344,49.260100216675234,48.74690233050748,49.21772766113281,101701600
2018-08-07,49.27657299747852,49.318945546288,48.67391365266562,48.756309509277344,102349600
2018-08-08,48.50677405071217,48.921098994216976,48.14659300734389,48.789268493652344,90102000
2018-08-09,49.32600948331823,49.384862642496735,48.77749760872117,49.17299270629883,93970400
2018-08-10,48.98637876656086,49.39743474598381,48.823373747053296,49.02653884887695,98444800
2018-08-13,49.447027835372424,49.834458423570865,49.06668410634087,49.343082427978516,103563600
2018-08-14,49.647830530631445,49.74232438693092,49.19897570143508,49.55097198486328,82992000
2018-08-15,49.42576875498392,49.78485191739147,49.21551684900846,49.66673278808594,115230400
2018-08-16,50.02345234024838,50.510102586734064,49.95730591478682,50.39434814453125,114001600
2018-08-17,50.42269622366473,51.48812950883822,50.35654979736229,51.40072250366211,141708000
2018-08-20,51.523575131826234,51.77870932595863,50.817221310825,50.899906158447266,121150800
2018-08-21,51.21645993387259,51.308592719080146,50.56207888756199,50.80067825317383,104639200
2018-08-22,50.57862531376805,51.11252261462643,50.5172010440877,50.80305099487305,76072400
2018-08-23,50.708539549833304,51.27551351969438,50.696730520954475,50.906982421875,75532800
2018-08-24,51.16921107177788,51.24007966949176,50.81721474938912,51.06526565551758,73905600
2018-08-27,51.2991447207412,51.674766352324625,51.10543119176735,51.485774993896484,82100400
2018-08-28,51.73853389204528,52.09997809862449,51.71727331629577,51.90153884887695,91107200
2018-08-29,52.007844611110635,52.79688303461885,51.83303062887083,52.67639923095703,109019200
2018-08-30,52.740194102199645,53.92374654449071,52.5393901295794,53.16069793701172,195175200
2018-08-31,53.51032829361586,54.067850745143865,53.38984807574226,53.77491760253906,173360400
2018-09-04,53.95918507117456,54.14108594690396,53.53868123150636,53.94737243652344,109560400
2018-09-05,54.09621419473242,54.25685452207199,53.17724727411682,53.59538650512695,133332000
2018-09-06,53.444192603882854,53.708781965959,52.27953944967642,52.704769134521484,137160000
2018-09-07,52.40946516440661,53.2410213353136,52.140153662691596,52.27953338623047,150479200
2018-09-10,52.19685460431092,52.40947124911387,51.13850797001308,51.577911376953125,158066000
2018-09-11,51.5023121086548,52.98825308112941,51.15976728379987,52.8819465637207,142996000
2018-09-12,53.139433921586026,53.15360764020319,51.93461737319087,52.22519302368164,197114800
2018-09-13,52.80397734684011,53.9450085851955,52.57955171881712,53.4867057800293,166825600
2018-09-14,53.330789785670724,53.588288636449,52.56774117812255,52.879573822021484,127997200
2018-09-17,52.48031892002024,52.66931021620188,51.32747886225964,51.47158432006836,148780400
2018-09-18,51.45033432804287,52.40946478981779,51.292055110199634,51.556644439697266,126286800
2018-09-19,51.61806106604274,51.88264677017388,50.86209933658958,51.58734893798828,108495200
2018-09-20,52.02911143351757,52.51103585851095,51.7716090115553,51.97949981689453,106435200
2018-09-21,52.15668660065999,52.29370523412945,51.332213714764634,51.41962432861328,384986800
2018-09-24,51.22117980915976,52.27007462582272,51.17629396428062,52.15904235839844,110773600
2018-09-25,51.91335471262328,52.638607860257046,51.9015420793463,52.489776611328125,98217600
2018-09-26,52.20865864637607,52.85831390102555,51.91572188840217,52.07164001464844,95938800
2018-09-27,52.8748569192973,53.49380009871501,52.80870688036114,53.14180374145508,120724800
2018-09-28,53.10400092790325,53.35205184075627,52.92210004922642,53.32843017578125,91717600
2018-10-01,53.85052409033559,54.19779470761167,53.472544942795494,53.68751907348633,94403200
2018-10-02,53.68515137317123,54.33480667031632,53.53868478695852,54.16471481323242,99152800
2018-10-03,54.34661210049897,55.15454651217673,54.28282676137159,54.823814392089844,114619200
2018-10-04,54.51907334874778,54.88996920159424,53.562307534511866,53.85997009277344,128168000
2018-10-05,53.85287945813357,53.95918596232943,52.10943981236538,52.98588180541992,134322000
2018-10-08,52.49450599592842,53.1063622318355,52.01966478038702,52.863037109375,118655600
2018-10-09,52.83233774084261,53.689883995953785,52.503966620229605,53.59538650512695,107564000
2018-10-10,53.26228031441347,53.47253222410703,51.03927739644141,51.112510681152344,167962400
2018-10-11,50.67782380599956,51.854289128619605,50.15810044455887,50.661285400390625,212497600
2018-10-12,52.071642947462294,52.652790721334746,51.22590944484672,52.47088623046875,161351600
2018-10-15,52.24645722479021,52.4047364348411,51.32749048871511,51.348751068115234,123164000
2018-10-16,51.71965892360203,52.678789628235364,51.2070221496681,52.4803466796875,116736000
2018-10-17,52.51576847933284,52.59608862651848,51.816501609567986,52.253543853759766,91541600
2018-10-18,51.46686978304842,51.9109988853349,50.31875164361143,51.03219223022461,130325200
2018-10-19,51.51411986825671,52.27008165957751,51.36528859514771,51.809417724609375,132314800
2018-10-22,51.9228076917488,52.76618004452115,51.72200732540533,52.125972747802734,115168400
2018-10-23,50.98731991789476,52.74020791873141,50.720369447710155,52.61736297607422,155071200
2018-10-24,52.58664816384448,52.97171415000343,50.682564396539085,50.812496185302734,163702000
2018-10-25,51.43143001575748,52.29842394420903,51.20463971399698,51.925167083740234,119423200
2018-10-26,51.003845416593705,52.017309700274836,50.24079674850228,51.09834289550781,189033600
2018-10-29,51.781068877806405,51.899188017139984,48.68634598538271,50.13921356201172,183742000
2018-10-30,49.88171486371628,50.83375491022731,49.43758931750265,50.38962936401367,146640000
2018-10-31,51.23535517923457,52.07872389622704,51.17393092438422,51.70310592651367,153435600
2018-11-01,51.74798949726561,52.52993752973202,51.21881451840618,52.496864318847656,233292800
2018-11-02,49.5037205114181,50.47229506603925,48.530416578293796,49.014705657958984,365314800
2018-11-05,48.26347923934601,48.28473981849687,46.81533749201692,47.62327194213867,264654800
2018-11-06,47.701232888220325,48.36270079071048,47.64689909334055,48.138275146484375,127531600
2018-11-07,48.6580010661063,49.62421481077782,48.22332347597132,49.598228454589844,133697600
2018-11-08,49.77839945640611,49.81158807286182,49.01268833706429,49.42517852783203,101450400
2018-11-09,48.72819589386814,48.837242614372975,47.945888947777135,48.47216796875,137463200
2018-11-12,47.17544617439907,47.376950783365466,45.940348730689024,46.030433654785156,204542000
2018-11-13,45.42829458759235,46.743988758610655,45.38562145044577,45.57052993774414,187531600
2018-11-14,45.966421139033315,46.10391783458197,44.07703256697884,44.28327941894531,243204000
2018-11-15,44.6602144819987,45.50889886088742,44.3069899736933,45.37614440917969,185915200
2018-11-16,45.1604162701442,46.22008616964554,44.91387280704754,45.87871551513672,147713200
2018-11-19,45.041890449513616,45.20783353297529,43.854208219357986,44.06045150756836,167701200
2018-11-20,42.28485054583868,43.019745978740524,41.60685143343039,41.9553337097168,271300800
2018-11-21,42.60725469548126,42.73527050896908,41.85339745914007,41.907920837402344,124496800
2018-11-23,41.47171992481934,41.865244596069026,40.798463202121155,40.843502044677734,94496000
2018-11-26,41.30577365457601,41.47408601348081,40.362262246396874,41.39585494995117,179994000
2018-11-27,40.65859891607065,41.43142518724016,40.50925196099607,41.305782318115234,165549600
2018-11-28,41.89606894584748,42.977073736920254,41.46935557640088,42.89410400390625,184250000
2018-11-29,43.30184364075627,43.335032251064035,42.12601187203321,42.564579010009766,167080000
2018-11-30,42.74001168122408,42.74949621026611,41.96718895954499,42.33463668823242,158126000
2018-12-03,43.7285573355553,43.84234634091446,42.95810408732895,43.813899993896484,163210000
2018-12-04,42.89645874139606,43.23782932087698,41.78700797536975,41.886573791503906,165377200
2018-12-06,40.71786790117009,41.43379791374435,40.40020490851023,41.41957473754883,172393600
2018-12-07,41.12798947795305,41.36505206470577,39.89763407394036,39.94267654418945,169126400
2018-12-10,39.115328775609974,40.32197653453872,38.71943466995566,40.20581817626953,248104000
2018-12-11,40.694152095656555,40.7249677627777,39.58943991025158,39.975852966308594,189126800
2018-12-12,40.39546255109676,40.75579868880228,40.068318647488375,40.087284088134766,142510800
2018-12-13,40.416786406967034,40.90987683469424,40.193947081069616,40.52583312988281,127594400
2018-12-14,40.06356023943796,40.08252567244225,39.18168749981416,39.22909927368164,162814800
2018-12-17,39.22199972246695,39.909483314980214,38.57718927162782,38.864036560058594,177151600
2018-12-18,39.20541046417102,39.7150935619969,38.97071720878755,39.36898422241211,135366000
2018-12-19,39.35238091263852,39.69612086582762,37.714277923367106,38.1409912109375,196189200
2018-12-20,38.024831626332364,38.43021017900651,36.81581479001181,37.17852020263672,259092000
2018-12-21,37.185619812707245,37.49380175233447,35.471659138694456,35.732425689697266,382978400
2018-12-24,35.12082020348033,35.926835155569904,34.751003152988105,34.807899475097656,148676800
2018-12-26,35.156370059261675,37.27333648323871,34.78181086894606,37.25911331176758,234330000
2018-12-27,36.943818486543655,37.16428848868173,35.575970489882636,37.01730728149414,212468400
2018-12-28,37.33735588609049,37.57916072752673,36.63802200723716,37.036285400390625,169165600
2018-12-31,37.5815191228161,37.778281438629776,37.095540257713566,37.39424133300781,140014000
2019-01-02,36.71860965250056,37.65737872294249,36.56214753787914,37.43690872192383,148158800
2019-01-03,34.132264253567534,34.54475438454186,33.66288142679495,33.707923889160156,365248800
2019-01-04,34.262650244247524,35.21564271315385,34.0895955946681,35.14689254760742,234428400
2019-01-07,35.25120374411971,35.28202303602157,34.58742781885169,35.06866455078125,219111200
2019-01-08,35.45507379403959,35.990837462958424,35.2085303378544,35.737178802490234,164101200
2019-01-09,35.86519915512934,36.63328328119753,35.47167798834808,36.34406661987305,180396400
2019-01-10,36.15203452087651,36.50051671678858,35.763252130392665,36.4602165222168,143122800
2019-01-11,36.24211877976571,36.436508162841335,35.91734067151202,36.10224914550781,108092800
2019-01-14,35.7608918481196,35.860457698224735,35.37447868293772,35.55938720703125,129756800
2019-01-15,35.623390725952945,36.363024731160756,35.5712366750947,36.287166595458984,114843600
2019-01-16,36.289524764426844,36.95330042990781,36.27055933200894,36.73046112060547,122278800
2019-01-17,36.555041764917604,37.37527971845507,36.33220240574262,36.94856643676758,119284800
2019-01-18,37.33735590651915,37.42744084338128,36.97701977635849,37.17615509033203,135004000
2019-01-22,37.0789469631182,37.154805083090615,36.18047805104972,36.34168243408203,121576000
2019-01-23,36.54318990699627,36.7778831290405,35.96238739453365,36.48866653442383,92522400
2019-01-24,36.53371436735213,36.62142636446528,35.97187720999421,36.19945526123047,101766000
2019-01-25,36.85848448845611,37.48670242020263,36.58349467789878,37.39898681640625,134142000
2019-01-28,36.93196370450961,37.05997947471733,36.427023060851354,37.0528678894043,104768400
2019-01-29,37.041028491557945,37.48670730390051,36.53371471002909,36.66883850097656,166348800
2019-01-30,38.70045460226316,39.38793443159078,37.98452481209461,39.17457962036133,244439200
2019-01-31,39.378464472826245,40.06357516979574,39.01101675816641,39.456695556640625,162958400
2019-02-01,39.5799703464604,40.058834158429015,39.33579255869984,39.47566223144531,130672400
2019-02-04,39.68664264479774,40.6941584894352,39.65582335554743,40.596961975097656,125982000
2019-02-05,40.9786252386463,41.504904295289336,40.85772466190439,41.29154586791992,144406400
2019-02-06,41.402975219897854,41.6210759612757,40.97626549992744,41.305782318115234,112958400
2019-02-07,40.86958496796045,41.23466334560738,40.381236660330636,40.523475646972656,126966800
2019-02-08,40.23300342725837,40.630595236659246,40.09729654588435,40.571075439453125,95280000
2019-02-11,40.723451736055644,40.76154528352861,40.29490840898636,40.33776092529297,83973600
2019-02-12,40.497290350510035,40.71156026721677,40.40205645090563,40.68537139892578,89134000
2019-02-13,40.80441593407917,41.06392153006669,40.45443903083637,40.51633834838867,89960800
2019-02-14,40.40445005620117,40.77347016044473,40.325883430935605,40.66395568847656,87342800
2019-02-15,40.77107731063168,40.87821226167595,40.41395838528309,40.57347106933594,98507200
2019-02-19,40.404431905407954,40.81630799877144,40.35205417876045,40.69488525390625,75891200
2019-02-20,40.75678995456549,41.26389995148661,40.70917482812812,40.9567756652832,104457600
2019-02-21,40.90201766804449,41.03772095743167,40.54489877740289,40.72583770751953,68998800
2019-02-22,40.84963111052149,41.18770315131881,40.802015995288144,41.18056106567383,75652800
2019-02-25,41.463889012500914,41.8710025541568,41.413890764380966,41.480552673339844,87493600
2019-02-26,41.35674460959103,41.73528971312466,41.22817979112253,41.50435256958008,68280800
2019-02-27,41.23772183367156,41.66388223062613,41.12344114107852,41.632930755615234,111341600
2019-02-28,41.501990460612625,41.64245639313976,41.1686772196439,41.22343444824219,112861600
2019-03-01,41.49245537237755,41.699583177214194,41.16152532850225,41.65673065185547,103544800
2019-03-04,41.82814027721426,42.31858290715454,41.41864371317076,41.866233825683594,109744800
2019-03-05,41.8876638710685,41.90194804483561,41.554350741031215,41.7900505065918,78949600
2019-03-06,41.58530149826311,41.780528223893675,41.41150466571953,41.549591064453125,83241600
2019-03-07,41.39483960253065,41.53054652391406,40.95439515303267,41.06867218017578,99185600
2019-03-08,40.54965828818608,41.20437620444497,40.35443156577534,41.166282653808594,95997600
2019-03-11,41.78052922098767,42.64475443502301,41.747198271035906,42.592376708984375,128044000
2019-03-12,42.85426983773272,43.48994107105625,42.70427873080419,43.0709228515625,129870400
2019-03-13,43.38994808203721,43.63993204857632,43.07330220879454,43.26138687133789,124130000
2019-03-14,43.78277116143453,43.83038991608697,43.46374584894839,43.7422981262207,94318000
2019-03-15,44.008966930642686,44.59940266966172,43.744698721062,44.31132507324219,156171600
2019-03-18,44.235127988769825,44.85175241081099,44.23274487113642,44.76366424560547,104879200
2019-03-19,44.84223009997764,44.99460068115345,44.263695608787415,44.4089241027832,126585600
2019-03-20,44.337498406840204,45.11363909902574,43.98037952623001,44.796993255615234,124140800
2019-03-21,45.23982042355803,46.74209992048173,45.18982218227039,46.44688034057617,204136800
2019-03-22,46.50638928046265,47.06587684425125,45.42074872781775,45.48503112792969,169630800
2019-03-25,45.59455455525224,45.706452090174984,44.42558823212463,44.93507766723633,175381200
2019-03-26,45.63027370922542,45.920730708925866,43.944672043567564,44.4708251953125,199202000
2019-03-27,44.937458102492236,45.17791683539124,44.413684482957166,44.87079620361328,119393600
2019-03-28,44.98507413606459,45.13030262573335,44.647002032678536,44.93031692504883,83121600
2019-03-29,45.19458000126423,45.25409980788769,44.887455764718766,45.223148345947266,94256000
2019-04-01,45.6255113221176,45.63503289451936,44.849374206925575,45.53028106689453,111448000
2019-04-02,45.494557042435,46.29688647998632,45.48503547211655,46.19213104248047,91062800
2019-04-03,46.00881357119078,46.78257110861055,45.98500419384211,46.50878143310547,93087200
2019-04-04,46.375467194501724,46.75163294022202,45.98263778613916,46.58974075317383,76457200
2019-04-05,46.7706708206856,46.92542452241121,46.64686858586537,46.901615142822266,74106400
2019-04-08,46.763526343275984,47.67060771411414,46.74447956713856,47.6396598815918,103526800
2019-04-09,47.692037644042145,48.294377862741904,47.432528497673395,47.49681091308594,143072800
2019-04-10,47.30158392300267,47.792030232425006,47.1825442973062,47.763458251953125,86781200
2019-04-11,47.81822808652252,47.85393852782556,47.24445611090851,47.365875244140625,83603200
2019-04-12,47.4253988853828,47.64919402303287,46.713544057566324,47.346832275390625,111042800
2019-04-15,47.277779385224925,47.58014105940189,47.142072464719895,47.43252944946289,70146400
2019-04-16,47.48729225090989,47.94202089049343,47.27301873067345,47.437294006347656,102785600
2019-04-17,47.50633470465432,48.42056183866063,47.28492273304426,48.36104202270508,115627200
2019-04-18,48.35865966432395,48.60388101928682,48.21581428346865,48.53483963012695,96783200
2019-04-22,48.28962096019007,48.79196838798587,48.17296080479051,48.69435501098633,77758000
2019-04-23,48.67053652737033,49.460961335538265,48.54435482277016,49.39667892456055,93292000
2019-04-24,49.36811454468543,49.63476214823507,49.294310556760166,49.320499420166016,70162400
2019-04-25,49.24194080750497,49.46335280715113,48.83482361638554,48.87291717529297,74172800
2019-04-26,48.7824365865248,48.806245964505955,48.12057656602047,48.639591217041016,74596400
2019-04-29,48.66339973624621,49.03718592161168,48.53483853310215,48.71339797973633,88818800
2019-04-30,48.34437319932044,48.42531927458395,47.403960863567825,47.77536392211914,186139600
2019-05-01,49.96807847828328,51.260847173955064,49.813324772705464,50.12044906616211,259309200
2019-05-02,49.958548639197176,50.627550746312075,49.55143515858325,49.794273376464844,127985200
2019-05-03,50.20854358720607,50.434718196346275,50.051410376846924,50.413291931152344,83569600
2019-05-06,48.63721663178776,49.72047812954347,48.44913559082613,49.634769439697266,129772400
2019-05-07,49.01574935276211,49.38238974098722,47.81344860502053,48.296749114990234,155054800
2019-05-08,48.06820657125792,48.88719989942972,48.03249613134411,48.3062858581543,105358000
2019-05-09,47.711082484966774,48.01582364863785,46.82066837319086,47.787269592285156,139634400
2019-05-10,47.182612149934656,47.52437848755979,46.07128168416476,47.12525177001953,164834800
2019-05-13,44.86196762071345,45.28498816826159,43.700446219509786,44.3863639831543,229722400
2019-05-14,44.55126706777633,45.3375626885166,44.31227095065522,45.08900833129883,146118800
2019-05-15,44.51780472171754,45.827502333135364,44.458055696511366,45.62913513183594,106178800
2019-05-16,45.38775397079813,45.99958345378855,45.132026372240446,45.428382873535156,132125600
2019-05-17,44.675537722211125,45.62435249909056,44.63490882419049,45.17026138305664,131516400
2019-05-20,43.860563641976256,44.05893083512368,43.086214994281725,43.75779342651367,154449200
2019-05-21,44.26685249892783,44.93126128361247,44.14257352108455,44.5966682434082,113459200
2019-05-22,44.13301047771474,44.3839570539406,43.62872867766116,43.68369674682617,118994400
2019-05-23,42.97150099629786,43.14835578247127,42.4958974279958,42.93804168701172,146118800
2019-05-24,43.067100347137895,43.53075340614285,42.68948603770904,42.773136138916016,94858800
2019-05-28,42.76118322768103,43.16030629063083,42.519798471322034,42.596275329589844,111792800
2019-05-29,42.16368579728549,42.86394617150037,42.06330788653476,42.393123626708984,113924800
2019-05-30,42.529360302870096,42.835275055359716,42.22344555038047,42.61301040649414,84873600
2019-05-31,42.118285740184604,42.53892125066101,41.82193288157596,41.8410530090332,108174400
2019-06-03,41.96771001391318,42.52217898232048,40.6938605637744,41.41801834106445,161584400
2019-06-04,41.92947891959907,42.978671716588416,41.70960293183085,42.93326187133789,123872000
2019-06-05,44.04219341380124,44.211882220098055,43.29174593521329,43.626338958740234,119093600
2019-06-06,43.755413189421674,44.32661381084746,43.533144885731595,44.26686477661133,90105200
2019-06-07,44.575157115158966,45.86812677005471,44.39830235170156,45.44510269165039,122737600
2019-06-10,45.84183185281793,46.69265720892401,45.79642201974649,46.02585983276367,104883600
2019-06-11,46.57078842709645,46.843243883403765,46.26965460069102,46.558837890625,107731600
2019-06-12,46.35328797515427,46.836061067320955,46.21945075676128,46.410648345947266,73012800
2019-06-13,46.53254494248193,47.03204596994404,46.269651392297824,46.40109634399414,86698400
2019-06-14,45.77970385867657,46.26725429994497,45.48095873253902,46.064109802246094,75046000
2019-06-17,46.10234367212921,46.59467867410405,45.92787754991537,46.338951110839844,58676400
2019-06-18,46.85518660036521,47.86852774049729,46.65443074959841,47.428775787353516,106204000
2019-06-19,47.72274352684957,47.77054566831844,47.156323888998976,47.2901611328125,84496800
2019-06-20,47.88764204137815,47.94500241181626,47.32839210507154,47.67015838623047,86056000
2019-06-21,47.512425596440636,48.002368332728025,47.35707594275429,47.50764465332031,191202400
2019-06-24,47.45027698241665,47.837453086244224,47.361849605634255,47.4598388671875,72881600
2019-06-25,47.42400012897621,47.62236735366942,46.67355242975676,46.740474700927734,84281200
2019-06-26,47.26626862875501,48.0358365075775,47.165890685446655,47.75143051147461,104270000
2019-06-27,47.86853220087833,48.174450595474106,47.69645834618091,47.73708724975586,83598800
2019-06-28,47.483729174608754,47.6797076683665,47.094168128112976,47.302093505859375,124442400
2019-07-01,48.556838818217976,48.87231543119535,47.9545676050374,48.1696662902832,109012000
2019-07-02,48.136202478362335,48.547276037358415,48.12425194472356,48.45167541503906,67740800
2019-07-03,48.58313221569498,48.860368597165724,48.44212537654384,48.85319900512695,45448000
2019-07-05,48.599851347583254,49.01331351953692,48.492300200743436,48.81016540527344,69062000
2019-07-08,47.992813828081516,48.13382067409461,47.4192245563178,47.80400848388672,101354400
2019-07-09,47.60802314605108,48.160103562324515,47.51481481144376,48.095577239990234,82312000
2019-07-10,48.2413662841474,48.69067649133362,48.1720553700128,48.5711784362793,71588400
2019-07-11,48.590290100983076,48.84840629256591,48.20789857947526,48.21745681762695,80767200
2019-07-12,48.38475394958472,48.7551985897967,48.32500493170507,48.5879020690918,70380800
2019-07-15,48.77671731224816,49.20213011459918,48.7552085366531,49.044395446777344,67789600
2019-07-16,48.89621122738501,49.25948632051337,48.63570635359561,48.87470245361328,67467200
2019-07-17,48.7671576951322,49.01571204861512,48.580741018322186,48.59986114501953,56430000
2019-07-18,48.75520120218422,49.20451500768722,48.68350164752872,49.15193557739258,74162400
2019-07-19,49.1829995843911,49.35268839848465,48.36324481568932,48.418212890625,83717200
2019-07-22,48.67155855676903,49.52716510710405,48.66200031652238,49.524776458740234,89111600
2019-07-23,49.821129303572306,49.92867682071002,49.54150065350668,49.91194534301758,73420800
2019-07-24,49.63233029526973,49.98604357803794,49.512832219638,49.8713264465332,59966400
2019-07-25,49.923892185802046,50.0075422744963,49.407659765565704,49.47697067260742,55638400
2019-07-26,49.586898915870094,50.124640022763224,49.50564113494703,49.64904022216797,70475600
2019-07-29,49.821129523719435,50.34213928080888,49.8163485805303,50.112701416015625,86693600
2019-07-30,49.89282495285342,50.22742168380975,49.546281334227054,49.897605895996094,135742800
2019-07-31,51.72354141436402,52.90657151472246,50.49988240999392,50.915733337402344,277125600
2019-08-01,51.1212623066255,52.10831732750633,49.41005306995918,49.8139533996582,216071600
2019-08-02,49.12086200109132,49.33595700548776,48.18877878631925,48.759979248046875,163448400
2019-08-05,47.31884611855073,47.47658079621263,46.02587615195821,46.20751190185547,209572000
2019-08-06,46.917329331748846,47.33796485122246,46.374807099768596,47.082237243652344,143299200
2019-08-07,46.702232636878804,47.694065075152395,46.322229681695646,47.569786071777344,133457600
2019-08-08,47.84700516728696,48.642862396289516,47.65341896367905,48.618961334228516,108038000
2019-08-09,48.292703895357675,48.64296188820883,47.81049423332828,48.21833419799805,98478800
2019-08-12,47.889663888347634,48.472632859788966,47.77690864820563,48.09598159790039,89927600
2019-08-13,48.225533277199396,50.893266254855526,48.09598298618555,50.13277053833008,188874000
2019-08-14,48.7389293623607,49.525814703624334,48.60218223590696,48.640567779541016,146189600
2019-08-15,48.81090512777732,49.21394238525781,47.90166625323127,48.39826965332031,108909600
2019-08-16,49.00762317772249,49.69854835341414,48.90206475803103,49.54021072387695,110481600
2019-08-19,50.528608151230536,51.03480602660316,50.38706558899019,50.463836669921875,97654400
2019-08-20,50.590983470819914,51.18354695733414,50.45663774540958,50.46623229980469,107537200
2019-08-21,51.09718202117652,51.2555159650545,50.76371542654577,51.013214111328125,86141600
2019-08-22,51.14516837923141,51.44504857878068,50.559801644007706,50.97003936767578,89014800
2019-08-23,50.2431213591193,50.87167268359999,48.22073125322143,48.614173889160156,187272000
2019-08-26,49.38667048720254,49.70574345904227,49.194746427216245,49.537811279296875,104174400
2019-08-27,49.866484637260236,50.0320191125947,48.82769906450178,48.97883987426758,103493200
2019-08-28,48.96443018322548,49.353073668970715,48.77730527078176,49.307491302490234,63755200
2019-08-29,50.02000709390255,50.21673022183767,49.57858440865534,50.142356872558594,83962000
2019-08-30,50.41826974069237,50.48784035102953,49.70815166716036,50.077606201171875,84573600
2019-09-03,49.52341468933475,49.65536271132292,48.99322853822822,49.34828567504883,80092000
2019-09-04,49.993630433984336,50.255125103836555,49.736934872570345,50.18555450439453,76752400
2019-09-05,50.859690039390394,51.33230160289125,50.74213566439076,51.16676712036133,95654800
2019-09-06,51.35148311214848,51.4402464746383,50.982028677859134,51.161956787109375,77449200
2019-09-09,51.5410034279187,51.92485150775339,50.636567475633186,51.38026809692383,109237600
2019-09-10,51.30589395905369,52.00641353255493,50.790101578286716,51.987220764160156,127111600
2019-09-11,52.315906424379826,53.668965856636916,52.23433622087792,53.640174865722656,177158400
2019-09-12,53.930459461580966,54.31910305503912,53.465044774742466,53.52022171020508,128906800
2019-09-13,52.77890311104911,52.96842574335449,52.06398990298036,52.47902297973633,159053200
2019-09-16,52.23432939484169,52.81010154946968,52.19354612874398,52.754920959472656,84632400
2019-09-17,52.76932307922049,52.97564081276649,52.567800793429946,52.94684982299805,73274800
2019-09-18,53.03321320207144,53.462643699876494,52.64456963297275,53.443450927734375,101360000
2019-09-19,53.26112420617858,53.68095650952987,52.86768150832097,53.00922775268555,88242400
2019-09-20,53.10998156197395,53.393066700070236,52.17195546286078,52.23432922363281,221652400
2019-09-23,52.52701683843027,52.74053140147138,52.21514068797828,52.471839904785156,76662000
2019-09-24,53.02600846924604,53.37627010251863,52.10477750756929,52.222328186035156,124763200
2019-09-25,52.43107003062847,53.13878677473117,52.09280418885682,53.026031494140625,87613600
2019-09-26,52.778911116876884,53.00442159553428,52.49822371066928,52.75252151489258,75334000
2019-09-27,52.90847386117149,53.009236852643035,52.12638743964562,52.49584197998047,101408000
2019-09-30,52.99482339997101,53.8776725443419,52.968433797976715,53.73133087158203,103909600
2019-10-01,53.995230177972914,54.75092680553321,53.78651107289727,53.88007354736328,139223200
2019-10-02,53.51303162326038,53.6377828354051,52.28232187464526,52.52942657470703,138449200
2019-10-03,52.402261102678956,53.00922196273818,51.61058034563439,52.97563552856445,114426000
2019-10-04,54.131972438434296,54.57579658165948,53.71214017454711,54.46063995361328,138478800
2019-10-07,54.28311450360741,55.161160934101474,54.17995381280001,54.47263717651367,122306000
2019-10-08,54.175155017507095,54.712537951919714,53.81769652866201,53.83448791503906,111820000
2019-10-09,54.4654426574707,54.64776850627761,54.13197601227896,54.4654426574707,74770400
2019-10-10,54.68135295433329,55.28351473349061,54.53021582409262,55.199546813964844,113013600
2019-10-11,55.88567285866777,57.01082394508319,55.73213434401569,56.667762756347656,166795600
2019-10-14,56.353485756513194,57.12837882948465,56.29830882465834,56.5861930847168,96427600
2019-10-15,56.71094205880496,57.01321997096741,56.34868810894503,56.454246520996094,87360000
2019-10-16,55.986429471773434,56.43505271476371,55.94564620616464,56.22633361816406,73903200
2019-10-17,56.39907017958543,56.653368012877294,56.02242253800609,56.44465255737305,67585200
2019-10-18,56.27911289972252,56.996427616238385,56.20714092357815,56.71574020385742,97433600
2019-10-21,56.98203358379018,57.81450126035305,56.93405348688718,57.699344635009766,87247200
2019-10-22,57.85528613606384,58.10478484329185,57.48583169226944,57.56740188598633,82293600
2019-10-23,58.08080006310815,58.35429066597053,57.869683225583834,58.33989334106445,75828800
2019-10-24,58.65896497767729,58.72853923419843,58.01122447632799,58.435855865478516,69275200
2019-10-25,58.33509915752011,59.19155514531401,58.2679262824244,59.15557098388672,73477200
2019-10-28,59.35708585255852,59.79611089742203,59.1891536754474,59.748130798339844,96572800
2019-10-29,59.72894099440109,59.916065952572374,58.19355578359902,58.36628341674805,142839600
2019-10-30,58.71892981105744,58.84848008299027,57.867273132173096,58.359073638916016,124522000
2019-10-31,59.313902865640614,59.77691611414118,56.91965683308477,59.67855453491211,139162000
2019-11-01,59.865682443755965,61.3986698789117,59.77452135224457,61.372283935546875,151125200
2019-11-04,61.73453884355642,61.859293701624026,61.26673008968638,61.775325775146484,103272000
2019-11-05,61.667353710049895,61.94084793256841,61.492228380714764,61.68655014038086,79897600
2019-11-06,61.60019258997119,61.772923889414315,61.26432820808025,61.712947845458984,75864400
2019-11-07,62.259169952428614,62.646579148556874,62.10757536886867,62.425201416015625,94940400
2019-11-08,62.24714185973904,62.66823466281023,61.80439373656014,62.59605026245117,69986400
2019-11-11,62.153279546974815,63.156686525438744,62.14846970255619,63.09172058105469,81821200
2019-11-12,62.93533583988324,63.23371521711482,62.78374857130371,63.033992767333984,87388800
2019-11-13,62.83426608621174,63.71254389196474,62.81982920614928,63.6379508972168,102734400
2019-11-14,63.464683238676635,63.736589975912096,63.067654461478035,63.197593688964844,89182800
2019-11-15,63.44783851732507,63.95315121393565,63.28662428540103,63.948341369628906,100206400
2019-11-18,63.95796632642828,64.35018529631039,63.580191577203664,64.27078247070312,86703200
2019-11-19,64.46328376817914,64.4873476799983,63.859321438185184,64.07588195800781,76167200
2019-11-20,63.8954250386282,64.0253569677477,62.6586117144653,63.3299560546875,106234400
2019-11-21,63.45025250335686,63.527254078451136,62.84628287257729,63.04600524902344,121395200
2019-11-22,63.185570644191614,63.327538182207164,62.764477875352654,62.990665435791016,65325200
2019-11-25,63.214437064080556,64.1119687621998,63.16871783845167,64.09512329101562,84020400
2019-11-26,64.23228059826994,64.28521826220536,63.16390763031804,63.594627380371094,105207600
2019-11-27,63.905031361017265,64.48253585383468,63.8400654100489,64.44884490966797,65235600
2019-11-29,64.15045750804047,64.48733015212085,63.98201751436383,64.3068618774414,46617600
2019-12-02,64.31168141512865,64.54749597316658,63.3925017784307,63.5633430480957,94487200
2019-12-03,62.15570017026076,62.44926228863821,61.66964143204824,62.430015563964844,114430400
2019-12-04,62.81981146620402,63.3588077517284,62.72596442902417,62.98102569580078,67181600
2019-12-05,63.47433582347233,63.979648717547285,63.21927445334169,63.90504837036133,74424400
2019-12-06,64.36222263596946,65.2092179525118,64.31890465939279,65.13943481445312,106075600
2019-12-09,64.96860578052659,65.16110241589925,63.74382813052384,64.22748565673828,128042400
2019-12-10,64.63171799255643,64.98543616897592,63.972402115751365,64.60284423828125,90420400
2019-12-11,64.68225540996873,65.23328743607989,64.60766242070665,65.15387725830078,78756800
2019-12-12,64.4344044431603,65.58458883328302,64.323719270287,65.31990051269531,137310400
2019-12-13,65.31989720038126,66.24389400998982,65.19236656282973,66.20780181884766,133587600
2019-12-16,66.6529735938861,67.5649423284178,66.64816374839715,67.34115600585938,128186000
2019-12-17,67.27137945536563,67.80074884102518,67.08609392860065,67.47350311279297,114158400
2019-12-18,67.32670036448889,67.8320130444866,67.16307754415392,67.31226348876953,116028400
2019-12-19,67.25453947902584,67.65878682692495,67.12219895761189,67.3796615600586,98369200
2019-12-20,67.91141820231184,68.012476324904,67.02832353839587,67.24007415771484,275978000
2019-12-23,67.50237420380351,68.39749741890061,67.46387341201411,68.33734130859375,98572000
2019-12-24,68.50336345626253,68.55149127528131,68.07746089671582,68.40229797363281,48478800
2019-12-26,68.53465994993616,69.77628303549606,68.505786189875,69.75943756103516,93121200
2019-12-27,70.05055894586623,70.73633980564549,69.32868590257696,69.7329330444336,146266000
2019-12-30,69.65114198409366,70.42836149787865,68.63089680153462,70.1468276977539,144114400
2019-12-31,69.76421701643756,70.66655834165601,69.66556015035431,70.65933990478516,100805600
2020-01-02,71.28256018375274,72.33168624316235,71.02990753552221,72.27153015136719,135480400
2020-01-03,71.50154177990413,72.32688174170664,71.34513738245916,71.56891632080078,146322800
2020-01-06,70.6930355770511,72.17768382474937,70.4427841766351,72.1391830444336,118387200
2020-01-07,72.14881244029856,72.40387369288733,71.58094243439095,71.79991149902344,108872000
2020-01-08,71.50396043802937,73.25570609117467,71.50396043802937,72.95492553710938,132079200
2020-01-09,73.92945117823741,74.69704373534724,73.67920704582386,74.50454711914062,170108400
2020-01-10,74.73792401833613,75.23601818148724,74.17245533142103,74.6729507446289,140644800
2020-01-13,74.98819427311953,76.29478305034202,74.87028331939693,76.268310546875,121532000
2020-01-14,76.20576405751645,76.41510614806313,75.11573562414125,75.23844909667969,161954400
2020-01-15,75.03871351906952,75.91699102743593,74.48527304539368,74.9159927368164,121923600
2020-01-16,75.45740996278018,75.96513130059404,75.09647333767747,75.85443878173828,108829200
2020-01-17,76.10228015577917,76.69662274727602,75.7966897960532,76.69422149658203,137816400
2020-01-21,76.32365494902595,76.76399437532534,76.0373113220916,76.17446899414062,110843200
2020-01-22,76.65811628441689,76.9973975614814,76.3525259473167,76.44637298583984,101832400
2020-01-23,76.49930444611259,76.89392460217245,75.95308241577416,76.81452178955078,104472000
2020-01-24,77.05996684733118,77.80108679471296,76.40305956833261,76.59315490722656,146537600
2020-01-27,74.60800908323662,75.01947479638015,73.36157631651781,74.3409194946289,161940000
2020-01-28,75.21919235562906,76.61481100227473,75.12053546591517,76.4439697265625,162234000
2020-01-29,78.0705856603743,78.88870711130171,77.33186702648361,78.04411315917969,216229200
2020-01-30,77.12975418029563,77.9839679399373,76.69903440937786,77.9310302734375,126743200
2020-01-31,77.22358092411761,77.64467359137022,74.18209256314945,74.47565460205078,199588400
2020-02-03,73.22200714636392,75.4333461257712,72.7215115901091,74.27113342285156,173788400
2020-02-04,75.87128624120515,76.91319410520111,75.46703897288427,76.72309875488281,136616400
2020-02-05,77.84678830859878,78.14516750077749,76.74714059246732,77.34870147705078,118826800
2020-02-06,77.61822667711162,78.25587996873817,77.06238481315839,78.25347137451172,105425600
2020-02-07,77.75418535570422,78.00261640454451,76.70016229061778,77.18978881835938,117684000
2020-02-10,75.77877968419138,77.55638885498047,75.69918842968313,77.55638885498047,109348800
2020-02-11,78.05082981326146,78.12318548610891,76.87138082095377,77.08845520019531,94323200
2020-02-12,77.53712126556233,78.92399545470602,77.53712126556233,78.91917419433594,113730400
2020-02-13,78.19314372730908,78.68277013503432,77.99054045797794,78.3571548461914,94747600
2020-02-14,78.32581612373606,78.62490351773702,77.86996050397198,78.37647247314453,80113600
2020-02-18,76.06339782410153,77.12224944183446,75.88250122650535,76.94135284423828,152531200
2020-02-19,77.18256041371585,78.28482562119284,77.18256041371585,78.0556869506836,93984000
2020-02-20,77.81687989510665,78.30409199592609,76.75079289502835,77.25489044189453,100566000
2020-02-21,76.84968588281482,77.29107763684756,74.89118019048897,75.5062255859375,129554000
2020-02-24,71.69777437412706,73.36684305832843,69.76097486599113,71.91967010498047,222195200
2020-02-25,72.58778908763885,72.96887474112613,69.0132699904686,69.48359680175781,230673600
2020-02-26,69.10974593206521,71.84731631381621,69.10251036153399,70.58586120605469,198054800
2020-02-27,67.8000523998572,68.98190880585912,65.8367176160919,65.97178649902344,320605600
2020-02-28,62.049933897959434,67.15121537740396,61.835266448657556,65.93317413330078,426510000
2020-03-02,68.08465633915449,72.7059623843327,66.98480559511727,72.07161712646484,341397200
2020-03-03,73.24384124809224,73.32343252495296,68.93367144924383,69.78268432617188,319475600
2020-03-04,71.4999874378904,73.17870588852956,70.70163100181635,73.01951599121094,219178400
2020-03-05,71.27810349342903,72.25012122741664,70.28679335490708,70.6510009765625,187572800
2020-03-06,68.01711900672953,70.14446470818916,67.83140115432955,69.71272277832031,226176800
2020-03-09,63.61530881776465,67.07405117029745,63.43441220501271,64.19900512695312,286744800
2020-03-10,66.84493951670424,69.08805522958923,64.97084534712401,68.82273864746094,285290000
2020-03-11,66.90520532305104,67.82898060143201,65.57138749972806,66.43245697021484,255598800
2020-03-12,61.73156686549944,65.12277445766078,59.816474316666195,59.8719482421875,418474000
2020-03-13,63.89026420635652,67.51543140756253,61.01038635778413,67.04509735107422,370732000
2020-03-16,58.35724302986641,62.488918914128035,57.88691260105301,58.41995620727539,322423600
2020-03-17,59.69829959615255,62.13437204877519,57.50100834396888,60.98869705200195,324056000
2020-03-18,57.83144203035199,60.29887079269061,57.19227179173887,59.495689392089844,300233600
2020-03-19,59.66934960367585,60.98386423258545,58.51643550459872,59.03982925415039,271857200
2020-03-20,59.61870468799079,60.740266023209095,54.99257655004273,55.29166030883789,401693200
2020-03-23,55.01187186548029,55.11317353712298,51.280577065059646,54.117034912109375,336752800
2020-03-24,57.008959824529704,59.74170486400554,56.51209775923422,59.54633712768555,287531200
2020-03-25,60.47975865918552,62.28872452137452,58.92404875377308,59.21830749511719,303602000
2020-03-26,59.45952163269751,62.39245640873891,59.420929465556426,62.334571838378906,252087200
2020-03-27,60.96214915456739,61.714677770573346,59.587335844421716,59.753761291503906,204216800
2020-03-30,60.477347525301404,61.63026146409421,60.154142830219186,61.45901107788086,167976400
2020-03-31,61.6495682716932,63.31140135824747,60.781263041812586,61.33359909057617,197002000
2020-04-01,59.454696896013616,59.990151255793265,57.67708705496906,58.106414794921875,176218400
2020-04-02,57.968913973692054,59.129063507420874,57.13920103105384,59.07600021362305,165934000
2020-04-03,58.56226659383969,59.26173205327884,57.638487411525155,58.22700500488281,129880000
2020-04-06,60.5159387534273,63.46093322552853,60.149324308250385,63.30657196044922,201820400
2020-04-07,65.31574473463938,65.53282659406987,62.46964050531926,62.5733528137207,202887200
2020-04-08,63.37170347185306,64.48843981733701,63.00750327122689,64.17488861083984,168895200
2020-04-09,64.80923934887565,65.13967603448393,63.844457266187234,64.63798522949219,161834800
2020-04-13,64.71517076301717,66.01521817669068,64.11700321080237,65.90667724609375,131022800
2020-04-14,67.53472816549852,69.52459069180338,67.06439407863688,69.23515319824219,194994800
2020-04-15,68.11360677368938,69.06150330884216,67.6866933945227,68.60323333740234,131154400
2020-04-16,69.3147638013278,69.51254587742164,68.10155073366812,69.1483383178711,157125200
2020-04-17,68.66594602627303,69.21105020012682,66.77738117936849,68.2100830078125,215250000
2020-04-20,67.04030517443523,67.9399598531097,66.77498860082595,66.79428100585938,130015200
2020-04-21,66.63748663863089,66.8714465476712,64.02051421953927,64.72962951660156,180991600
2020-04-22,65.99348115115153,67.02821165517099,65.65340205638569,66.59406280517578,116862400
2020-04-23,66.53859422059466,67.95682478512697,66.29739874664567,66.33599090576172,124814400
2020-04-24,66.85941056441207,68.2607561453716,66.81116850929337,68.25110626220703,126161200
2020-04-27,67.96888765338052,68.62976831599522,67.5226818754922,68.29933166503906,117087600
2020-04-28,68.76001638114307,68.94091302319053,67.10059736775176,67.19224548339844,112004800
2020-04-29,68.67559866694484,69.86710504839203,68.47299532638776,69.39918518066406,137280800
2020-04-30,69.93703057079283,71.0392955430697,69.5487094297081,70.86322021484375,183064000
2020-05-01,69.04223121290346,72.1174746992424,68.94575445802198,69.72240447998047,240616800
2020-05-04,69.74650229526233,70.83670324791197,69.05909368437592,70.70886993408203,133568000
2020-05-05,71.16716790476943,72.59987025208898,71.0224490832887,71.77015686035156,147751200
2020-05-06,72.4695983843977,73.14012158473827,72.0860984199546,72.51060485839844,142333600
2020-05-07,73.13530028833947,73.6056344607325,72.83380591134457,73.2607192993164,115215200
2020-05-08,73.91854342819974,75.05764724717811,73.5920466345589,75.00444030761719,133838400
2020-05-11,74.51346625869944,76.67800421852337,74.30547287285827,76.18463897705078,145946400
2020-05-12,76.86666541777984,77.31650723109308,75.19307880379056,75.31400299072266,162301200
2020-05-13,75.49296546688427,76.41199367992591,73.33084049882564,74.40464782714844,200622400
2020-05-14,73.6452582213304,74.92221747074527,72.92454733645849,74.86175537109375,158929200
2020-05-15,72.6391808380365,74.4651336180388,72.60531851354459,74.41918182373047,166348400
2020-05-18,75.73966595706034,76.54501787394523,75.0503965474728,76.17256927490234,135178400
2020-05-19,76.18950390013767,77.03355248472863,75.70097277157296,75.73241424560547,101729600
2020-05-20,76.58852829438558,77.27537667417312,76.54983167544503,77.20524597167969,111504800
2020-05-21,77.06742956137252,77.60675427308676,76.3926703052991,76.62968444824219,102688800
2020-05-22,76.3684584887372,77.20525917779025,76.26688630469137,77.12303161621094,81803200
2020-05-26,78.2379502036352,78.41691564137308,76.5450115593525,76.60063934326172,125522000
2020-05-27,76.45794538565892,77.07949007225308,75.72030344662004,76.93437957763672,112945200
2020-05-28,76.61031579665872,78.22344788867842,76.3346124557575,76.96825408935547,133560800
2020-05-29,77.21010850014466,77.66961902448975,76.53777018415474,76.8932876586914,153532400
2020-06-01,76.84732546524727,77.95982952875313,76.71672526884876,77.83890533447266,80791200
2020-06-02,77.57285532110987,78.22342794839169,77.13268956944977,78.1992416381836,87642800
2020-06-03,78.51848967465142,78.8909382167243,77.94772370544388,78.6297378540039,104491200
2020-06-04,78.45321898447096,78.75068784203134,77.58014227825346,77.95259094238281,87560400
2020-06-05,78.2016892052146,80.23321448623865,78.17266857529869,80.1727523803711,137250400
2020-06-08,79.87042024109125,80.68061371663406,79.1618063233987,80.6467514038086,95654400
2020-06-09,80.32752306209885,83.58521359796022,80.29608159235194,83.19342041015625,147712400
2020-06-10,84.13905436012791,85.800551637391,83.70130935970825,85.33378601074219,166651600
2020-06-11,84.4800733592576,84.90330810607846,81.1353128647156,81.23688507080078,201662400
2020-06-12,83.36999367827895,84.11488361837434,80.83058508428364,81.93824768066406,200146000
2020-06-15,80.59598270848474,83.60215667626827,80.43394102615576,82.95158386230469,138808800
2020-06-16,85.00003381550317,85.420855036557,83.36997801465319,85.14997863769531,165428800
2020-06-17,85.89245089695726,85.95291299210936,84.9105470621372,85.0314712524414,114406400
2020-06-18,84.98795249991922,85.4813253336703,84.45830388000144,85.06534576416016,96820400
2020-06-19,85.76912102080368,86.2334658205362,83.47397466183713,84.5792236328125,264476000
2020-06-22,84.97101145656654,86.93481917934642,84.92505967255737,86.79212951660156,135445200
2020-06-23,88.03280774958151,90.05949829570565,87.61440740737248,88.64468383789062,212155600
2020-06-24,88.2746571031473,89.19126451334176,86.7074769720713,87.07992553710938,192623200
2020-06-25,87.2347210034187,88.27466617320825,86.47773432903298,88.23596954345703,137522400
2020-06-26,88.13197433577965,88.35205726047579,85.37731757939976,85.52484893798828,205256800
2020-06-29,85.43293671398446,87.59022742215014,84.95649512979536,87.49590301513672,130646000
2020-06-30,87.08478576211239,88.51169750741916,87.0654411337816,88.22631072998047,140223200
2020-07-01,88.30368697136247,88.84542502767371,88.01105247279727,88.05941772460938,110737200
2020-07-02,88.96393576296241,89.59757739253234,87.94575606156859,88.05941772460938,114041600
2020-07-06,89.48390600830983,90.8817894339713,89.45246453610925,90.41502380371094,118655600
2020-07-07,90.79231129924504,91.5686426186408,90.02323513682953,90.13448333740234,112424400
2020-07-08,91.10912534007682,92.26516034352021,91.02205608216732,92.23371887207031,117092000
2020-07-09,93.12371357510385,93.1769205126767,91.58556145720479,92.6303482055664,125642800
2020-07-10,92.22645698371295,92.85042991453263,91.61700174534108,92.7923812866211,90257200
2020-07-13,94.09352557539032,96.69581637996168,92.1514834732687,92.36431121826172,191649200
2020-07-14,91.74759058853576,94.08384663898248,90.81648030417851,93.89279174804688,170989200
2020-07-15,95.7622806311285,96.01138416249864,93.34379687777705,94.53852844238281,153198000
2020-07-16,93.41393313619832,94.22896096414982,92.7778707406749,93.37523651123047,110577600
2020-07-17,93.82508300436295,93.97986213133798,92.71499243301174,93.18659973144531,92186800
2020-07-20,93.27368244127173,95.28827651192833,92.93025444088441,95.15042114257812,90318000
2020-07-21,95.93884432011826,96.01381673517915,93.58807752951296,93.8371810913086,103433200
2020-07-22,93.53970187859424,94.78038533647508,93.45263999834938,94.10079193115234,89001600
2020-07-23,93.83475574009108,93.9121489972856,89.00988472288186,89.81765747070312,197004400
2020-07-24,88.02071079474753,89.93856645763552,86.23828223810673,89.59513854980469,185438800
2020-07-27,90.65446578253629,91.81050099759301,90.43196935722393,91.71859741210938,121214000
2020-07-28,91.29051773530753,91.46706972799262,90.20703422382543,90.21187591552734,103625600
2020-07-29,90.69314722395283,92.12489295560428,90.6568714411887,91.94108581542969,90329200
2020-07-30,91.11636596100388,93.15756662766064,90.71006250391486,93.05357360839844,158130000
2020-07-31,99.5302890268665,102.94518713128302,97.53745326363413,102.79524230957031,374336800
2020-08-03,104.67198887947312,107.99740451645603,104.37452005882113,105.38544464111328,308151200
2020-08-04,105.57406469122863,107.177520504938,104.85335391870223,106.08920288085938,173071600
2020-08-05,105.81107748481342,106.79298122797726,105.34672538991457,106.47373962402344,121776800
2020-08-06,106.8050811008857,110.6819103626939,106.2173913049504,110.18853759765625,202428800
2020-08-07,109.7112386108564,110.16673452744945,106.88862644814542,107.68331909179688,198045600
2020-08-10,109.12491431547922,110.26365418298434,106.60515752548201,109.24848175048828,212403600
2020-08-11,108.5143411167626,109.01102119228776,105.74018170602939,105.99942779541016,187902400
2020-08-12,107.08730692473522,109.77909114067742,106.89348231283336,109.52227020263672,165598000
2020-08-13,110.89843907131024,112.46117673591529,110.41144495933911,111.46054077148438,210082000
2020-08-14,111.28609846459923,111.45085012066804,109.55618389407232,111.3612060546875,165565200
2020-08-17,112.48053926454652,112.50476918474725,110.4453516645563,111.07044219970703,119561600
2020-08-18,110.82333863803461,112.41999238397445,110.4889848914492,111.9959945678711,105633600
2020-08-19,112.40304243473437,113.54662553106043,112.04204090824149,112.13652801513672,145538000
2020-08-20,112.17770423893735,114.73865273876372,112.16074255230501,114.6247787475586,126907200
2020-08-21,115.58179273436723,121.0138133012155,115.56968146956478,120.53166961669922,338054800
2020-08-24,124.72562238006333,124.81043082095223,120.11253119545398,121.97327423095703,345937600
2020-08-25,120.84905806633049,121.31666526163795,119.25482230830535,120.97261810302734,211495600
2020-08-26,122.28582351932762,123.07324808240537,121.22219109888121,122.61775207519531,163022400
2020-08-27,123.21859477393856,123.55052326117902,120.01074388155709,121.15190887451172,155552400
2020-08-28,122.12346328551597,122.54019279849011,120.73275303132817,120.95565795898438,187630000
2020-08-31,123.64259283625631,126.95704208405934,122.11135345489677,125.05752563476562,225702700
2020-09-01,128.66269064458197,130.63973944834697,126.50151813552222,130.0388641357422,151948100
2020-09-02,133.34366115932812,133.7216242950921,123.0804958061553,127.34469604492188,200119000
2020-09-03,122.99329113592864,124.86372013453284,116.78111381462604,117.14938354492188,257599600
2020-09-04,116.36436621062012,119.88233348649146,107.46768160963626,117.22689819335938,332607200
2020-09-08,110.4332424909772,115.3176975867679,109.20244081478072,109.33811950683594,231366600
2020-09-09,113.64110336417085,115.46307981230207,111.70282771529025,113.69924926757812,176940500
2020-09-10,116.64541298049808,116.7810916656073,109.0279901442392,109.98743438720703,182274400
2020-09-11,111.03412581023233,111.67376035548035,106.60516602652415,108.54344177246094,180860300
2020-09-14,111.17949601605923,112.35215193447013,109.31875310720565,111.79974365234375,140150100
2020-09-15,114.678093101315,115.16266206661024,110.10376088589828,111.97419738769531,184642000
2020-09-16,111.67376709645097,112.42000005035005,108.58221472900694,108.66943359375,154679000
2020-09-17,106.33377839861689,108.73723550021867,105.35494735467596,106.93463897705078,178011000
2020-09-18,106.99281442322203,107.45799642585531,102.81582548420052,103.54267883300781,287104900
2020-09-21,101.31366180172101,106.78929159662262,99.91810106836907,106.68268585205078,195713800
2020-09-22,109.20244359354463,109.3768886869023,105.79108191602546,108.35929107666016,183055400
2020-09-23,108.17515317604892,108.65002858068,103.47482939677325,103.81403350830078,150718700
2020-09-24,101.92421570211286,106.84743726159023,101.75946405865736,104.88008880615234,167743300
2020-09-25,105.08363194535106,108.96987733313789,104.34708500689725,108.81481170654297,149981400
2020-09-28,111.46055396966348,111.76098435804984,109.29937316015781,111.41209411621094,137672400
2020-09-29,111.0147568087837,111.75129633828752,110.06499835009019,110.5689468383789,99382200
2020-09-30,110.27817735653495,113.64108628495799,110.11342572568512,112.23583221435547,142675200
2020-10-01,114.00938127075119,114.0869140768239,112.25524404848423,113.18561553955078,116120400
2020-10-02,109.40594378910399,111.80940830617745,108.75662336739482,109.53192901611328,144712000
2020-10-05,110.3944779447092,113.04991314807994,110.04558778439085,112.904541015625,106243800
2020-10-06,112.1292442741749,112.53628778325715,108.78572170928096,109.66764068603516,161498200
2020-10-07,111.08257124183804,111.98386964245861,110.60768842209468,111.52837371826172,96849000
2020-10-08,112.66228646720481,112.80765863820771,111.05351392426137,111.42179107666016,83477200
2020-10-09,111.72220870495784,113.38912696820374,111.37331849200241,113.36005401611328,100506900
2020-10-12,116.35469065538149,121.31667922649164,115.59876429754219,120.56075286865234,240226800
2020-10-13,121.40390564086033,121.5202048546633,115.9573551882952,117.36260223388672,262330500
2020-10-14,117.26566767493782,119.23301612314903,115.92826024261022,117.4498062133789,150712000
2020-10-15,115.0560370517392,117.45949457685697,114.50362881948811,116.984619140625,112559200
2020-10-16,117.53704016435405,117.79871153091253,115.1432684327753,115.34678649902344,115393800
2020-10-19,116.25776062422946,116.703563090536,112.09047284235501,112.40059661865234,120639300
2020-10-20,112.6138393387984,115.30804934991097,112.06143094170791,113.88341522216797,124423700
2020-10-21,113.06930582021845,115.04634782768703,112.85609432030498,113.26313781738281,89946000
2020-10-22,113.8252274699149,114.39702259575029,111.0534928722476,112.17769622802734,101988000
2020-10-23,112.79794326147403,112.95300885211658,110.75306199696499,111.48960876464844,82572600
2020-10-26,110.491393975544,112.9530046815979,109.39626361538546,111.49929809570312,111850700
2020-10-27,111.9257439755482,113.6605018584225,111.0050658460713,113.0014877319336,92276800
2020-10-28,111.49932202380221,111.86759177611111,107.67122275639692,107.76813507080078,143937800
2020-10-29,108.90203237848063,113.32129899442697,108.73727331019896,111.760986328125,146129200
2020-10-30,107.63244356202665,108.53374202736012,104.39552680317541,105.5003433227539,190272600
2020-11-02,105.74262715568275,107.26417322328109,104.00786958662283,105.41311645507812,122866900
2020-11-03,106.27565935922766,108.04917599163862,105.37436086993179,107.03158569335938,107624400
2020-11-04,110.6173826820644,112.02262946819745,108.88262521463015,111.40238189697266,138235500
2020-11-05,114.30980518907859,115.92827100011738,113.26314194201399,115.35647583007812,126387100
2020-11-06,114.86621579666993,115.72052575840337,112.74013995422038,115.22541809082031,114457900
2020-11-09,116.98259987098504,118.42910463369022,112.66249852307367,112.92461395263672,154515300
2020-11-10,112.17709283585141,114.15753861862245,110.79853707591374,112.58483123779297,138023400
2020-11-11,113.76921682470609,116.13798799149323,113.04110938515558,116.0020751953125,112295000
2020-11-12,116.12824483431076,117.01167770221697,115.1088918108066,115.73020935058594,103162300
2020-11-13,115.95353941713333,116.17682155137521,114.42936813634326,115.77879333496094,81581900
2020-11-16,115.44868428594529,117.45826000844283,114.7011640982951,116.78840637207031,91183000
2020-11-17,116.06031664652185,117.14761890185565,115.48753500270898,115.90498352050781,74271000
2020-11-18,115.14774244040137,116.32242132257835,114.55554791373581,114.58467102050781,76322100
2020-11-19,114.15751145503081,115.58460292894434,113.40028105826617,115.17686462402344,74113000
2020-11-20,115.17685807861591,115.30306066867458,113.86626651202695,113.91480255126953,73604300
2020-11-23,113.75949369240169,114.1866523784184,110.42961575192224,110.52669525146484,127959300
2020-11-24,110.5849439032423,112.46830981108012,109.3034679028236,111.80815887451172,113874200
2020-11-25,112.17707422528561,113.34204301090116,111.80816176471099,112.64305877685547,76499200
2020-11-27,113.16729360668182,114.06043680969468,112.82751167148025,113.18670654296875,46691300
2020-11-30,113.5556193082818,117.4388583652438,113.40028619079179,115.57490539550781,169410200
2020-12-01,117.47770289816154,119.86589425816237,116.50689304092421,119.13778686523438,127728200
2020-12-02,118.45821072635326,119.76880990592802,117.36119829848747,119.48727416992188,89004200
2020-12-03,119.91443587941438,120.16684852789926,118.64267727747634,119.35137176513672,78967600
2020-12-04,119.0212852595791,119.27369789260959,117.97280885162905,118.68150329589844,78260400
2020-12-07,118.73974211450027,120.93377429658472,118.68149589769769,120.13771057128906,86712000
2020-12-08,120.73961821864586,121.33181279274314,119.49697544555106,120.74932098388672,82225500
2020-12-09,120.89496235822611,122.27351071497702,117.46800440647972,118.22523498535156,115089200
2020-12-10,116.9825617815986,120.25419293932632,116.64277988846719,119.642578125,81312200
2020-12-11,118.85625070668806,119.1766197360741,117.03113084780422,118.83683776855469,86939800
2020-12-14,119.02129885117738,119.7494063165068,117.99224267031995,118.22523498535156,79184500
2020-12-15,120.71048814758292,124.16657610565406,120.50661897640848,124.14715576171875,157243700
2020-12-16,123.69087513639985,124.62284421095526,122.86568091464977,124.07919311523438,98208600
2020-12-17,125.13737340779682,125.79753175425047,124.30247641319399,124.9432144165039,94359800
2020-12-18,125.1956339798523,125.33154675459895,122.43853039208297,122.9627685546875,192541500
2020-12-21,121.37063241963554,124.56459740524315,119.84646139919089,124.48693084716797,121251600
2020-12-22,127.76827272564631,130.48654300822767,125.86547908382497,128.0303955078125,168904800
2020-12-23,128.30222155804168,128.56432952785477,126.96249934769376,127.13725280761719,88223700
2020-12-24,127.48674690488681,129.56427923315684,127.27316756907929,128.11776733398438,54930100
2020-12-28,130.07879843395568,133.33100207588342,129.61279910731304,132.69998168945312,124486200
2020-12-29,134.02030377703682,134.73869359094937,130.41859268818658,130.93312072753906,121047300
2020-12-30,131.62237216405273,132.020407669835,129.50599945561927,129.81666564941406,96452100
2020-12-31,130.16618225748783,130.80692029298538,127.87507049302144,128.81675720214844,99116600
2021-01-04,129.62254430627095,129.70991364361626,123.05986719141745,125.63251495361328,143301900
2021-01-05,125.12767890789046,127.89449286005866,124.68109986637585,127.185791015625,97664900
2021-01-06,123.99184315415357,127.22464193893974,122.69095402050523,122.90453338623047,155088000
2021-01-07,124.61312599281324,127.78767766361115,124.12772117277477,127.09839630126953,109578200
2021-01-08,128.56437812216362,128.7585519984453,126.42859880354752,128.1954803466797,105158200
2021-01-11,125.41891868730954,126.37030813032683,124.74905756448756,125.21504211425781,100384500
2021-01-12,124.74907540981043,125.90434159113998,123.15694772474198,125.04032135009766,91951100
2021-01-13,125.00146061142823,127.61294126201366,124.73935263924878,127.06929016113281,88636800
2021-01-14,126.98194787763325,127.17610691023913,125.0014872302532,125.1471176147461,90221800
2021-01-15,125.02089964036091,126.41886828778621,123.29285917712234,123.42877197265625,111598500
2021-01-19,124.05007410140924,124.95293491139884,123.23459743091543,124.09861755371094,90757300
2021-01-20,124.90434140604506,128.62254319895172,124.797551779128,128.17596435546875,104319500
2021-01-21,129.89434712123654,135.59299559628155,129.6904705564632,132.87472534179688,120150900
2021-01-22,132.30193097010215,135.76772834904443,131.0787162081466,135.010498046875,114459400
2021-01-25,138.89376878953092,140.8547939706266,132.55436700322258,138.74813842773438,157611700
2021-01-26,139.40832944748692,140.08789352147755,137.24341236503608,138.98117065429688,98390600
2021-01-27,139.2432124060488,140.08782682258447,136.31137810940206,137.9132080078125,140843800
2021-01-28,135.44736243489726,137.84526338322206,132.709672193958,133.08828735351562,142621100
2021-01-29,131.86509178375854,132.7485322226158,126.40914566020653,128.10806274414062,177523800
2021-02-01,129.84581103922318,131.42823575703017,127.1081202867018,130.22442626953125,106239800
2021-02-02,131.76799601841705,132.33106742025004,130.6806938981219,131.0496063232422,83305400
2021-02-03,131.7971241921303,131.80684177003687,129.70988918879502,130.03025817871094,89880900
2021-02-04,132.3213832150557,133.38926514344305,130.66129188255576,133.3795623779297,84183100
2021-02-05,133.53998407473009,133.60803459447885,132.09131060559002,132.96633911132812,75693800
2021-02-08,132.25660382908822,133.1608138714623,131.1773940055882,133.11219787597656,71297200
2021-02-09,132.8302469559109,134.055304885325,132.08161692740265,132.23716735839844,76774200
2021-02-10,132.6941140635208,133.18997643259982,130.6718103643523,131.6343536376953,73046600
2021-02-11,132.13019115518452,132.6066041234454,130.05928645451803,131.38156127929688,64280000
2021-02-12,130.62318851283254,131.7704486448014,129.98149309892653,131.61488342285156,60145100
2021-02-16,131.731578673249,132.23714344471992,129.10646349095452,129.49537658691406,80576300
2021-02-17,127.60917107594058,128.55226480330498,125.8785488379043,127.21054077148438,97918500
2021-02-18,125.61606083959396,126.39387225132121,123.87572097237708,126.11192321777344,96856700
2021-02-19,126.62722545179416,127.08418911907316,125.22716781889845,126.2674789428711,87668800
2021-02-22,124.4590755242555,126.12164769737448,122.1159313080217,122.50483703613281,103916400
2021-02-23,120.32696020598745,123.1951256816812,115.10591870921408,122.36870574951172,158273000
2021-02-24,121.47425599277665,122.0770528881491,118.83943034770908,121.87287902832031,111039900
2021-02-25,121.22143247515002,122.95205487892161,117.19627482972935,117.6337890625,148199500
2021-02-26,119.18940199791072,121.3867126364465,117.83796059992733,117.89630126953125,164560400
2021-03-01,120.31724465842385,124.38129410804099,119.38387540817448,124.24517822265625,116307900
2021-03-02,124.84798440825688,125.1493828138184,121.54229695879663,121.64924621582031,102260900
2021-03-03,121.34782670099902,122.22286260620939,118.46021192268415,118.67411041259766,112966300
2021-03-04,118.37272563793533,120.17140622773192,115.32955269233915,116.79766082763672,178155000
2021-03-05,117.62407506080334,118.55744422295456,114.30866329373481,118.05186462402344,153766600
2021-03-08,117.57546286579684,117.6435208042625,112.98639210708664,113.13223266601562,154376600
2021-03-09,115.72818634833145,118.67413499120984,115.49484586453441,117.73104095458984,129525800
2021-03-10,118.31438961434448,118.78107052799325,116.13652062478559,116.65182495117188,111943300
2021-03-11,119.14080957092585,119.79222236399583,117.89631724453561,118.57689666748047,103026500
2021-03-12,117.06016987865702,117.80880722667213,115.8545688924242,117.67269134521484,88105100
2021-03-15,118.04216378802697,120.56031519817381,117.07962044686742,120.55059051513672,92403800
2021-03-16,122.21315268038276,123.6909929248944,121.26034146014726,122.08676147460938,115227900
2021-03-17,120.60892077273179,122.36870994462072,118.94634875177347,121.29922485351562,111932600
2021-03-18,119.47137236768086,119.7630534964986,116.98238776140393,117.18656158447266,121229700
2021-03-19,116.5740372845451,118.0615946863235,116.36013878430732,116.66153717041016,185549500
2021-03-22,116.99211676480378,120.43392009028169,116.92405882126718,119.96723175048828,111912300
2021-03-23,119.90889482634996,120.79364806529563,118.75190240381558,119.14080810546875,95467100
2021-03-24,119.41304074611715,119.49082337056949,116.73932422708299,116.7587661743164,88530500
2021-03-25,116.22401924724316,118.28521414548541,115.6989976953015,117.24488830566406,98844700
2021-03-26,117.01153462244342,118.11019359332141,115.62120198978319,117.8476791381836,94071200
2021-03-29,118.27548724702227,119.1796897776827,117.3810093980004,118.02269744873047,80819200
2021-03-30,116.7782247452838,117.06018121783144,115.56289895900598,116.57405090332031,85671900
2021-03-31,118.27548172785468,120.09360396821516,117.7893515172328,118.76161193847656,118323800
2021-04-01,120.22973871260609,120.7353109160336,119.09218827381586,119.58804321289062,75089100
2021-04-05,120.433912742921,122.6603902138714,119.65610136330406,122.40760040283203,88651200
2021-04-06,122.99094842847227,123.6034698490668,122.16452851942161,122.70899200439453,80171300
2021-04-07,122.33953300139642,124.3715537614014,121.66867092380699,124.35211181640625,83466700
2021-04-08,125.37300543377471,126.77306311647119,124.95494048338279,126.743896484375,88844600
2021-04-09,126.199437772379,129.34955284443396,125.87858997142516,129.3106689453125,106686700
2021-04-12,128.84395658242786,129.16480430519968,127.00638495965602,127.5994644165039,91420000
2021-04-13,128.76618458654,130.9246041100814,128.27032223067465,130.7009735107422,91266500
2021-04-14,131.19685094542675,131.2551842091699,128.0078372862974,128.36756896972656,87222800
2021-04-15,130.10789773924117,131.2551579244961,129.93288314753977,130.76902770996094,89347100
2021-04-16,130.57457716887737,130.9343087763494,129.5828673880838,130.43846130371094,84922400
2021-04-19,129.80647084298718,131.71210761044756,129.64118836775324,131.09957885742188,94264200
2021-04-20,131.27462375202614,131.7704712922572,128.15366085563892,129.4176025390625,94812300
2021-04-21,128.6884221419856,130.0398638721709,127.65782821133615,129.7967987060547,68847100
2021-04-22,129.3495375220918,130.42874732999832,127.7647629078915,128.28005981445312,84566500
2021-04-23,128.49393862388337,131.37182111341806,128.49393862388337,130.59402465820312,78657500
2021-04-26,131.08988992627178,131.3135056957382,129.85511489088012,130.98294067382812,66905100
2021-04-27,131.26490623623846,131.65381940116677,130.38987757731036,130.662109375,66015800
2021-04-28,130.5843034959248,131.27461496858584,129.38842725213598,129.8745574951172,107760100
2021-04-29,132.6843927517533,133.26775499092827,128.77590135452442,129.77732849121094,151101000
2021-04-30,128.1244700954483,129.8550923634748,127.43417354212586,127.8133544921875,109839500
2021-05-03,128.37728825955,130.35099100560777,128.17312183322954,128.86341857910156,75135100
2021-05-04,127.55086673903944,127.84254787757098,123.18541143255057,124.30351257324219,137564700
2021-05-05,125.61606280982821,126.83138852361431,124.42018646140798,124.54658508300781,84000900
2021-05-06,124.34240242288911,126.15080765787947,123.60348232032891,126.1410903930664,78128300
2021-05-07,127.43637521223602,127.83566778817108,126.10210583375782,126.81307220458984,78973300
2021-05-10,126.03396084545095,126.16055930554575,123.50178359349738,123.54074096679688,88071200
2021-05-11,120.2781205077101,122.97585322059021,119.56716154628263,122.62525177001953,126142800
2021-05-12,120.18075382257017,121.38840273799539,119.06075342898632,119.56718444824219,112172300
2021-05-13,121.32996037075966,122.85900193405529,121.01830882379365,121.70978546142578,105861300
2021-05-14,122.9563697993059,124.55358462246828,122.56680357723657,124.12506103515625,81918000
2021-05-17,123.51151514879045,123.61864605940792,121.9045589198871,122.97586059570312,74244600
2021-05-18,123.25829164809352,123.67707407576847,121.5247295992301,121.59290313720703,63342900
2021-05-19,119.94701893329513,121.66109889559455,119.65484232839697,121.43710327148438,92612000
2021-05-20,121.96300011967811,124.38803886132331,121.83638680726905,123.98873138427734,76857100
2021-05-21,124.48543261389995,124.66073707262268,121.94352167759979,122.15778350830078,79295400
2021-05-24,122.72264215777629,124.60229244585756,122.65446862112498,123.7842025756836,63092900
2021-05-25,124.48544437052729,124.97240785106588,123.02457621999051,123.58944702148438,72009500
2021-05-26,123.64787188578073,124.06665436080144,123.12195849177618,123.54074096679688,56575900
2021-05-27,123.14141426393122,124.3101054887469,121.81689357961606,122.01167297363281,94625600
2021-05-28,122.29413127736017,122.51813430989525,121.30074429262824,121.35917663574219,71311100
2021-06-01,121.81690564628397,122.07985859728936,120.70664664362424,121.03777313232422,67637100
2021-06-02,121.03778177713107,121.97273640244447,120.81378617886122,121.79743194580078,59278900
2021-06-03,121.42734431379967,121.59290756486408,119.91777779316642,120.31708526611328,76229200
2021-06-04,120.83328456288871,122.86876489445729,120.61902269321199,122.60580444335938,75169300
2021-06-07,122.87846962118002,123.0245579005518,121.57343116760482,122.61551666259766,71057600
2021-06-08,123.29725429760116,125.10873859219605,122.91742922255409,123.43360137939453,74403800
2021-06-09,123.89133789579034,124.41725123885395,123.21933627459374,123.81342315673828,56877900
2021-06-10,123.7063015458541,124.84578425664763,122.65448221103098,122.8200454711914,71186400
2021-06-11,123.22907197958327,124.11533537847384,122.81028956380078,124.02767944335938,53522400
2021-06-14,124.48542499652146,127.13445925571631,123.75499103493249,127.0760269165039,96906500
2021-06-15,126.5501111042377,127.19289650672997,126.0144566021608,126.2579345703125,62746300
2021-06-16,126.96888521245891,127.47532354376922,125.10872484257997,126.75462341308594,91815000
2021-06-17,126.41377710106734,129.0920350275276,126.26768138864819,128.3518524169922,96721700
2021-06-18,127.30000410767042,128.07912157458279,126.84226442246718,127.05652618408203,108953300
2021-06-21,126.90073257983343,128.95568742961305,125.8391720998025,128.8485565185547,79663300
2021-06-22,128.6829675675103,130.58209255634193,128.18626305147518,130.4846954345703,74783600
2021-06-23,130.28020184164183,130.81585637036997,129.75428108226635,130.21202087402344,60214200
2021-06-24,130.9424885852543,131.12753427569476,129.4621379224508,129.92962646484375,68711000
2021-06-25,129.97829578212327,130.39707078875628,129.3452440962624,129.63742065429688,70783700
2021-06-28,129.929615432019,131.72161011019884,129.87118308436172,131.2638702392578,62111300
2021-06-29,131.28333809814853,132.92925172484664,130.84508067855094,132.77342224121094,64556100
2021-06-30,132.6176097807272,133.8252661428457,132.32543317658508,133.3870086669922,63261400
2021-07-01,133.03636937045857,133.74732088516166,132.21827209331306,133.6888885498047,52485800
2021-07-02,134.30245986108,136.34768102067733,134.1563790042736,136.30873107910156,78852600
2021-07-06,136.4158316454704,139.41546688315523,136.4158316454704,138.31495666503906,108181800
2021-07-07,139.79530375392193,141.11009072715532,138.9382714107099,140.79844665527344,104911600
2021-07-08,137.88647618396286,140.30177401839643,137.00021261100082,139.503173828125,105575500
2021-07-09,139.02593841657492,141.85027728075062,138.92854127199598,141.32437133789062,99890800
2021-07-12,142.39566628334748,142.5027971874123,140.24331443285035,140.7302703857422,76299700
2021-07-13,140.27253162136344,143.61305721006948,139.88297280050324,141.8405303955078,100827100
2021-07-14,144.23634613048517,145.6679976912108,143.827290089665,145.25894165039062,127050800
2021-07-15,145.3466125845258,146.08678025462487,143.25269315111336,144.60643005371094,106820300
2021-07-16,144.58698895603396,145.85306272785598,142.07429409288326,142.57098388671875,93251400
2021-07-19,139.99985324997218,140.31151223035158,137.9741144596603,138.7337646484375,121434600
2021-07-20,139.71739371398104,143.26243208036362,139.2304378127707,142.3372039794922,96350000
2021-07-21,141.73339430532917,142.31774737595725,140.85687956010295,141.60678100585938,74993500
2021-07-22,142.13268067660871,144.33371584309756,142.0060673959038,142.97024536132812,77338200
2021-07-23,143.70069581628857,144.84017089255983,143.0871265980212,144.68434143066406,71447400
2021-07-26,144.4019164234274,145.92121655552194,143.8467795270844,145.10313415527344,72434100
2021-07-27,145.22975487472473,145.31741825019225,141.7528967098648,142.94107055664062,104818600
2021-07-28,141.03217541296894,143.13582861718922,138.82139130869905,141.19773864746094,118931200
2021-07-29,140.91531705042755,142.72679380278865,140.80818614558353,141.8405303955078,56699500
2021-07-30,140.61343902803458,142.51256472212955,140.35047859016916,142.05482482910156,70440600
2021-08-02,142.5417457565108,143.11635020883497,141.4607029570404,141.72366333007812,62880000
2021-08-03,142.00608912842299,144.17790846415585,141.39251988736964,143.51565551757812,64786600
2021-08-04,143.42802249439222,143.9344460279435,142.4638442773508,143.11636352539062,56368300
2021-08-05,143.14558074057953,143.98314564998552,142.35671440302508,143.22349548339844,46397700
2021-08-06,142.74556017853746,143.48683682415765,142.04329182669468,142.5407257080078,54126800
2021-08-09,142.59920422228612,143.0868896094232,141.9359592396086,142.49191284179688,48908700
2021-08-10,142.83334623786462,144.0720717018618,141.72142377939727,142.0140380859375,69023100
2021-08-11,142.4529773420197,143.1064743087136,141.9457801130242,142.2676544189453,48493500
2021-08-12,142.5895380873464,145.3791007055084,142.24815216632183,145.22303771972656,72282600
2021-08-13,145.30105342277125,145.75947909182239,144.61829653790267,145.4278564453125,59375000
2021-08-16,144.88165713815187,147.46640020534528,142.86264613601338,147.3981170654297,103296000
2021-08-17,146.52999034959836,147.9442754116722,145.41806793520456,146.49098205566406,92229700
2021-08-18,146.1105732952071,147.00791279558547,142.55046034897777,142.7552947998047,86326000
2021-08-19,141.45804637705135,144.35489926234624,140.94110096897992,143.0869140625,86960300
2021-08-20,143.80872432514332,144.84261535990314,143.16497579607238,144.54025268554688,60549600
2021-08-23,144.65728343893502,146.49098584387335,144.24762936861552,146.02281188964844,60131800
2021-08-24,145.76924724797075,147.14452444194586,145.47663286242496,145.93505859375,48606400
2021-08-25,146.12035519130814,146.61780402195117,144.15986446266652,144.70606994628906,58991300
2021-08-26,144.6963131171606,145.44733817166107,143.87699005673284,143.90625,48597200
2021-08-27,143.847714105832,145.08643947056316,143.21372889495123,144.9401397705078,55802400
2021-08-30,145.33029180641267,149.70971334019745,144.9498976782118,149.34881591796875,90956700
2021-08-31,148.90015120519527,149.03670255975587,147.56388271808643,148.09059143066406,86453100
2021-09-01,149.0659558284964,151.16299758315895,148.5880186674378,148.7538299560547,80313700
2021-09-02,150.08035127222993,150.90942268736845,148.64655451799135,149.8657684326172,71115500
2021-09-03,149.97309277453053,150.82167596581917,149.3195957587932,150.4998016357422,57808700
2021-09-07,151.1532776856572,153.3868712092461,150.58756059759483,152.83091735839844,82278300
2021-09-08,153.11374935418493,153.17226923823645,150.18763608775444,151.28981018066406,74420200
2021-09-09,151.66046161317462,152.26518694823613,150.15838174591684,150.2754364013672,57305700
2021-09-10,151.18254333907822,151.65071737057013,145.03770150418336,145.30105590820312,140893200
2021-09-13,146.92017826380882,147.69071501388157,145.08647552487224,145.8667755126953,102404300
2021-09-14,146.64710444470512,147.34937308405637,143.29182425291307,144.47201538085938,109296300
2021-09-15,144.9011324843855,145.75946384011283,142.76506733146184,145.35955810546875,83281300
2021-09-16,144.78410203525485,145.30104757606733,143.59414799108714,145.12547302246094,68034100
2021-09-17,145.15474141357228,145.15474141357228,142.17009319848557,142.46270751953125,129868800
2021-09-20,140.25836010441694,141.272739448902,137.79067253613061,139.41954040527344,123478900
2021-09-21,140.3851770808151,141.03868891632874,139.26350609481372,139.89749145507812,75834000
2021-09-22,140.89234513594866,142.82357564689215,140.16081684875996,142.25787353515625,76404300
2021-09-23,143.03817057425258,143.457587900221,142.0530510886709,143.2137451171875,64838200
2021-09-24,142.0725514999574,143.8379707289355,141.97500844122595,143.301513671875,53477900
2021-09-27,141.88723117083788,142.3651683544505,140.2778748536838,141.78968811035156,74150700
2021-09-28,139.72194150586213,141.1849984849811,138.20036462885602,138.41494750976562,108972300
2021-09-29,138.96112166840754,140.89235227723765,138.53195600356045,139.312255859375,74602000
2021-09-30,140.12181985738948,140.82408826037346,137.80043180958225,138.0150146484375,89056700
2021-10-01,138.40512951469634,139.40001203413104,135.68385115865894,139.13665771484375,94639600
2021-10-04,138.26858674850567,138.70751560218017,134.8645515046284,135.71311950683594,98322000
2021-10-05,136.0545015739937,138.73677173382114,135.92769858570284,137.6345977783203,80861100
2021-10-06,136.035013031244,138.64900052233625,134.96209883237336,138.50270080566406,83221100
2021-10-07,139.53659409609236,140.66802820004892,139.20497147758243,139.76092529296875,61732700
2021-10-08,140.48272854170557,140.62902828496263,139.048931525846,139.38055419921875,58773200
2021-10-11,138.76606124094116,141.2434974770439,138.31738395190774,139.29275512695312,64452200
2021-10-12,139.7023736818469,139.72188526761755,137.56630897082442,138.0247344970703,73035900
2021-10-13,137.76143421982243,137.9174823014052,135.77166862906188,137.43955993652344,78762700
2021-10-14,138.60998871817293,140.3363997461316,138.024760100328,140.21934509277344,69907100
2021-10-15,140.2291266309253,141.33128600610704,139.97552058470157,141.27276611328125,67940300
2021-10-18,139.9170017643,143.2235096811566,139.63415065247935,142.94065856933594,85589200
2021-10-19,143.38930715549284,145.49611240776287,142.94064476173952,145.09620666503906,76378900
2021-10-20,145.03768735830047,146.0618300447265,144.47197030405582,145.58389282226562,58418800
2021-10-21,145.14498028007083,145.95454013073487,144.2281290062348,145.79847717285156,61421000
2021-10-22,146.00329463249273,146.48121692115393,144.97915205496275,145.02792358398438,58883400
2021-10-25,145.0181953145529,145.69120388157359,143.98430413512364,144.97918701171875,50720600
2021-10-26,145.6521738906202,147.12497895180522,145.34004798248478,145.64242553710938,60893400
2021-10-27,145.68143968000115,146.04232225315448,144.83287151805337,145.1840057373047,56094900
2021-10-28,146.1301073675776,149.39759166799496,146.03256430303534,148.8123779296875,100077900
2021-10-29,143.59415144162946,146.24716233667445,142.8041031388741,146.11061096191406,124953200
2021-11-01,145.3205654883688,146.01307072992742,144.1598713388164,145.2913055419922,74588300
2021-11-02,144.99868985144568,147.8370236875447,144.98892661408803,146.3251953125,69122000
2021-11-03,146.68605801297326,148.22714612515688,146.1301042293714,147.75897216796875,54511500
2021-11-04,147.8468215465748,148.6758784354682,146.9299699069843,147.24209594726562,60394600
2021-11-05,148.36531545380285,148.6681193629179,146.57777973692555,147.76947021484375,65463900
2021-11-08,147.8964665160418,148.0527572213007,146.67547332752292,146.948974609375,55020900
2021-11-09,146.71454897260128,147.91600218212633,146.57779832196186,147.31039428710938,56787900
2021-11-10,146.5387319232798,146.64617992683026,144.4190894029692,144.48745727539062,65187100
2021-11-11,145.50337745552386,145.96245735437574,144.25306624890754,144.43865966796875,41000000
2021-11-12,144.9856178095641,146.90990439693277,144.05766590459464,146.50942993164062,63804000
2021-11-15,146.88062009926887,148.35558969382197,145.96243066007273,146.5192108154297,59222800
2021-11-16,146.46058703081326,147.97462166575806,145.87450429964008,147.49598693847656,59256200
2021-11-17,147.4959684847215,151.4031464578267,147.4862059054811,149.92819213867188,88807000
2021-11-18,150.14313374583702,154.9880275581461,149.49844560723523,154.2065887451172,137827700
2021-11-19,153.99170308898834,157.2835118889617,152.89769761975694,156.8244171142578,117305600
2021-11-22,157.92816624213555,161.85488526610547,157.26395297389544,157.2834930419922,117467900
2021-11-23,157.38111945184002,158.04534743857107,155.36892523842945,157.66439819335938,96041900
2021-11-24,157.0197711747025,158.37751541168896,155.9355283016625,158.18215942382812,69463600
2021-11-26,155.8671359816053,156.72670517440085,152.7316184657377,153.17117309570312,76959800
2021-11-29,155.67178482147494,157.44955853817083,155.10524204048522,156.5216064453125,88748200
2021-11-30,156.27736517799391,161.67903783874624,156.20898240534294,161.46414184570312,174048100
2021-12-01,163.59354652559932,166.3481143018466,160.7120055934647,160.94644165039062,152052500
2021-12-02,155.05640108044867,160.38969196905754,154.13821164787007,159.95989990234375,136739200
2021-12-03,160.21386222018816,161.13205157338396,156.01364225594332,158.08444213867188,118023100
2021-12-06,160.47759138079394,163.98429560873123,160.4678287996897,161.48370361328125,107497000
2021-12-07,165.15642772326544,167.59841414884357,164.43359437560147,167.2076873779297,120405400
2021-12-08,168.13570063364043,171.87682666062753,166.73887626153672,171.01724243164062,116998900
2021-12-09,170.85117673379307,172.64847553279014,169.8841445461616,170.50929260253906,108923700
2021-12-10,171.1442122366866,175.46164318083981,170.63627480069655,175.2858123779297,115402700
2021-12-13,176.91705651666257,177.90362873179458,171.45677755961725,171.6619110107422,153237000
2021-12-14,171.1832561903654,173.6154801461527,168.21380712036787,170.28460693359375,139380400
2021-12-15,171.04649539113694,175.33462289814014,168.31146765189683,175.13926696777344,131063300
2021-12-16,175.11975249855263,176.93659123544322,166.78769490587976,168.2626495361328,150185800
2021-12-17,165.98672717242667,169.44458898529163,165.75230596796482,167.1686553955078,195432700
2021-12-20,164.37496306745004,166.62159320430635,163.57399939708904,165.81085205078125,107499100
2021-12-21,167.57888393978646,169.1808265329912,165.1955026634982,168.9757080078125,91185900
2021-12-22,169.02452194022183,171.7790897184107,168.15517538914062,171.56419372558594,92135300
2021-12-23,171.76934702247985,172.74614168304623,171.2028043307869,172.18936157226562,68356600
2021-12-27,172.9805656257053,176.2332936859138,172.96104046356876,176.1453857421875,74919600
2021-12-28,175.97930746687297,177.12215528727302,174.38712760111903,175.12948608398438,79144300
2021-12-29,175.16861028282216,176.43844648209003,174.00622210590865,175.2174530029297,62348900
2021-12-30,175.30535282655248,176.379833000267,173.95737131856603,174.0648193359375,59773000
2021-12-31,173.95738546431582,175.07093096003192,173.14664397725932,173.449462890625,64062300
2022-01-03,173.70341256103026,178.6362290402615,173.58620196027948,177.78640747070312,104487900
2022-01-04,178.39201490568885,178.69481886787932,174.96345608354855,175.52999877929688,99310400
2022-01-05,175.4420853705736,175.9890879826122,170.587414831676,170.8609161376953,94537600
2022-01-06,168.69243553501073,171.23210762394186,167.65703557565845,168.00868225097656,96904000
2022-01-07,168.8780217142409,170.09901499255682,167.06118311991872,168.1747283935547,86709100
2022-01-10,165.15645789652865,168.4970941484729,164.26757109809446,168.1942901611328,106765600
2022-01-11,168.32129403805408,171.11491297284869,166.85610177757536,171.01724243164062,76138300
2022-01-12,172.0330771442787,173.06847713761263,170.76325596284155,171.45677185058594,74805200
2022-01-13,171.7009797317892,172.52148374355693,167.80356331883507,168.1942901611328,84505800
2022-01-14,167.36399798657283,169.74737940608347,167.11979931497876,169.05386352539062,80440800
2022-01-18,167.52999013305566,168.53608710034226,165.47873098335913,165.85968017578125,90956700
2022-01-19,166.05506272277646,167.1100025568735,162.08927949191408,162.37254333496094,94815000
2022-01-20,163.10515822088573,165.74250066133902,160.3701303584997,160.69247436523438,91420500
2022-01-21,160.604556493883,162.4702376425932,158.5337568383858,158.64120483398438,122848900
2022-01-24,156.30665983978236,158.5337501042213,151.11010595295735,157.86952209472656,162294600
2022-01-25,155.29079647095608,158.98307875093712,153.3762874615523,156.07223510742188,115798400
2022-01-26,159.70591419723806,160.575260779249,154.15772812433738,155.9843292236328,108275300
2022-01-27,158.68029600296296,160.0380400395087,154.6070638933257,155.52525329589844,121954600
2022-01-28,161.86463986114418,166.39696621279427,159.02216399560837,166.37742614746094,179935700
2022-01-31,166.2113952349244,170.93907816240107,165.57646971606974,170.72418212890625,115541600
2022-02-01,169.97202274767105,170.78276405312576,168.31147491088436,170.55810546875,86213900
2022-02-02,170.69487983616585,171.79866265554188,169.30783310188434,171.75958251953125,84914300
2022-02-03,170.4311395793071,172.15030783567607,168.125903430298,168.88780212402344,89418100
2022-02-04,167.90977257243412,170.27664070855118,166.93173331488632,168.60418701171875,82465400
2022-02-07,169.0638417050099,170.12990075671365,167.19578341710826,167.89019775390625,77251200
2022-02-08,167.95862803498034,171.49913925228722,167.6652133594248,170.9905548095703,74829200
2022-02-09,172.1838075995271,172.77062217708496,171.05905354274313,172.40875244140625,71285000
2022-02-10,170.31570020808385,171.62626880440877,167.78258293824175,168.34005737304688,90865900
2022-02-11,168.54547473503922,169.27900403758753,164.34967876719554,164.93650817871094,98670700
2022-02-14,163.69441590726865,165.8558891027738,162.9022065441299,165.1712646484375,86185500
2022-02-15,167.21533801275692,169.15185115822308,166.5111487010071,168.995361328125,62527400
2022-02-16,168.0760262456703,169.53329496166765,166.31555287107355,168.76065063476562,61177400
2022-02-17,167.27404295611913,168.1347222265384,164.7702649952927,165.1712646484375,69589300
2022-02-18,166.0906242687398,166.79479876362558,162.54033719370844,163.62596130371094,82772700
2022-02-22,161.35688974047144,163.02934320107533,158.58903724171788,160.71139526367188,91162800
2022-02-23,161.90460945584556,162.50121399005073,156.24176881453315,156.55474853515625,90009200
2022-02-24,149.2291965620497,159.27366155009665,148.66193213542687,159.16607666015625,141147500
2022-02-25,160.24193771015948,161.4938266826065,157.3371601146723,161.22976684570312,91974200
2022-02-28,159.4790920596061,161.78726549413435,158.86292250111,161.4938507080078,95056600
2022-03-01,161.08302534266187,162.94130845487337,158.4129829679633,159.615966796875,83474400
2022-03-02,160.77987821220702,163.68465609606667,159.37149924746353,162.9022216796875,79724800
2022-03-03,164.77023477279693,165.2005743290728,161.9143626273284,162.5794219970703,76678400
2022-03-04,160.8777043364537,161.91442370014718,158.54019079561948,159.58668518066406,83737200
2022-03-07,159.7724722055909,161.3960207362876,155.54733601828758,155.8016357421875,96418800
2022-03-08,155.33219707675556,159.30303394754864,152.3785144348394,153.9824981689453,131148300
2022-03-09,157.9337564869507,159.8213797915154,155.90922322313332,159.37147521972656,91454900
2022-03-10,156.68188663700346,156.86771648439594,152.5545597614365,155.03878784179688,105342000
2022-03-11,155.43973102802846,155.78205064733166,151.10702542359093,151.33197021484375,96970100
2022-03-14,148.1240148231261,150.73537736075448,146.80367102699051,147.31224060058594,108732100
2022-03-15,147.58609577139651,152.1535515492418,147.0775261791108,151.68408203125,92964300
2022-03-16,153.60105321090987,156.48626575095446,151.06793536575267,156.08526611328125,102300200
2022-03-17,155.12675274621202,157.4642651537203,154.1682787891268,157.0926055908203,75615400
2022-03-18,156.98503345512586,160.86784945274542,156.25150421008976,160.3788299560547,123511700
2022-03-21,159.9191797677464,162.69682236043158,159.4301601813594,161.7481231689453,95811400
2022-03-22,161.8752422072329,165.69937857870127,161.2884277154457,165.11256408691406,81532000
2022-03-23,164.30078278901993,168.84865833026834,163.9682381752626,166.47203063964844,98062700
2022-03-24,167.30337650948087,170.31573891650316,166.4720521767643,170.24728393554688,90131400
2022-03-25,170.061446329407,171.43069512284325,168.95625735233114,170.88299560546875,80546200
2022-03-28,168.38901573521346,171.87083307439428,168.22275085370143,171.7436981201172,90371900
2022-03-29,172.80975399507543,175.07879724912362,172.46743429498167,175.0299072265625,100589400
2022-03-30,174.62886654102215,175.6655854938626,172.8194884204446,173.86599731445312,92633200
2022-03-31,173.93446796182153,174.120297776475,170.5700111087268,170.77540588378906,103049300
2022-04-01,170.208175340956,171.0395147015426,168.1640768197994,170.48202514648438,78751300
2022-04-04,170.73630961524591,174.57022147286082,170.60915974417932,174.5213165283203,76468400
2022-04-05,173.60194829792937,174.38438259894033,170.58958593943765,171.2155303955078,73401800
2022-04-06,168.57484765163213,169.8169616919483,166.393824277865,168.05648803710938,89058800
2022-04-07,167.4011755212215,169.55285855113002,166.11994669119974,168.35964965820312,77594700
2022-04-08,168.0075484323814,168.0075484323814,165.48420586824818,166.3546600341797,76575500
2022-04-11,165.00497220353915,165.31793693449984,161.8654603339608,162.10997009277344,72246700
2022-04-12,164.33012199148104,166.13948524268093,162.98042335456353,163.97802734375,79265200
2022-04-13,163.71395993382896,167.28379658301122,163.10758048377514,166.65785217285156,70618900
2022-04-14,166.8730302686766,167.5087646523774,161.41557017548345,161.6600799560547,75329400
2022-04-18,160.3201618914843,162.94131434841603,159.97785717263437,161.44491577148438,69023900
2022-04-19,161.39603175237912,164.1345444765827,160.31040765157212,163.7237548828125,67723800
2022-04-20,165.0538477396104,165.17122256165572,162.45227547603122,163.5574493408203,67929800
2022-04-21,165.2006123983915,167.76307044383682,162.26649466439048,162.76528930664062,87227800
2022-04-22,162.80437847987656,164.18340212764667,157.95329847424364,158.23692321777344,84882400
2022-04-25,157.5816809008669,159.58666436994497,154.98010780953732,159.30303955078125,96046400
2022-04-26,158.68684707978605,158.77486701882205,153.2782919448604,153.35653686523438,95623200
2022-04-27,152.48606720314393,156.28084845296394,151.96770771639416,153.13157653808594,88063200
2022-04-28,155.7527344180899,160.9070049099631,155.43975472715812,160.04632568359375,130216800
2022-04-29,158.28583697775457,162.55008785176082,153.7966412998766,154.18785095214844,131747600
2022-05-02,153.26850950984627,154.75511815394006,149.9040527150275,154.49105834960938,123055300
2022-05-03,154.67689768841237,157.18069064394373,152.88709903691972,155.97769165039062,88966500
2022-05-04,156.1635144371754,162.82395888042848,155.76251479077115,162.3740692138672,108256500
2022-05-05,160.25171284753384,160.47665766238154,151.5471558846843,153.3271942138672,130525300
2022-05-06,152.8080631040653,156.16767394547392,151.0156200226824,154.052001953125,116124600
2022-05-09,151.7502087551316,152.63174611813972,148.38082388612466,148.93911743164062,131577900
2022-05-10,152.32814774676658,153.5231099451531,149.7912929478581,151.3388671875,115366700
2022-05-11,150.34962062380012,152.25959652859348,142.8174450559726,143.4932861328125,142689800
2022-05-12,139.83977549024235,143.19937058277358,135.95125505327687,139.6340789794922,182602000
2022-05-13,141.62247481337442,145.06044619602298,140.1728540722722,144.09075927734375,113990900
2022-05-16,142.56275232444813,144.49232147743598,141.22085987637433,142.55294799804688,86643800
2022-05-17,145.80482673464496,146.69615365751025,143.66956086149628,146.17703247070312,78336300
2022-05-18,143.83609605190958,144.33562356857507,137.02872402723415,137.9298553466797,109742900
2022-05-19,137.00914057415054,138.75260707730666,133.7964597180681,134.53106689453125,136095600
2022-05-20,136.2353120090451,137.8122689524701,129.88831177177445,134.76609802246094,137426100
2022-05-23,134.96201586760006,140.31975175202894,134.82488980062982,140.17283630371094,117726300
2022-05-24,137.92003986063096,139.05623582746938,134.51146690573626,137.47927856445312,104132700
2022-05-25,135.58889997563415,138.87994101283223,135.5007506936718,137.63601684570312,92482700
2022-05-26,134.5702485880299,141.37760590054086,134.32537951243148,140.8291015625,90601500
2022-05-27,142.4060433122878,146.6079896103765,142.27870662441157,146.56881713867188,90978500
2022-05-31,146.01049226377089,147.5678554930359,143.8262500562877,145.7852020263672,103718400
2022-06-01,146.82350810090958,148.6257560566862,144.64906927179914,145.65794372558594,74286600
2022-06-02,144.79596367082308,148.16536407915592,143.8458705924634,148.10659790039062,72348100
2022-06-03,143.88503314588232,144.93307974702813,141.49512401563555,142.396240234375,88570300
2022-06-06,144.01241946705179,145.52082155094925,141.92612987175013,143.14068603515625,71598400
2022-06-07,141.38742597375742,145.94198530883733,141.14255687089025,145.65794372558594,67808200
2022-06-08,145.53057980516448,146.7940975636926,144.43357121198528,144.92330932617188,53950200
2022-06-09,144.0613709060868,144.91351047437155,139.60475090946733,139.71249389648438,69473000
2022-06-10,137.4009420785548,137.8710865448469,134.24702701533337,134.3155975341797,91437900
2022-06-13,130.1429657001856,132.42514647480579,128.74232225475177,129.1732940673828,122207100
2022-06-14,130.3976794412042,131.14207601932122,128.7815346427886,130.03526306152344,84784300
2022-06-15,131.5338494146611,134.52125474775525,129.4475753177957,132.65045166015625,91533000
2022-06-16,129.36922461121898,129.67285985675707,126.39160844816745,127.39067840576172,108123900
2022-06-17,127.40048374314352,130.34870189215334,127.14581035148301,128.85989379882812,134520300
2022-06-21,130.68172228241795,134.24701531100777,130.58378362269173,133.08143615722656,81000500
2022-06-22,132.0235937967665,134.93263938077834,131.16166488175563,132.57211303710938,73409200
2022-06-23,134.01190702274286,135.74556869818326,132.8463282477274,135.43214416503906,72433800
2022-06-24,137.02867627896833,138.99743245843743,136.90135457141264,138.7525634765625,89116800
2022-06-27,139.77121186509095,140.54500621736102,138.07672269528902,138.7525634765625,70207900
2022-06-28,139.21294709984699,140.47646473111445,134.50166930718802,134.61920166015625,67083400
2022-06-29,134.63877479951915,137.78288432606877,133.86498040570075,136.3724365234375,66242400
2022-06-30,134.43310739232075,135.53011594509118,131.0245344279122,133.9139862060547,98964500
2022-07-01,133.2479278277153,136.1863562547321,132.87573705664798,136.07861328125,71051600
2022-07-05,134.94245447298385,138.70363989022064,134.11968301964518,138.6546630859375,73353800
2022-07-06,138.44898530382812,141.16212397864905,138.1845225098008,139.98675537109375,74064300
2022-07-07,140.34913434840425,143.5422362397496,140.3393449670909,143.34634399414062,66253700
2022-07-08,142.27870461467543,144.5217134378149,142.02404618814074,144.0221710205078,64547800
2022-07-11,142.68029721118097,143.63039032716094,140.8290877786715,141.89671325683594,63141600
2022-07-12,142.7684556965353,145.40324925342907,142.0730359145698,142.8664093017578,77588800
2022-07-13,140.05530730128564,143.44428658574307,139.20315284375937,142.50399780273438,71185600
2022-07-14,141.12290665908233,145.89295009063997,140.30993976956114,145.4228057861328,78140700
2022-07-15,146.70592606919652,147.7637620290884,145.15835206929646,147.08792114257812,76259900
2022-07-18,147.64623499784832,148.45920196700573,143.6891431225671,144.0515594482422,81420900
2022-07-19,144.88413581614606,148.1262000519952,143.89487011094474,147.9009246826172,82982400
2022-07-20,148.01842499581136,150.56506886066487,147.2838179131366,149.89901733398438,64823400
2022-07-21,151.3290755894941,152.37712231601844,148.82161886422966,152.16163635253906,65086600
2022-07-22,152.20079694797485,153.07253011561605,150.2614383736218,150.92747497558594,66675400
2022-07-25,150.8490788607654,151.85793784801606,149.1545897286283,149.8108367919922,53623900
2022-07-26,149.1350752848182,149.9480425121047,147.7050480720004,148.48863220214844,55138700
2022-07-27,149.44849566558014,154.1010080911438,149.03711741300498,153.57208251953125,78620700
2022-07-28,153.75817384315252,154.40463173955777,151.2409277129022,154.12059020996094,81378700
2022-07-29,157.93074338059327,160.27169083424704,156.22644946059978,159.17466735839844,101786900
2022-08-01,157.70546755749734,160.2325181068246,157.58793518866128,158.19520568847656,67829400
2022-08-02,156.81414688340993,159.07673453265352,156.35379186998745,156.72598266601562,59907000
2022-08-03,157.53891577890045,163.1709027619496,157.450766526114,162.72035217285156,82507500
2022-08-04,162.6028441618955,163.7586338892835,161.05526991931026,162.40695190429688,55474100
2022-08-05,160.0823608155598,162.67176904705062,159.87637852795464,162.1813507080078,56697000
2022-08-08,163.18179581085533,164.59420304327227,161.05338198319762,161.71054077148438,60276900
2022-08-09,160.87685067478762,162.64235984823435,160.12160217379457,161.7595977783203,63135500
2022-08-10,164.46669306704544,166.09488560468589,163.70164162721542,165.99681091308594,70170500
2022-08-11,166.80107516257124,167.713261012407,164.9669154508603,165.26116943359375,57149200
2022-08-12,166.5656804191666,168.87063747457046,166.1537158722437,168.80198669433594,68039400
2022-08-15,168.2330984181666,170.0672580774187,168.06635799154176,169.87109375,54091700
2022-08-16,169.46897842594916,170.3811644180383,168.37044601656845,169.7141876220703,56377100
2022-08-17,169.45915949271176,172.7743773350279,169.26299514755854,171.20504760742188,79542000
2022-08-18,170.42036968678258,171.54832585930868,169.80243780169835,170.8126983642578,62290100
2022-08-19,169.71418188591318,170.4105825645676,168.02714147630917,168.23312377929688,70346300
2022-08-22,166.43813305144465,166.6048734454239,163.93699720900392,164.3587646484375,69026800
2022-08-23,163.87817957003261,165.4769480040651,163.4564120530002,164.02529907226562,54147100
2022-08-24,164.11362798077442,164.8884825026039,163.0641253734546,164.31959533691406,53841500
2022-08-25,165.54563671843377,166.8795753877456,165.12388407113372,166.7716827392578,51218200
2022-08-26,167.3013400580589,167.77213753118554,160.42566451575846,160.48451232910156,78961000
2022-08-29,158.0618418321346,159.77830620497173,156.7573420791942,158.28744506835938,73314000
2022-08-30,159.02304111055471,159.44479366035216,154.69754815714236,155.86474609375,77906200
2022-08-31,157.23793525223348,157.50276536238007,154.1286845852179,154.2071533203125,87991100
2022-09-01,153.6382414104045,155.38412932683354,151.70599214901193,154.93295288085938,74229900
2022-09-02,156.6886721974106,157.2869832188541,152.00027368828214,152.8241729736328,76957800
2022-09-06,153.47150522336744,154.07961913097643,150.74478065092995,151.5686798095703,73714800
2022-09-07,151.85312983190147,153.6676685648947,150.66631095885003,152.97128295898438,87449600
2022-09-08,151.67660447799875,153.36364499716552,149.75415773532657,151.50006103515625,84923800
2022-09-09,152.49067960307377,154.79565178409123,151.78447599724632,154.35426330566406,68028800
2022-09-12,156.53168728327037,161.11219176205415,156.24725129466944,160.298095703125,104956000
2022-09-13,156.8357585865151,157.46349338077283,150.43089710301157,150.8918914794922,122656600
2022-09-14,151.82370097735972,154.08944624806267,150.66632089509483,152.333740234375,87965400
2022-09-15,151.68634859779593,152.26505346855464,148.4790242330061,149.45004272460938,90481100
2022-09-16,148.31230899881908,148.44962552428208,145.5267216779744,147.81207275390625,162278800
2022-09-19,146.44871449211215,151.59810678770754,146.2427471814607,151.51963806152344,81474200
2022-09-20,150.46032156880005,155.05064442927653,150.1464616536784,153.89324951171875,107689800
2022-09-21,154.32485530993193,155.6980357811973,150.65653533272163,150.77423095703125,101696800
2022-09-22,149.45988650515864,151.50983141556574,148.0180554999838,149.81298828125,86652500
2022-09-23,148.29270193451399,148.5673350111051,145.7130966439831,147.54725646972656,96029900
2022-09-26,146.79200808789446,150.82324708343862,146.77238716545008,147.8807373046875,93339400
2022-09-27,149.81300689014782,151.75505941669135,147.07646404392761,148.85177612304688,84442700
2022-09-28,144.81072915722658,147.75323924438212,142.06438341593866,146.96856689453125,146691400
2022-09-29,143.3002421615135,143.9083561021041,137.98409428837317,139.74960327148438,128138200
2022-09-30,138.5726303244555,140.35776059275875,135.35548662233668,135.55165100097656,124925300
2022-10-03,135.5614315097669,140.32829792951577,135.05139229305564,139.7201690673828,114311700
2022-10-04,142.25072959734777,143.41792753527417,141.4954812316815,143.30023193359375,87830100
2022-10-05,141.30916116839794,144.55572849466822,140.26946161653336,143.59449768066406,79471000
2022-10-06,143.0157891213956,144.71263233032042,142.43709909152813,142.64306640625,68402200
2022-10-07,139.80845770678545,140.3577388347644,136.7776758724346,137.40541076660156,85925600
2022-10-10,137.72906494140625,139.17089585032406,135.91452632499212,137.72906494140625,74899000
2022-10-11,137.21903351996755,138.64125855443186,135.57123522583825,136.31666564941406,77033700
2022-10-12,136.46381898254117,137.67024396939837,135.51240615749046,135.68894958496094,70433700
2022-10-13,132.4031536839207,140.8383404618952,131.7950247428473,140.24984741210938,113224000
2022-10-14,141.5445499741852,141.75053227831364,135.5418338120233,135.7281951904297,88598000
2022-10-17,138.36665154683308,140.16156968133146,137.5819791306435,139.68096923828125,85250900
2022-10-18,142.7019309504816,143.88873492707052,137.91544326382163,140.99526977539062,99136600
2022-10-19,138.974750883936,142.1722730567363,138.78838952105372,141.10316467285156,61758300
2022-10-20,140.2792613677454,143.09425775385319,139.91634163141597,140.6421661376953,64522000
2022-10-21,140.1321395849877,145.0167173026428,139.9163543059083,144.4478302001953,86548600
2022-10-24,144.36931363563602,147.35104973792764,143.20211591268642,146.58599853515625,75981900
2022-10-25,147.21375676214043,149.56777350297594,146.49775025875292,149.42063903808594,74732300
2022-10-26,148.06710843299678,149.07736899312695,145.20305222207165,146.4879608154297,88194300
2022-10-27,145.23250204640354,146.1937178528811,141.36800292889203,142.02516174316406,109180200
2022-10-28,145.36002058759684,154.48180643716302,144.98731275555542,152.7555389404297,164762400
2022-10-31,150.22494584357278,151.28425122815005,149.00870300208484,150.4014892578125,97943200
2022-11-01,152.10816072803473,152.47106552613408,146.27218522217615,147.76304626464844,80379300
2022-11-02,146.09561013902547,149.2539052221096,142.22130852087065,142.250732421875,93604600
2022-11-03,139.33766635298934,140.0634909361085,136.09109910411752,136.21861267089844,97918500
2022-11-04,139.59827074317496,140.16810151754257,132.0234836201314,135.95333862304688,140814800
2022-11-07,134.70562941235488,136.70984922405512,133.29087896117363,136.48388671875,83374600
2022-11-08,137.94772594743225,138.94982808586678,135.07893386231837,137.05368041992188,89908500
2022-11-09,136.07126240547402,136.12038860314053,132.22982461259858,132.50491333007812,74917800
2022-11-10,138.7631880310501,144.29444885253906,137.0536956773793,144.29444885253906,118854000
2022-11-11,143.26286485614494,147.37937519314977,141.83828048896822,147.07481384277344,93979700
2022-11-14,146.35768169663393,147.64470729999672,144.84467855116273,145.67977905273438,73374100
2022-11-15,149.55062261259357,150.89659305740093,145.95480194485347,147.40884399414062,89868300
2022-11-16,146.51480463978803,147.2418181251695,144.70706018330316,146.18075561523438,64218300
2022-11-17,143.8621718356149,148.8236171893066,143.5870831617381,148.0769500732422,80389400
2022-11-18,149.6390649453273,150.0222252429551,147.3401031595605,148.63694763183594,74829600
2022-11-21,147.5267343973142,147.7330433535175,145.12952086958856,145.4144287109375,58724100
2022-11-22,145.5323481888436,147.7821833963105,144.353379792247,147.54638671875,51804100
2022-11-23,146.82919031011303,149.1674586072914,146.72111870836432,148.42079162597656,58301400
2022-11-25,145.70918504900035,146.2691965387926,144.5400508786952,145.5126953125,35195900
2022-11-28,142.59478278627932,144.06847835661756,140.86565204725017,141.69091796875,69246000
2022-11-29,141.7596944766532,142.27057984792378,137.8887997144492,138.6944122314453,83763800
2022-11-30,138.9203582971881,146.1119996275474,138.08527316426236,145.43409729003906,111380900
2022-12-01,145.61096061666942,146.51482547786148,144.03901260255705,145.70919799804688,71250400
2022-12-02,143.40043783526434,145.40465760065473,143.09586143280922,145.21798706054688,65447400
2022-12-05,145.17867816271277,148.27343309869434,143.21375058654476,144.0586700439453,68826400
2022-12-06,144.49096870660432,144.71693119940028,139.431270776129,140.40391540527344,64727200
2022-12-07,139.69652452502783,140.85582456681212,137.54492649061714,138.46844482421875,69721100
2022-12-08,139.86351440208722,141.0031757409908,138.62561570092225,140.14842224121094,62128300
2022-12-09,139.84387422747133,143.0172426533997,138.42912415381502,139.6670379638672,76097000
2022-12-12,140.1975885864345,141.9660265170688,138.58634846990296,141.95620727539062,70462700
2022-12-13,146.87833415604433,147.34009332894186,141.71058010364294,142.91900634765625,93886200
2022-12-14,142.8011107216781,144.0881358235322,138.68458524913544,140.69863891601562,82291200
2022-12-15,138.63545090272245,139.3133532425607,133.6445335943197,134.10629272460938,98931900
2022-12-16,134.29296269794702,135.23611943482993,131.38486361161162,132.15118408203125,160156900
2022-12-19,132.74063065152126,132.8290487596847,129.0171009594656,130.04867553710938,79592600
2022-12-20,129.08591954394805,130.91330283228723,127.6122238272619,129.97996520996094,77432800
2022-12-21,130.64800547841642,134.4108428696223,130.42204304769788,133.07469177246094,85928000
2022-12-22,131.99402745433673,132.20033647277774,128.01504576681836,129.91119384765625,77852100
2022-12-23,128.62416529925937,130.09786107261186,127.36661277196195,129.5476837158203,63814900
2022-12-27,129.07610329036513,129.1055760060844,126.46274589439432,127.74977111816406,69007800
2022-12-28,127.39609129673738,128.7322427918136,123.6627329980518,123.82975006103516,85438400
2022-12-29,125.74551863845643,128.19185099265815,125.49008349000029,127.33711242675781,75703700
2022-12-30,126.1581553688859,127.67114272748928,125.19533773599038,127.6514892578125,77034200
2023-01-03,127.99538262842435,128.6045053870652,121.99252821247748,122.87674713134766,112117500
2023-01-04,124.66483150899292,126.4037966398773,122.886574422074,124.14412689208984,89113600
2023-01-05,124.90062068574457,125.52939692056383,122.57218626779334,122.82762145996094,80962700
2023-01-06,123.80029655267872,128.00523397524864,122.69993412258553,127.34698486328125,87754700
2023-01-09,128.18203319703136,131.07047871721036,127.61220248294386,127.86763763427734,70790800
2023-01-10,127.97572556898378,128.95818934117645,125.87325369613974,128.43748474121094,63896200
2023-01-11,128.94836939344688,131.1687321095965,128.17222961380043,131.1490936279297,69458900
2023-01-12,131.53227009080283,131.90559617413024,129.13505580606935,131.0705108642578,71379600
2023-01-13,129.7146531663583,132.55397204801548,129.35114647285715,132.3967742919922,57809700
2023-01-17,132.4656016206527,134.88245427698436,131.77787992946924,133.55613708496094,63646600
2023-01-18,134.4207108763407,136.17931456809228,132.66209219338052,132.8389434814453,69672800
2023-01-19,131.72876893688178,133.86071392112063,131.42420750930626,132.8979034423828,58280400
2023-01-20,132.90770800117681,135.59966433835268,131.86629872212012,135.45228576660156,80223600
2023-01-23,135.6978953680963,140.80671912517695,135.4817521326256,138.63546752929688,81760300
2023-01-24,137.84949253259393,140.64952034187644,137.83967329148908,140.0305633544922,66435100
2023-01-25,138.41930821894437,139.93229570032543,136.37578195167205,139.37229919433594,65799300
2023-01-26,140.65934626942868,141.72040901629467,139.41161299424252,141.4355010986328,54105100
2023-01-27,140.64951214628343,144.64813175929368,140.57091324840124,143.3709259033203,70555800
2023-01-30,142.41794502488958,142.9975950119405,140.34494601130174,140.4923095703125,64015300
2023-01-31,140.19759064122545,141.80883078137197,139.78495761656453,141.75970458984375,65874500
2023-02-01,141.44531098955775,144.03901475780756,138.84178798038548,142.87969970703125,77663600
2023-02-02,146.28885767804982,148.52887400177488,145.57166328269082,148.17520141601562,118339000
2023-02-03,145.43410775063012,154.62014981197694,145.23761799882098,151.7906494140625,154357300
2023-02-06,149.8944947732861,150.41519933800663,148.1358763450209,149.0692138671875,69858300
2023-02-07,147.99832954313612,152.50783427872634,147.99832954313612,151.93800354003906,83322600
2023-02-08,151.18154087876943,151.86926257026718,148.51905726950346,149.2559051513672,64120100
2023-02-09,151.08329292122983,151.62365104865805,147.78221371418798,148.2243194580078,56007100
2023-02-10,147.0632318137508,148.9130734935689,146.8270751036462,148.58836364746094,57450700
2023-02-13,148.52936881115792,151.7862873807752,148.49985109109068,151.38287353515625,62199000
2023-02-14,149.68057287811524,151.30412220458746,148.44078385852455,150.74325561523438,61707600
2023-02-15,150.6547103127393,153.0063833860837,150.42840282421838,152.839111328125,65573800
2023-02-16,151.04826665403036,153.82305157694913,150.8908438680814,151.2450714111328,68167900
2023-02-17,149.90686323328694,150.54643357945778,148.43091780603734,150.10365295410156,59144100
2023-02-21,147.79137232815333,148.87373860585663,146.0300835825423,146.0989532470703,58867200
2023-02-22,146.4826667367167,147.5453493019233,144.80009726904348,146.52203369140625,51011300
2023-02-23,147.6831183102613,147.92910925221886,144.8788305804024,147.00418090820312,48394200
2023-02-24,144.75090982195374,144.82962872471046,143.38320079150859,144.35733032226562,55469600
2023-02-27,145.3413038601465,146.7778826433076,145.08546365545737,145.5479278564453,44998500
2023-02-28,144.69188448050687,146.68932985809187,144.47541123636594,145.04611206054688,50547000
2023-03-01,144.47542675230628,144.8690063216874,142.6846051791963,142.97979736328125,55479000
2023-03-02,142.0647116163666,144.35734928778834,141.59239813777418,143.57017517089844,52238100
2023-03-03,145.66599039801153,148.6867663889097,144.96738452683869,148.60804748535156,70732300
2023-03-06,151.32377696340643,153.79353555974586,150.99908214162087,151.36314392089844,87558000
2023-03-07,151.23519878056746,151.55990856266533,148.70642019503097,149.16888427734375,56182000
2023-03-08,150.3594826497808,151.0089022608483,149.39520247867964,150.41851806640625,47204800
2023-03-09,151.09748364556307,152.06176399701366,147.82088228318355,148.17510986328125,53833600
2023-03-10,147.8011910673905,148.51948035027368,145.24287949222287,146.1186065673828,68572400
2023-03-13,145.43970497520198,150.68423448355665,145.33146834316847,148.0570526123047,84457100
2023-03-14,148.85404568502526,150.94004418166887,147.6929755826584,150.14303588867188,73695900
2023-03-15,148.76548332238644,150.7924462663543,147.51584514285557,150.53662109375,77167900
2023-03-16,149.71994010489203,153.9509875803486,149.20827470890512,153.35076904296875,76161100
2023-03-17,153.5770871091514,154.2265068856699,151.80594908869074,152.514404296875,98944600
2023-03-20,152.58330783129233,155.2892088870571,151.678047720229,154.8759307861328,73641400
2023-03-21,154.79720820376127,156.84383990664745,154.02970254755692,156.72576904296875,73938300
2023-03-22,156.7454392443716,159.53989288471735,155.27932775015748,155.29901123046875,75701800
2023-03-23,156.28297554136526,158.9593583364734,155.15140813839363,156.38136291503906,67622100
2023-03-24,156.31248202721346,157.76874417421377,155.3186840441415,157.68019104003906,59196500
2023-03-27,157.37517430078694,158.19186606543823,155.33836200567538,155.74179077148438,52390300
2023-03-28,155.43676283008696,155.94842821050446,153.47866946121147,155.12188720703125,45992200
2023-03-29,156.8143056879684,158.46737267599337,156.7946372221569,158.19186401367188,51305700
2023-03-30,158.9396407990746,159.86456899517702,158.68381566542436,159.75633239746094,49501700
2023-03-31,159.83510289651463,162.35404815041076,159.31360321570477,162.25564575195312,68749800
2023-04-03,161.63573905142377,163.62333513475417,161.58653785817188,163.50526428222656,56976200
2023-04-04,163.92836877990578,164.16451047380076,162.46225736922722,162.9739227294922,46278300
2023-04-05,162.09819114468434,162.4032175003463,159.2053353608918,161.13389587402344,51511700
2023-04-06,159.8252353547828,162.31467762112032,159.40213812085784,162.0194854736328,45390100
2023-04-10,158.8314373555464,159.43165588378906,157.51292944566782,159.43165588378906,47716900
2023-04-11,159.74652133194326,159.7563555644006,157.93601661540757,158.22137451171875,47644200
2023-04-12,158.6346273017189,159.46115319792995,157.2177171858746,157.5325927734375,50133100
2023-04-13,159.03807402297244,163.14120127307194,158.83143501847854,162.90504455566406,68445600
2023-04-14,161.9506011686896,163.65286938363687,161.19295983913122,162.5606689453125,49386500
2023-04-17,162.44258319038994,162.7377753387549,161.39958394505072,162.58033752441406,41516200
2023-04-18,163.43639900098648,164.7253892225956,162.99360326395418,163.8004608154297,49923000
2023-04-19,163.1412083770297,165.46336364998885,162.8853681685066,164.94186401367188,47720200
2023-04-20,163.4265370188754,165.17799130758831,162.9050374280842,163.97755432128906,52456400
2023-04-21,162.4032359760057,163.78077935638615,161.85221862385353,162.37371826171875,58337300
2023-04-24,162.35403159020615,162.9444158925364,161.26183114076272,162.67874145507812,41949600
2023-04-25,162.54099521393778,163.6430299514636,161.10440134757968,161.14376831054688,48714100
2023-04-26,160.44512426219072,162.62952495549953,160.18929909610858,161.13389587402344,45498800
2023-04-27,162.5409858833323,165.85693915334915,162.5409858833323,165.7093505859375,64902300
2023-04-28,165.78806481489534,167.12625617335198,165.1878463008649,166.95896911621094,55275900
2023-05-01,166.56538074727197,167.71661652166532,165.93564455408003,166.8704071044922,52472900
2023-05-02,167.3623966257795,167.6182368189597,164.85328597063295,165.83724975585938,48425700
2023-05-03,166.78183794919684,168.17906452442512,164.47936662159927,164.76470947265625,65136000
2023-05-04,162.2457710884036,164.3612870012041,161.67507035057545,163.13133239746094,81235400
2023-05-05,168.23812815446027,171.504895212846,168.02165491497223,170.78660583496094,113453200
2023-05-08,169.7140651629481,171.06210572406735,169.35000337616833,170.71771240234375,55962800
2023-05-09,170.27496029429,170.75709300871614,168.8482156052712,169.01548767089844,45326900
2023-05-10,170.24543004162442,171.23922812803062,169.14338031673282,170.77676391601562,53724500
2023-05-11,171.06211698775132,171.79024060925457,169.40904995436452,170.96371459960938,49514700
2023-05-12,171.07208510437357,171.50563041723674,168.49053896760506,170.03750610351562,45533100
2023-05-15,170.61887671576198,170.66814597161118,168.95367509817433,169.5448760986328,37266700
2023-05-16,169.4660482962473,170.59916600644908,169.2788341449399,169.5448760986328,42110300
2023-05-17,169.19013234108013,170.39221479568312,167.91905489711874,170.15574645996094,57951600
2023-05-18,170.46119076780954,172.6683237371227,170.04735615510018,172.48110961914062,65496700
2023-05-19,173.80145343851697,173.80145343851697,172.37273538217633,172.58950805664062,55809500
2023-05-22,171.42681253611994,172.14611049896482,170.90459157041087,171.64358520507812,43570900
2023-05-23,170.58927970470205,170.83561089353927,168.76642289336164,169.0423126220703,50747300
2023-05-24,168.57921320123526,169.8896969643689,168.01758589409968,169.31820678710938,45143500
2023-05-25,169.87986475065702,171.34798918728478,169.17042964019168,170.45135498046875,56058300
2023-05-26,170.77652387763237,173.19056694623742,170.5695990272421,172.8555450439453,54835000
2023-05-30,174.36306754730614,176.36327550868927,173.97879151124883,174.6980743408203,55964400
2023-05-31,174.72766202276017,176.71802248155805,174.16601962684186,174.64883422851562,99625300
2023-06-01,175.09221783191245,177.47670209655325,174.33351350934285,177.4471435546875,68901800
2023-06-02,178.37336820267623,179.11236188910445,176.62933889294345,178.29454040527344,61996900
2023-06-05,179.94982288761113,182.23576796844614,175.42717188946554,176.944580078125,121946500
2023-06-06,177.32891962025158,177.476712338109,174.8261860088602,176.580078125,64848400
2023-06-07,175.82137635899298,178.55073052308683,174.71781728969785,175.21047973632812,61944600
2023-06-08,175.2892895872439,178.18614713091944,174.85575927069235,177.9201202392578,50214900
2023-06-09,178.83646640490514,179.5557493602978,177.97923856717878,178.3043975830078,48900000
2023-06-12,178.60982685528654,181.19137296447727,178.31422641468646,181.09283447265625,54274900
2023-06-13,180.1173932820357,181.44757286544584,179.7626757194867,180.61990356445312,54929100
2023-06-14,180.67901332162722,181.684048880549,179.34883379218707,181.25050354003906,57462900
2023-06-15,181.26035439367692,183.78278344228747,181.08298811392547,183.28025817871094,65433200
2023-06-16,183.98970387223915,184.245897953939,181.56581317602513,182.20626831054688,101256200
2023-06-20,181.70373606119196,183.3689372512462,181.70373606119196,182.294921875,49799100
2023-06-21,182.1865534203878,182.68907870149724,179.91045548906328,181.26036071777344,49515700
2023-06-22,181.04359886716716,184.30502181445038,180.9746189088309,184.25575256347656,51245300
2023-06-23,182.8270228675936,184.8075203379306,182.29493904669715,183.9404296875,53117000
2023-06-26,184.08825189117624,185.29034946556595,182.51172604562308,182.5511474609375,48088700
2023-06-27,183.16204815111053,185.6253604426876,182.94527546666254,185.30020141601562,50730800
2023-06-28,185.17209649255778,187.11318769857849,184.84695251457532,186.4727325439453,51216800
2023-06-29,186.3052137668684,187.2806907250245,186.16726889716722,186.80772399902344,46347300
2023-06-30,188.8178174385461,191.6259844129726,188.4532369978983,191.12347412109375,85213200
2023-07-03,190.93621032527898,191.0347488046626,188.9458503136462,189.63558959960938,31458200
2023-07-05,188.75866963191964,190.14796610334872,187.82259909124357,188.52218627929688,46920300
2023-07-06,187.05408684814694,189.2021030796526,186.42347947497262,188.99517822265625,45094300
2023-07-07,188.60102706839623,189.84253092683244,187.4481988352347,187.88172912597656,46815000
2023-07-10,186.4825877482977,187.20188576037833,184.29516523716504,185.84213256835938,59922200
2023-07-11,186.3840531601648,186.52199803845542,183.86162393721375,185.3199005126953,46638100
2023-07-12,186.89640150427806,188.88676181703667,185.70416691161034,186.98509216308594,60750200
2023-07-13,187.70439854991048,188.38427515496102,186.994963399846,187.74380493164062,41342300
2023-07-14,187.4383150637318,188.37437052971225,186.8471292596261,187.89157104492188,41616200
2023-07-17,189.08381775872684,191.46831693797242,188.9951421376018,191.14315795898438,50520200
2023-07-18,190.51253447403246,191.47814845869007,189.59617469589472,190.88694763183594,48288200
2023-07-19,190.26621270882248,195.3209183853995,189.82280454932882,192.2368621826172,80507300
2023-07-20,192.22701989757815,193.58677299126168,189.67503216410122,190.29579162597656,59581200
2023-07-21,191.25158128475522,192.10880919119532,188.42368841793873,189.12327575683594,71951700
2023-07-24,190.57168949200457,192.04967681854123,189.42870901778204,189.92137145996094,45377800
2023-07-25,190.49282690419068,191.58653792745972,190.08884016702333,190.778564453125,37283200
2023-07-26,190.82786945588313,192.76896069007793,190.48301476563847,191.64569091796875,47471900
2023-07-27,193.14340387615707,194.3060801182846,189.72432504433817,190.38449096679688,47460200
2023-07-28,191.8131659299023,193.7444090416655,191.29094501886246,192.95614624023438,48291400
2023-07-31,193.18277106210203,193.6064685292723,192.394508242959,193.56704711914062,38824100
2023-08-01,193.36013930235927,193.8429388199064,192.41422090280528,192.7393798828125,35175100
2023-08-02,192.17776662675897,192.31571151477112,189.03459274742033,189.75387573242188,50389300
2023-08-03,188.7586713954234,189.54691917513858,187.89158079590146,188.36453247070312,61235200
2023-08-04,182.79747042079737,184.6301752435833,179.25029494609427,179.31927490234375,115956800
2023-08-07,179.4572213905704,180.44254624962392,174.74736976708382,176.22535705566406,97576100
2023-08-08,177.05302113799038,177.62451134366992,174.97398514494694,177.16140747070312,67823000
2023-08-09,178.2157216738325,178.27483876617566,174.41236670614128,175.57505798339844,60378500
2023-08-10,176.84608080013524,178.0974474344709,174.99368050557445,175.35824584960938,54686900
2023-08-11,174.953720563952,176.23636037713308,174.19399178686675,175.4174346923828,52036700
2023-08-14,175.59506357405235,177.29211207450308,174.9438673937282,177.065185546875,43675600
2023-08-15,176.4929258073929,177.08491002448199,174.68734458769583,175.08200073242188,43622600
2023-08-16,174.76623909868917,176.15741147845668,174.14464150964267,174.21371459960938,46964900
2023-08-17,174.77612136953763,175.14117901733323,171.16495931429398,171.6780242919922,66062900
2023-08-18,170.0007213782545,172.76335939467492,169.6652621694116,172.1614990234375,61172200
2023-08-21,172.7337706675176,173.77962299820936,171.42151715942626,173.4934844970703,46311900
2023-08-22,174.69719959083847,175.30892111024494,173.89801113995804,174.86492919921875,42038900
2023-08-23,176.13773826499084,179.1273031269572,175.95027131734813,178.70303344726562,52722800
2023-08-24,178.25902046647073,178.68329009610582,173.6612029173666,174.02627563476562,54945800
2023-08-25,175.01294998434398,176.7593193055493,173.47376987845638,176.22653198242188,51449600
2023-08-28,177.68677460091166,178.1801023209798,176.1673318473753,177.7854461669922,43820700
2023-08-29,177.30194937146643,182.4325537749521,177.1046213280948,181.6629638671875,53003900
2023-08-30,182.47204640358012,185.34321714142652,182.27471834075723,185.1458740234375,60813900
2023-08-31,185.33333184264131,186.59624944883035,184.9781353249528,185.36293029785156,60794500
2023-09-01,186.961330634287,187.38558521498553,185.76747101772168,186.93173217773438,45766500
2023-09-05,185.767499556314,187.44481092436058,185.10644216647313,187.16854858398438,45280000
2023-09-06,185.88585963952747,186.32986658571798,179.04834537431464,180.46913146972656,81755800
2023-09-07,172.84232185634463,175.83190219369152,171.2242072644891,175.19056701660156,112488800
2023-09-08,175.96997548136457,177.83475336123297,175.4174358773743,175.80223083496094,65551300
2023-09-11,177.66705421097663,177.8939807491613,174.9734739911946,176.96652221679688,58953100
2023-09-12,177.09479044187466,177.72624932161176,172.4871113411862,173.94735717773438,90370200
2023-09-13,174.15456487501547,174.93403118667004,171.65832754990635,171.88526916503906,84267900
2023-09-14,171.6780051777774,173.74998712440222,171.26361179948515,173.39479064941406,60895800
2023-09-15,174.1249606133089,174.1446979390041,171.50046839224674,172.67457580566406,109259500
2023-09-18,174.12494029407293,176.98624997924455,173.8190795297471,175.59506225585938,67257600
2023-09-19,175.15107052586188,177.23291401853146,174.7662755227223,176.68038940429688,51826900
2023-09-20,176.86781171431105,177.30194242582076,173.05932191129062,173.14813232421875,58436200
2023-09-21,172.22069958579337,173.94734650075085,171.53990496478352,171.6089630126953,63149100
2023-09-22,172.33907993619778,174.71692282922322,171.72735846610487,172.4574737548828,56725400
2023-09-25,171.87535356826675,174.6083930174941,171.82601779128095,173.7302703857422,46172700
2023-09-26,172.4871029695211,172.8620217812148,169.3692683155077,169.66526794433594,64588900
2023-09-27,170.3164478696235,170.73084132501634,166.7940959712009,168.15567016601562,66921800
2023-09-28,167.08024048447163,169.7343462157436,165.38319180250966,168.4122314453125,56294400
2023-09-29,169.72445084440017,170.7604419321708,168.06686209293406,168.92526245117188,51861100
2023-10-02,168.93512915166482,171.9740294168616,168.6489906711008,171.43136596679688,52164500
2023-10-03,169.96123409658216,171.31296207551728,168.54046313149794,170.099365234375,49594600
2023-10-04,168.80687858022958,171.88525384459265,168.68848474300435,171.34259033203125,53020300
2023-10-05,171.47083294671847,173.10868450108188,170.3756448658088,172.57589721679688,48527900
2023-10-06,171.48071432556827,175.61480292776608,170.8689777300858,175.12147521972656,57266700
2023-10-09,174.45055415802327,176.66066786762835,173.45403753652568,176.60147094726562,42390800
2023-10-10,175.72330653262233,177.32168322438636,175.57529921161475,176.00942993164062,43698000
2023-10-11,175.82199530812358,177.44998580714199,175.23001108089,177.40065002441406,47551100
2023-10-12,177.6670488234186,179.90674578858014,176.6507798893927,178.2985076904297,56743100
2023-10-13,178.99904528395493,179.5022341867499,175.76281633481818,176.46334838867188,51427100
2023-10-16,174.3913552582801,176.6902643223361,174.15455252434904,176.33506774902344,52517000
2023-10-17,174.2926830064713,176.03906740635364,172.46737941742194,174.7860107421875,57549400
2023-10-18,173.23695950912395,175.21027033840411,172.77323025982977,173.4934844970703,54764400
2023-10-19,173.69079235758196,175.46677490830675,172.85214438582656,173.11854553222656,59302900
2023-10-20,172.97051713050814,173.07904980247298,170.33614960754002,170.5729522705078,64244000
2023-10-23,168.62928473640696,171.68790756499885,167.6623515662161,170.69139099121094,55980100
2023-10-24,170.74073901093655,171.35246060946264,169.16208417292097,171.1255340576172,43816600
2023-10-25,169.58633193718455,170.75057806188605,168.3727349771656,168.81674194335938,57157000
2023-10-26,168.09649022321696,169.09302189873856,163.45921245305613,164.66293334960938,70625300
2023-10-27,164.6826577744484,166.70530437202822,164.60372353518264,165.9751739501953,58499100
2023-10-30,166.76446060818319,168.88576319601256,166.61645329997643,168.0175018310547,51131000
2023-10-31,167.09010101577766,168.61940486913602,165.65943861592592,168.49114990234375,44846000
2023-11-01,168.71805482147735,171.9049471971035,167.84979334743332,171.64842224121094,56934900
2023-11-02,173.17777741023195,175.4076134182441,173.11858048911532,175.20042419433594,77334800
2023-11-03,171.91483559510309,174.46040823420765,171.03671292563865,174.29266357421875,79829200
2023-11-06,174.02628274488598,177.0355696443862,173.85855313497558,176.83824157714844,63841300
2023-11-07,176.78889227095914,180.00539823599848,176.58170308551922,179.3936767578125,70530000
2023-11-08,179.91662978825056,181.00194176498167,179.16676200069597,180.4494171142578,49340300
2023-11-09,180.51847829944086,181.6629871195562,179.3838155582821,179.97581481933594,53763500
2023-11-10,181.75413731292954,184.3228271167955,181.31943456996746,184.1548614501953,66133400
2023-11-13,183.58186108306094,183.7893232540613,181.9912524470517,182.5741424560547,43627500
2023-11-14,185.4391901985185,185.84425545326624,184.0560589323069,185.1823272705078,60108400
2023-11-15,185.5873915048758,187.21751156501972,185.5182274044454,185.74545288085938,53790500
2023-11-16,187.28668991537342,188.65994715340477,186.37775779056014,187.4250030517578,54412900
2023-11-17,187.95848017105547,188.08691917335904,186.29872264128753,187.4052276611328,50922700
2023-11-20,187.60281994734135,189.598493753426,187.59294582194016,189.14402770996094,46505100
2023-11-21,189.10452557023848,189.21320125507725,187.45464204586924,188.3437957763672,38134500
2023-11-22,189.18356183514956,190.60620477415247,188.53150773289747,189.00572204589844,39617700
2023-11-24,188.57102324664504,188.60066069963858,186.97054048498805,187.68186950683594,24048300
2023-11-27,187.6324520630897,188.37341847212542,186.62473352580105,187.50401306152344,40552600
2023-11-28,187.49414676130317,188.77849160556613,187.11871894105684,188.10667419433594,38415400
2023-11-29,188.60066651864972,189.77633577367203,186.6939199672285,187.08909606933594,43014200
2023-11-30,187.55341843722022,188.02764780463457,185.92329832735996,187.66209411621094,48794400
2023-12-01,188.0375263099119,189.25270705783993,186.95076949469112,188.9365692138672,45704800
2023-12-04,187.69173962433385,187.76090372984268,185.1922139752508,187.1483612060547,43389500
2023-12-05,187.91895861640964,192.0584780958342,187.88930609245244,191.0902862548828,66628400
2023-12-06,192.10788966712872,192.4141533735728,189.79607806848605,190.00355529785156,41089700
2023-12-07,191.29777821822415,192.6512720749557,191.2582515665674,191.93006896972656,47477700
2023-12-08,191.86088500111674,193.62933314213194,191.33726998338577,193.3527069091797,53406400
2023-12-11,190.78403090604945,191.15945870925907,189.11438419177532,190.85317993164062,60943700
2023-12-12,190.75438957156285,192.3746354774224,189.41076991243543,192.36476135253906,52696900
2023-12-13,192.74019585543422,195.6151493963814,192.50309623143957,195.5756378173828,70404200
2023-12-14,195.6349188149913,197.21563829918102,193.79732129680679,195.7238311767578,66831600
2023-12-15,195.1507809689053,196.01029713155143,194.6271659416612,195.1903076171875,128538400
2023-12-18,193.72812085100188,194.2616250715381,192.04860011875655,193.53053283691406,55751900
2023-12-19,193.79731295132126,194.5777909959987,193.53056080250687,194.5679168701172,40714100
2023-12-20,194.5283970820936,195.2990010280865,192.48333740234375,192.48333740234375,52242800
2023-12-21,193.73802319308166,194.70621508029078,191.16933361068988,192.33511352539062,46482500
2023-12-22,192.82908334808235,193.05632389177538,190.64571085868127,191.26812744140625,37149600
2023-12-26,191.2780297879531,191.55465607108982,190.50742584564344,190.7247772216797,28919300
2023-12-27,190.17150836602553,191.16933772508392,188.78836199381533,190.82354736328125,48087700
2023-12-28,191.80163510638113,192.31537606668746,190.84331729052167,191.24838256835938,34049900
2023-12-29,191.56450759639273,192.05848519728596,189.42064661751613,190.2110137939453,42672100
2024-01-02,184.89581391743906,186.17028459685415,181.6750853181039,183.4040069580078,82488700
2024-01-03,182.0011090098209,183.64111826756874,181.22061595613366,182.03074645996094,58414500
2024-01-04,179.95604798314233,180.88472835710988,178.70135563320858,179.7189483642578,71983600
2024-01-05,179.79796753554595,180.5586821654936,177.99988188294327,178.99771118164062,62379700
2024-01-08,179.89676064456035,183.36449308108033,179.3138706884217,183.32496643066406,59144500
2024-01-09,181.7047124117811,182.91989304556353,180.52904335165846,182.91001892089844,42841800
2024-01-10,182.129538572139,184.15483457675245,181.70471001714742,183.94737243652344,46792900
2024-01-11,184.2931840827093,184.7970509584636,181.40835627398752,183.35462951660156,49128400
2024-01-12,183.81894667336306,184.49076406507768,182.95943045197853,183.68063354492188,40477800
2024-01-16,179.96594785640553,182.04064501968628,178.75075193755313,181.41824340820312,65603000
2024-01-17,179.08662428966576,180.72661829034882,178.1283066415265,180.47962951660156,47317400
2024-01-18,183.84860201119264,186.86186875433015,183.59173905481111,186.35801696777344,78005800
2024-01-19,187.04957995238564,189.63801803091337,186.5457281731689,189.25271606445312,68903000
2024-01-22,189.98379650311966,192.97729968749402,189.94426985134535,191.5546417236328,60133900
2024-01-23,192.67102493067515,193.39222799671276,191.49535584528522,192.82908630371094,42355600
2024-01-24,193.06621990928542,194.01466361551059,191.99922639290756,192.1573028564453,53631300
2024-01-25,192.86863967517039,193.90599578100486,190.78405333725613,191.83128356933594,54822100
2024-01-26,191.93006387634745,192.41415228379137,189.6281264159501,190.1023406982422,44594000
2024-01-29,189.69728055859,189.88499446653958,187.29655655692048,189.420654296875,47145600
2024-01-30,188.64016451675863,189.48980657471878,185.21195883551243,185.77508544921875,55859400
2024-01-31,184.7871410441138,184.846431021382,182.12955411744667,182.17893981933594,55467800
2024-02-01,181.77388729281213,184.6982263171025,181.6059367135455,184.60931396484375,64885400
2024-02-02,177.69360884630905,185.0736348136651,177.09095561888776,183.61146545410156,102551700
2024-02-05,185.8837890630235,186.97054595458332,183.6016146657499,185.41944885253906,69668800
2024-02-06,184.60931480628852,187.02980210381148,184.5204024536245,187.01992797851562,43490800
2024-02-07,188.34375105310352,188.7488162435904,186.33820349776317,187.12857055664062,53439000
2024-02-08,187.10883150171134,187.25701874915856,185.09340956143063,186.05172729492188,40962000
2024-02-09,186.61557552858977,187.94113632063826,185.97259122428568,186.8134307861328,45155200
2024-02-12,186.38806813077576,186.63537211912902,184.7756412965565,185.1317596435547,41781900
2024-02-13,183.76664838776776,184.2019058140478,181.53101071537256,183.0445098876953,56529500
2024-02-14,183.3215042025078,183.5292310959524,180.472557481369,182.1641082763672,54630500
2024-02-15,181.57057328309747,182.50043860227981,179.3943014199978,181.87722778320312,65434500
2024-02-16,181.44197861733377,182.8565652037317,179.7108507918506,180.3439483642578,49752500
2024-02-20,179.82955095197704,180.46264852115328,178.0588611409836,179.60203552246094,53665600
2024-02-21,179.9779901246902,180.91774245554046,178.71179465053052,180.35389709472656,41371400
2024-02-22,181.50134277124772,182.96539328132977,180.49235334512917,182.38174438476562,52292200
2024-02-23,183.0148347964746,183.04451006700117,180.2648157032703,180.55169677734375,45119700
2024-02-26,180.27471486922383,180.78909628027105,178.7018500832812,179.20635986328125,40867400
2024-02-27,179.14699293032547,181.9365737231629,177.62359209867634,180.66049194335938,54318900
2024-02-28,180.54178846123017,181.14521076395337,178.1874648834917,179.4635467529297,48953900
2024-02-29,179.3151930681472,180.60117691942332,177.59395175081718,178.80079650878906,136682600
2024-03-01,177.613689326823,178.58311652667976,175.46709298002304,177.72250366210938,73563100
2024-03-04,174.25036500096815,174.9922768844708,171.91581500377694,173.21170043945312,81510100
2024-03-05,168.9184826327907,170.18467763470022,167.7907772375202,168.28538513183594,95132400
2024-03-06,169.2152850514215,169.39335177885377,166.8609461620447,167.29620361328125,68587700
2024-03-07,167.32586658446218,168.88882954707424,166.67299554984157,167.177490234375,71765100
2024-03-08,167.1774852017091,171.82679686006907,167.11813466346086,168.88882446289062,76267000
2024-03-11,171.07500788792643,172.49948126334272,170.1946063009313,170.88705444335938,60139500
2024-03-12,171.28272310113206,172.15323790323208,169.16580172767317,171.3618621826172,59825400
2024-03-13,170.90684419661972,171.3223130850131,168.91851047344855,169.28453063964844,52488700
2024-03-14,171.04532782778392,172.43022407386235,170.19460153541087,171.1343536376953,72913500
2024-03-15,169.3240932528417,170.75845336914062,168.45357838204507,170.75845336914062,121752700
2024-03-18,173.67665901704393,175.79358063684148,171.6487632139381,171.8466033935547,75604200
2024-03-19,172.45989598897214,174.70542030322298,171.16402557801365,174.18113708496094,55215200
2024-03-20,173.82499582678088,176.74317932128906,173.2017850632652,176.74317932128906,53423100
2024-03-21,175.14069690243886,175.57595436020992,168.9976588629672,169.52194213867188,106181300
2024-03-22,169.90772263085663,171.18381963278856,168.22605856941686,170.422119140625,71160100
2024-03-25,168.73058907262046,170.08581023240077,167.62265683136332,169.007568359375,54288300
2024-03-26,168.16668772081567,169.5713723598813,167.7512188918725,167.87982177734375,57388400
2024-03-27,168.5722893771007,171.72789059246503,168.27552158079686,171.44100952148438,60273300
2024-03-28,169.89781453968297,170.37263389978352,168.67118150733492,169.63072204589844,65672700
2024-04-01,169.3438746978549,169.40322523760474,167.65230884379906,168.19638061523438,46240500
2024-04-02,167.25661278755086,167.51380346702695,166.41577330219988,167.01919555664062,49329500
2024-04-03,166.9697540235435,168.83937157047524,166.7620271262386,167.8204803466797,47691700
2024-04-04,168.4535689105981,170.06599565718972,166.9994354248047,166.9994354248047,53704400
2024-04-05,167.7611226870966,168.5524984345705,167.12802510796487,167.75123596191406,42104800
2024-04-08,167.2071852220754,167.37535013675048,166.4257111957336,166.63343811035156,37425500
2024-04-09,166.88071513080217,168.2458378687617,166.53449863101693,167.8402557373047,42373800
2024-04-10,166.97966188332379,167.26652787853376,165.30788444762385,165.9706573486328,49709300
2024-04-11,166.52458559261675,173.56781241373886,166.34653399230652,173.15232849121094,91070300
2024-04-12,172.38077455594663,176.43656618963917,172.33132583138607,174.64608764648438,101670900
2024-04-15,173.46888692512982,174.72519524382946,170.6397290741028,170.8276824951172,73531800
2024-04-16,169.89784277952464,171.88616144450353,166.45537543168857,167.55340576171875,73711200
2024-04-17,167.780901063059,168.80967890645843,166.18826293945312,166.18826293945312,50901200
2024-04-18,166.21794611620325,166.8213684176903,164.75391081370103,165.23861694335938,43122900
2024-04-19,164.41758473594675,164.60552308162337,162.31054999578998,163.2206268310547,68149400
2024-04-22,163.73503344203667,165.4562595890904,162.993121456103,164.05157470703125,48116400
2024-04-23,163.5668404824781,165.24850434331734,163.1414698344962,165.10011291503906,49537800
2024-04-24,164.74398443726423,167.47422956879615,164.41755652254446,167.19725036621094,48251800
2024-04-25,167.70177351115603,168.77012851479734,166.33665071301928,168.05789184570312,50558300
2024-04-26,168.04800546826704,169.49225225997063,167.35554224826544,167.47425842285156,44838400
2024-04-29,171.50034913417457,174.1316669492416,171.2332717193323,171.6289520263672,68169400
2024-04-30,171.46081207960546,173.1029142716877,168.1667209693098,168.4931640625,65934800
2024-05-01,167.75123767315736,170.84748833564953,167.28630498280754,167.47425842285156,50383100
2024-05-02,170.649650682897,171.54984088638673,169.04712555589578,171.16404724121094,94214900
2024-05-03,184.637145231003,184.98337684032407,180.69018337477516,181.4024200439453,163224100
2024-05-06,180.383540128798,182.2135806366563,178.47434543693257,179.7504425048828,78569700
2024-05-07,181.47167851231154,182.90603874350563,179.36465862288415,180.43299865722656,77305800
2024-05-08,180.87814724687024,181.09577596912635,179.49323582394607,180.7693328857422,45057100
2024-05-09,180.5912561815798,182.66861565405213,180.14611203583203,182.57958984375,48983000
2024-05-10,183.1540861312051,183.34229448527321,180.4102525825865,181.32156372070312,50759500
2024-05-13,183.68902280376187,185.33335221774516,182.8767582325011,184.52108764648438,72044800
2024-05-14,185.73944844741243,186.52199740854093,184.53096697721375,185.6602020263672,52393600
2024-05-15,186.13568203158255,188.849800179078,185.6007724639543,187.9285888671875,70400000
2024-05-16,188.6715262803227,189.29558246787192,187.86917696187996,188.04747009277344,52845200
2024-05-17,187.72057759120682,189.00830557822601,187.39369174809892,188.07717895507812,41282900
2024-05-20,187.54228461702792,190.10782534306233,187.22529890901677,189.2361297607422,44361300
2024-05-21,189.28570087950317,190.9102151914018,189.11730785436464,190.5338134765625,42309400
2024-05-22,190.45451683728567,190.99932654838926,188.47340160760692,189.09744262695312,34648500
2024-05-23,189.1766947549615,189.19651013997458,184.86777806929078,185.11541748046875,51005900
2024-05-24,187.03707622618555,188.78045200186543,186.26442746313117,188.1861114501953,36327000
2024-05-28,189.70169698060212,191.17763337385156,187.31446444482384,188.19606018066406,52280100
2024-05-29,187.8196530916493,190.43472491238563,187.7205912720781,188.49322509765625,53068000
2024-05-30,188.9587703074631,190.36536034504638,188.83000809203267,189.4837646484375,49889100
2024-05-31,189.63235836586054,190.7516933437122,188.11680637508078,190.43470764160156,75158300
2024-06-03,191.07854113305333,193.14881785405223,190.7021395503604,192.1978759765625,50080500
2024-06-04,192.80211709386347,193.47570407411885,191.207318865485,192.51486206054688,47471400
2024-06-05,193.5549597642067,195.04079624688396,193.02996541617088,194.02052307128906,54156800
2024-06-06,193.8422122853953,194.64456149457678,192.3365605546928,192.6436309814453,41181800
2024-06-07,192.8120444256859,195.08042995429523,192.3068654552658,195.03089904785156,53103900
2024-06-10,195.04078477848907,195.4370168860641,190.3356361933404,191.29647827148438,97010200
2024-06-11,191.82148694435384,205.2039307530545,191.80168667352532,205.1940155029297,172373300
2024-06-12,205.41194501546696,218.12080209568063,204.94638168818946,211.05813598632812,198134300
2024-06-13,212.71236564129833,214.70338117421306,209.6020150722442,212.2170867919922,97862700
2024-06-14,211.8307711431916,213.13829945342002,209.30484597389386,210.48361206054688,70122700
2024-06-17,211.35527186274084,216.88258512602053,210.71141546378874,214.62411499023438,93728300
2024-06-18,215.5354139875743,216.56560230529576,210.9887584540523,212.26657104492188,79943300
2024-06-20,211.90997342693947,212.21705896960654,206.87795427864972,207.70010375976562,86172500
2024-06-21,208.40343403997312,209.8892705909824,205.15440599094305,205.53082275390625,241805100
2024-06-24,205.75863496180304,210.69160779538842,204.63929998769706,206.17466735839844,80727000
2024-06-25,207.1751175381149,209.38407188516823,206.64022308060072,207.09588623046875,55549700
2024-06-26,209.5029437835443,212.83121810497767,208.6510635966682,211.23641967773438,66213200
2024-06-27,212.6628097453943,213.70289822966825,210.3449086305272,212.07838439941406,49772700
2024-06-28,213.73263728250333,214.02980761283354,208.3142855019514,208.63125610351562,82542700
2024-07-01,210.0873668962765,215.4561875080808,209.91897391071575,214.703369140625,60402900
2024-07-02,214.10904691098634,218.2991169839906,213.0689733881142,218.19015502929688,58046200
2024-07-03,217.92267103394255,219.45803833007812,216.96182895702523,219.45803833007812,37369800
2024-07-05,219.55708698216947,224.3117665065084,219.55708698216947,224.2028045654297,60412400
2024-07-08,224.94572057418634,225.69855401964364,221.14198303770854,225.66883850097656,59085900
2024-07-09,225.77778797195694,227.23390886254342,224.23252052432466,226.5207061767578,48076100
2024-07-10,227.13486087511765,230.8791673967792,227.0853299721382,230.7801055908203,62627700
2024-07-11,229.2051258414663,230.19568345608255,223.63819688403007,225.42120361328125,64710600
2024-07-12,226.7584454352943,230.44332094014862,226.5207061684713,228.36314392089844,53046500
2024-07-15,234.24706826366577,234.9899864993383,230.88907844301437,232.18670654296875,62631300
2024-07-16,232.781045805997,234.03905824310993,230.1362587163494,232.60275268554688,43234300
2024-07-17,227.28343626123907,229.27446669281912,224.49997184852458,226.7188262939453,57345900
2024-07-18,228.10560948409145,228.26410233218343,220.17124832102243,222.06320190429688,66034600
2024-07-19,222.6971954569991,224.65849552449666,221.1717280930588,222.19200134277344,49151500
2024-07-22,224.86651071890955,225.6292444230493,220.98352612966187,221.84532165527344,48201800
2024-07-23,222.25141967209163,224.7971601400939,220.57737479075328,222.8853759765625,39960300
2024-07-24,221.88490694575157,222.67735606492835,215.0797809310421,216.47645568847656,61777600
2024-07-25,216.86277641061952,218.76466037633443,212.59347540961954,215.43638610839844,51391200
2024-07-26,216.6349499920164,217.41749898154802,213.9703475571551,215.90194702148438,41601300
2024-07-29,214.91140862229943,217.2293100492215,213.71282713597697,216.1793212890625,36311800
2024-07-30,217.1203409396055,218.24957609355639,214.07932159795172,216.73402404785156,41643800
2024-07-31,219.34906075635598,221.70659250258416,218.54671157945197,219.98301696777344,50036300
2024-08-01,222.25138675562792,222.36034868782315,214.9707980252656,216.2981414794922,62501000
2024-08-02,217.08069402896655,223.46980270062375,215.65430376795194,217.78399658203125,105568600
2024-08-05,197.21010696314244,211.484045462397,194.14928763761037,207.2939910888672,119548600
2024-08-06,203.36148541473497,208.00720313955475,199.17143085232243,205.27325439453125,69660500
2024-08-07,204.9463646139573,211.62272838414273,204.441185671316,207.83880615234375,63516400
2024-08-08,211.097744151489,212.17744837655164,206.8581585633277,211.2958526611328,47161100
2024-08-09,210.09728825409005,214.7330909034816,209.96851092003678,214.1981964111328,42201600
2024-08-12,214.27755355785243,217.68900361003634,213.81145133020567,215.72543334960938,38028100
2024-08-13,217.19314118814535,220.04925425523973,217.19314118814535,219.4344024658203,44155300
2024-08-14,218.7401920302427,221.1797757696837,217.87739912826086,219.88064575195312,41960600
2024-08-15,222.73678951211636,223.4805677293667,220.91204211865187,222.8557891845703,46414000
2024-08-16,222.06239369045758,224.94825642777528,221.79462933024135,224.1747283935547,44340200
2024-08-19,223.84746435464618,224.11522871504155,221.18968933533225,224.01605224609375,40687800
2024-08-20,223.8970689622142,225.28544883578485,223.57971634413767,224.63092041015625,30299000
2024-08-21,224.64085012661386,226.08872985229075,223.1830436738614,224.52183532714844,34765500
2024-08-22,225.90027790842765,226.44571820828537,222.04254943445835,222.66732788085938,43695300
2024-08-23,223.78797197411373,226.32673228874265,222.46900358067504,224.9581756591797,38677300
2024-08-26,224.87885041051024,225.39454085782168,222.0326640536948,225.2953643798828,30602200
2024-08-27,224.1251322421701,226.95149505120298,223.0243400581704,226.13829040527344,35934600
2024-08-28,226.0291983356657,227.95310672511408,223.8077756875659,224.61106872558594,38052200
2024-08-29,228.1911537968638,230.98775191089825,226.9812734022471,227.8837127685547,51906300
2024-08-30,228.28038060324323,228.4886300006117,225.59285569982603,227.10025024414062,52990800
2024-09-03,226.65398476754012,227.10024860517055,219.33520335446548,220.92193603515625,50190600
2024-09-04,219.821176613538,219.9401762860646,215.6758448114514,219.0178985595703,43840200
2024-09-05,219.79140861107143,223.60946073514918,219.6823205428289,220.53518676757812,36615400
2024-09-06,222.0921370424939,223.37144384512357,217.9468210396507,218.9881134033203,48423000
2024-09-09,218.98814282610013,219.4344067184307,214.91223769602945,219.077392578125,67180000
2024-09-10,217.10388142289187,219.6426417511051,214.9320468059923,218.2840118408203,51591000
2024-09-11,219.6228241682371,221.2392917639212,216.08243282408242,220.8128662109375,44587100
2024-09-12,220.65417167969628,221.69546405563682,217.99641184157417,220.92193603515625,37455600
2024-09-13,221.72523244234597,222.18140791181287,220.06908820245332,220.65419006347656,36766600
2024-09-16,214.7436126542421,215.41797935337752,212.14535259122513,214.52545166015625,59357400
2024-09-17,213.96021129330612,215.10066523109435,212.72058086866357,214.9915771484375,45519300
2024-09-18,215.74522641845653,220.86242312167604,215.73529969301012,218.8591766357422,59894900
2024-09-19,223.12352684243388,227.91345980340301,222.7665127356472,226.97132873535156,66781300
2024-09-20,228.06222073119503,231.15633305592988,225.7317097608303,226.30690002441406,318679900
2024-09-23,225.45404067299683,227.54653724680347,223.93673438033483,224.5912628173828,54146000
2024-09-24,226.75316007712865,227.44736512534206,223.85738561877668,225.48377990722656,43556100
2024-09-25,223.06402418257602,225.40444676008957,222.1615848378298,224.49208068847656,42308700
2024-09-26,225.41434646896755,226.604388370512,223.54002631267903,225.6325225830078,36636700
2024-09-27,226.56473891662026,227.61594290444046,225.41435845997736,225.90028381347656,34026000
2024-09-30,228.13162655878588,231.06707763671875,227.74486252768645,231.06707763671875,54541900
2024-10-01,227.61597385138083,227.74488511973175,221.88392424124012,224.33343505859375,63285000
2024-10-02,224.01608068964856,225.4837987967651,221.16989422947793,224.89869689941406,32880600
2024-10-03,223.27228007150777,224.928424248049,221.46738631978812,223.79788208007812,34044200
2024-10-04,226.00936828631617,226.1085447535635,222.27065455992025,224.9185028076172,37245100
2024-10-07,222.63759275105315,223.81772316941647,219.49389225502094,219.8509063720703,39505400
2024-10-08,222.43925780658088,224.10531361949606,221.3979653574062,223.89706420898438,31855700
2024-10-09,223.36153007501719,227.84403724277382,222.96485445261254,227.63577270507812,33591100
2024-10-10,225.89038125247495,227.59611368544336,225.28544108575701,227.13992309570312,28183500
2024-10-11,227.39777482080956,227.5068628874906,225.4540279414576,225.66229248046875,31759200
2024-10-14,226.80274288926017,229.8076053434174,226.70358155060512,229.3811798095703,39882100
2024-10-15,231.672004479983,235.51982138099225,230.44228590022638,231.91001892089844,64751400
2024-10-16,229.67867825777722,230.1943535005289,227.93326933706737,229.857177734375,34082200
2024-10-17,231.49353192911767,231.91006105945496,228.6076838612002,230.22415161132812,32993800
2024-10-18,234.22071038271358,234.22071038271358,232.0687139036669,233.05050659179688,46431500
2024-10-21,232.5050454306036,234.88514457730523,232.5050454306036,234.51820373535156,36254500
2024-10-22,231.9496772340994,234.26034966164363,230.67038557078126,233.90333557128906,38846600
2024-10-23,232.13812257917175,233.18932661738793,225.87054472777703,228.8456573486328,52287000
2024-10-24,228.07212485007065,228.90516786821388,226.51515714412935,228.65724182128906,31109500
2024-10-25,227.83412074973037,231.28524701350278,227.665532857223,229.49026489257812,38802300
2024-10-28,231.38442210065006,232.78271346714027,230.62080565968694,231.4637451171875,36087100
2024-10-29,231.1662428522856,232.38603471678388,230.39271482775456,231.73150634765625,35417200
2024-10-30,230.68031899274527,231.53318522639518,227.64570650368097,228.19114685058594,47070900
2024-10-31,227.43745763164222,227.92339818004348,223.50039040024254,224.03591918945312,64370100
2024-11-01,219.1368672842602,223.4805363045207,218.44267740554844,221.06077575683594,65276700
2024-11-04,219.15670083339904,220.94175615916865,217.88732075932978,220.16822814941406,44944500
2024-11-05,219.9599923572388,222.09215031274817,219.3054639601429,221.59629821777344,28111300
2024-11-06,220.76325691115125,224.19455985797964,219.3550388628842,220.87234497070312,54561100
2024-11-07,222.7665171269793,225.9895557457087,222.7070172967094,225.59286499023438,42137700
2024-11-08,225.5333229051735,227.0125934634729,224.7788038758212,225.32484436035156,38328800
2024-11-11,223.37892800863307,224.07388164377818,219.90414468405433,222.61447143554688,42005600
2024-11-12,222.9321731823864,223.96467356190874,221.75074442821315,222.61447143554688,40398300
2024-11-13,222.39605879884869,225.01703765642938,221.15506473467502,223.49806213378906,48566200
2024-11-14,223.398802697962,227.22105551450989,223.3789425502784,226.57574462890625,44923900
2024-11-15,224.76885944610046,225.2851172657963,222.65421566813873,223.3789520263672,47923700
2024-11-18,223.6271499370396,228.08480645929455,223.5477244921184,226.377197265625,44633700
2024-11-19,225.34464764897942,228.5017442258817,225.02696106605572,226.63528442382812,36211800
2024-11-20,226.4168829534927,228.27340522879027,224.26251907255318,227.35011291503906,35169600
2024-11-21,227.230987838277,228.50176458087773,224.0838286281757,226.8735809326172,42108300
2024-11-22,226.4168797117104,229.05771868234922,226.4168797117104,228.21383666992188,38168300
2024-11-25,229.79240040372403,231.5694972757357,228.08479132337303,231.19223022460938,90152800
2024-11-26,231.64893863936055,233.87280565588551,231.64893863936055,233.36647033691406,45986200
2024-11-27,232.78070364946953,233.99191506726265,232.12545514826604,233.2373809814453,33498400
2024-11-29,233.1182385238603,236.0966241243161,232.28429419145726,235.62008666992188,28481400
2024-12-02,235.5605381566453,239.0551666028684,235.45133007089746,237.8638153076172,48137100
2024-12-03,238.0821988513444,241.010941469219,237.17875164295668,240.9017333984375,38861000
2024-12-04,241.12017980186528,242.35125137710352,239.51185632927692,241.25917053222656,44383900
2024-12-05,242.23213863223197,242.77816394602775,240.38553870781277,241.28897094726562,40033900
2024-12-06,241.15989600483465,242.86750503393802,240.33587413565135,241.09039306640625,36870600
2024-12-09,240.08767817050534,245.45870413211114,240.0082527322972,244.97222900390625,44649200
2024-12-10,245.11121388943334,246.4217108653419,243.57237825215392,245.98487854003906,36914800
2024-12-11,246.17352158557497,248.9930565140259,244.48575750906295,244.714111328125,45205800
2024-12-12,245.11120954102955,246.9478867446912,243.90992066775823,246.1735076904297,32777500
2024-12-13,246.03453629863122,247.4939314395242,244.46591792091505,246.34230041503906,33155300
2024-12-16,246.2033247964557,249.5689004337868,245.86576286364547,249.23133850097656,51694800
2024-12-17,248.27824960945253,252.00123197197036,247.98040799068028,251.65374755859375,51356400
2024-12-18,250.343283238806,252.44800456803839,245.9551295369763,246.2628936767578,56774100
2024-12-19,245.71681628677703,250.18439476471843,245.30976661195103,247.9903106689453,60882300
2024-12-20,246.25292226826556,253.16278373693368,243.9198625662762,252.65646362304688,147495300
2024-12-23,252.9344343151273,253.8080837794399,251.6239373953799,253.4308319091797,40858800
2024-12-24,253.64924013847912,256.34962902881983,253.45066898797964,256.3397216796875,23234700
2024-12-26,256.32980188696064,258.2260444048055,255.77383898408218,257.15380859375,27237100
2024-12-27,255.97238682838486,256.836144148833,251.2367643772991,253.74853515625,42355300
2024-12-30,250.41273247360002,251.67358663649517,248.94339979921563,250.38294982910156,35557500
2024-12-31,250.6212497119267,251.4551941340452,247.63292614272083,248.6157989501953,39480700
2025-01-02,247.1365264348607,247.3053149666319,240.07776640397734,242.0931396484375,55740700
2025-01-03,241.60667419433594,242.42075849453866,240.147263834766,241.60667419433594,40244100
2025-01-06,242.54980162717402,245.54804748087855,241.4477983095151,243.23483276367188,45045600
2025-01-07,241.22939201717418,243.78088314896328,239.61114601786818,240.46495056152344,40856000
2025-01-08,240.17702168463396,241.95413364050106,238.32049944087447,240.95140075683594,37628900
2025-01-10,238.28077607985776,238.42970445265777,231.32128701842691,235.1435546875,61710900
2025-01-13,231.84746989306117,232.9792558543989,228.06492247356016,232.71119689941406,49630700
2025-01-14,233.05869925952226,234.41882398797216,230.79512716232853,231.5992889404297,39435300
2025-01-15,232.94949481929564,237.2383779015073,232.74100113522098,236.15621948242188,39832000
2025-01-16,235.6399687194268,236.29520209930612,226.3871093224655,226.61544799804688,71759100
2025-01-17,230.44762501944012,230.61639839146835,226.83385097126646,228.3230438232422,68488300
2025-01-21,222.38615194982364,222.80312416686704,217.79944241349193,221.03594970703125,98070400
2025-01-22,218.2064751614249,222.5052806842356,218.2064751614249,222.21737670898438,64126500
2025-01-23,223.1208199792776,225.394314538592,220.69839703644928,222.04859924316406,60234800
2025-01-24,223.160517277336,224.00439930767484,219.81480209957203,221.1749267578125,54697900
2025-01-27,222.4059977899183,230.47741293083342,222.36627749626697,228.20391845703125,94863400
2025-01-28,229.18679454547646,238.4594987479956,229.147074251248,236.54339599609375,75707600
2025-01-29,232.43321505583046,238.1318651456976,232.3240069742682,237.63546752929688,45486100
2025-01-30,236.95045561956258,239.05517683623282,235.50098294542886,235.87823486328125,55658300
2025-01-31,245.40904807772534,245.40904807772534,231.7581140684966,234.29966735839844,100959800
2025-02-03,228.33297872450572,230.15971829856622,224.0738787357251,226.3672332763672,73063300
2025-02-04,225.61272492539547,231.45036595591674,225.01704170433482,231.12274169921875,45067300
2025-02-05,226.88347440704524,230.99364572190012,226.62535312164388,230.7950897216797,39620300
2025-02-06,229.62360070928509,232.11552641696264,228.76979621063217,231.53970336914062,29925300
2025-02-07,230.9241838961893,232.31409120281862,225.62264568638093,225.989990234375,39707200
2025-02-10,228.16659197494192,229.18034555631772,225.81107002878403,226.25831604003906,33115600
2025-02-11,226.80497424991785,233.79199753404617,226.7354100570617,231.1979522705078,53718400
2025-02-12,229.7866449882993,235.5114431570428,229.2698195612854,235.42198181152344,45243300
2025-02-13,235.46171484030373,240.85851264219508,234.12991022790982,240.053466796875,53614100
2025-02-14,239.77520922194773,244.0489258287467,239.5168040933544,243.104736328125,40896200
2025-02-18,242.65747382373942,243.6811760890431,240.3615975750387,242.97552490234375,48822500
2025-02-19,243.16435439309654,244.50609250836237,241.6735241546838,243.37306213378906,32204200
2025-02-20,243.44265077076676,245.2713989598738,242.7966152101895,244.32720947265625,32316900
2025-02-21,244.44645306890683,247.1697083342209,243.72091995824803,244.0489044189453,53197400
2025-02-24,243.43269920852308,247.33868242018207,242.92582237394555,245.58944702148438,51326400
2025-02-25,246.48393846255715,248.47171215983582,243.41283173998391,245.52980041503906,48013300
2025-02-26,242.83637220684057,243.48239258336395,237.66816369812489,238.89064025878906,44433600
2025-02-27,237.94645181292123,240.9778097055873,235.61081167459415,235.84934997558594,41153600
2025-02-28,235.50149647860906,240.61007450668035,228.79275994472408,240.36160278320312,56833400
2025-03-03,240.31188380351972,242.5381957053339,234.66661403302143,236.5748748779297,47184000
2025-03-04,236.25683384188991,238.60240725621293,233.24534293735957,234.48770141601562,53798100
2025-03-05,233.98082285378285,235.1039197629907,227.82866128733946,234.2988739013672,47227600
2025-03-06,233.0068140722837,236.4059049662456,231.73464023473684,233.89137268066406,45170400
2025-03-07,233.67273718007357,239.89446338205195,233.32487071745646,237.60853576660156,46273600
2025-03-10,234.10009611136832,234.71631625547707,222.84930513729455,226.08937072753906,72071200
2025-03-11,222.44182022291236,224.45940937640347,216.12069905845206,219.48997497558594,76137400
2025-03-12,218.79423505763873,220.39439337943787,213.59621144659917,215.65354919433594,62547500
2025-03-13,214.62986833256545,215.51442704761877,207.14590135231947,208.398193359375,61368300
2025-03-14,209.95857893569573,212.64207016591416,208.29878985935505,212.1848907470703,60107600
2025-03-17,212.00601857046763,213.90434624612,208.68643986463772,212.69180297851562,48073400
2025-03-18,212.85080057479257,213.83473880015984,210.19712464056028,211.38978576660156,42432400
2025-03-19,212.91042558181826,217.42266485537363,212.44329758558237,213.9241943359375,54385400
2025-03-20,212.6818400591608,216.16044383082547,210.9226561911479,212.79116821289062,48862900
2025-03-21,210.26671164330716,217.5022071138821,209.9884245225551,216.93569946289062,94127800
2025-03-24,219.64898417718916,220.1260455978378,217.24377992596973,219.38063049316406,44299500
2025-03-25,219.42039321145907,222.7300380772677,218.73460889257407,222.38217163085938,34493600
2025-03-26,222.1436424317859,223.64442126802376,219.12223310716143,220.17575073242188,34466100
2025-03-27,220.03661426059983,223.61461307047793,219.21168633594712,222.48158264160156,37094800
2025-03-28,220.31488968867507,222.44180687800483,216.34927581514728,216.56793212890625,39818600
2025-03-31,215.683368745432,224.24073468961828,214.90813825561798,220.77207946777344,65299300
2025-04-01,218.46623485626614,222.31257156321558,217.56179431227562,221.82557678222656,36412700
2025-04-02,219.9670353213626,223.8133724100327,219.66886624627372,222.5213165283203,35905900
2025-04-03,204.2835010267849,206.22159255986557,200.01973301812973,201.9478759765625,103419000
2025-04-04,192.70471987275084,198.65810753704542,186.19475800144227,187.22840881347656,125910900
2025-04-07,176.1167553732534,192.96313526897592,173.55252535537636,180.35072326660156,160466300
2025-04-08,185.55866963100107,189.17641711488596,168.175598539417,171.365966796875,120859500
2025-04-09,170.89883496621582,199.38363475051753,170.83920418374143,197.6343994140625,184395900
2025-04-10,187.9141974958541,193.5892830219747,181.88129692496375,189.2559356689453,121880000
2025-04-11,184.96235041538483,198.32017705332044,184.92258644836306,196.9386749267578,87435900
2025-04-14,210.14742002868311,211.63825017625834,199.93026529720834,201.28195190429688,101352900
2025-04-15,200.6259945192588,202.26590170954893,198.57859009217825,200.90428161621094,51343900
2025-04-16,197.1473753495745,199.4730666932086,191.19398828729797,193.08238220214844,59732400
2025-04-17,195.9944894564487,197.61452992177487,193.2314851467638,195.7758331298828,52164700
2025-04-21,192.08849990403363,192.6152586778503,188.64964501381652,191.9791717529297,46742500
2025-04-22,194.9211009149487,200.3576636647513,194.77202394084523,198.51898193359375,52976400
2025-04-23,204.7406632397287,206.72843666924064,201.56022878561117,203.34922790527344,52929200
2025-04-24,203.63746952607698,207.55338601533765,201.69939326414854,207.09619140625,47311000
2025-04-25,205.10841141990002,208.46775361357263,204.9394524859384,208.00062561035156,38222300
2025-04-28,208.71623364812058,210.2070638884643,206.1917677806294,208.85537719726562,38743100
2025-04-29,207.41426966255176,210.9425713620398,207.0962185596575,209.9188690185547,36827600
2025-04-30,208.02050829648644,212.2743425468257,205.40658118436113,211.20094299316406,52286500
2025-05-01,207.80185982414434,213.2483553954001,207.62295230903422,212.0159454345703,57365700
2025-05-02,204.83013207172814,205.72463931330321,200.92416412992952,204.09466552734375,101010600
2025-05-05,201.85844989834033,202.85233686944883,196.99834321624024,197.67417907714844,69018500
2025-05-06,196.99832434112832,199.42339557924856,195.81559653234874,197.29647827148438,51216500
2025-05-07,197.95242524507105,198.22077891807172,192.0686174137577,195.05027770996094,68536700
2025-05-08,196.51130456752412,198.82706269335065,193.48988012199126,196.28271484375,50478900
2025-05-09,197.78348851905432,199.3140676367793,196.33240700583877,197.3163604736328,36453900
2025-05-12,209.9552498967622,210.25380995429242,205.75554659425106,209.77610778808594,63775800
2025-05-13,209.4178625594749,212.3735786127325,207.99474788922345,211.9058380126953,51909300
2025-05-14,211.40824098508043,212.91098786371114,209.56714827780408,211.30873107910156,49325800
2025-05-15,209.93538825434783,211.93573045224343,208.53216630351932,210.4329833984375,45029500
2025-05-16,211.33859654598928,211.54759317457453,208.76105751069144,210.24388122558594,54737900
2025-05-19,206.909976827966,208.4724173847277,203.27752386063855,207.77578735351562,46140500
2025-05-20,206.67113760639387,207.46729276724128,204.04383620537516,205.8650360107422,42496600
2025-05-21,204.1831685508297,206.04416933851562,199.74462882701684,201.11798095703125,59211800
2025-05-22,199.7446272097534,201.77480849030061,198.7394754118135,200.39149475097656,46742400
2025-05-23,192.73846975457602,196.74908474491085,192.52948833207407,194.33078002929688,78432900
2025-05-27,197.34622283817185,199.77448939448533,196.4803970243206,199.24703979492188,56288500
2025-05-28,199.6252046868552,201.75491117265972,198.93852099816252,199.45602416992188,45339700
2025-05-29,202.60081106845576,202.8297005493605,197.55518975609246,198.98826599121094,51396800
2025-05-30,198.4110493394953,200.98860329086406,195.83351057352263,199.88394165039062,70819900
2025-06-02,199.31669015009302,201.15779807678393,199.15745607510846,200.7298583984375,35423300
2025-06-03,200.38154929416936,202.78990771325485,199.99342573046133,202.2923126220703,46381600
2025-06-04,201.9340306292736,205.24801554678163,201.1279290627925,201.84446716308594,43604000
2025-06-05,202.521183994692,203.765171611367,199.1872911078447,199.6649932861328,55126100
2025-06-06,202.0236053289331,204.7106157617459,201.07817770068002,202.93917846679688,46607700
2025-06-09,203.40692547634254,205.0091823144686,199.05794913802782,200.48106384277344,72862600
2025-06-10,199.63513956616538,203.36710243054736,199.60528507808198,201.69517517089844,54672600
2025-06-11,202.5211970741936,203.51638723180633,197.45568281643992,197.8238983154297,60989900
2025-06-12,198.12244911144163,198.71955406677787,196.410720905765,198.2418670654297,43904600
2025-06-13,198.769334334526,199.40625545491926,194.7587190445596,195.50511169433594,51447300
2025-06-16,196.35101387226533,197.73432753277095,195.61456771612566,197.4656219482422,43020700
2025-06-17,196.2515147499311,197.43579358003367,194.27109586617135,194.6990203857422,38856200
2025-06-18,194.9975546383106,196.6197193940347,194.13174409281177,195.6344757080078,45394700
2025-06-20,197.28651411005004,200.72986375748766,195.9131467510872,200.03323364257812,96813500
2025-06-23,200.6602023375907,201.3269779408771,198.00304635957568,200.53082275390625,55814300
2025-06-24,201.61555699715424,202.4614746491071,199.23705328583006,199.33657836914062,54064000
2025-06-25,200.4810436177515,202.6903668657116,199.65503400834336,200.59051513671875,39525700
2025-06-26,200.461158146952,201.66534499125092,198.5006473897771,200.03323364257812,50799100
2025-06-27,200.91895566349635,202.24256049649406,199.03804672932017,200.11285400390625,73188600
2025-06-30,201.03834688076608,206.39247448465787,198.30157410241034,204.1831512451172,91912800
2025-07-01,205.6759415551798,209.17901505124104,205.1484920031366,206.82041931152344,78788900
2025-07-02,207.90517762155153,212.3138626915596,207.13887695509675,211.41819763183594,67941800
2025-07-03,211.12956719850303,213.61754237258577,210.79120621932267,212.52284240722656,34955800
2025-07-07,211.65705062020388,215.18997897032483,207.7957228576545,208.940185546875,50229000
2025-07-08,209.08945658408672,210.41304612040562,207.4473837253886,208.9998779296875,42848900
2025-07-09,208.52219391164948,210.31353924447487,206.22330706177223,210.12445068359375,48749400
2025-07-10,209.49748097232364,212.45319704499605,209.0197939340788,211.3883514404297,44443600
2025-07-11,209.55720483784353,211.10969909895366,208.8506131239295,210.1443634033203,39765800
2025-07-14,208.92025854176603,209.89555581124029,206.54175471753558,207.61656188964844,38840100
2025-07-15,208.21368905566166,210.87084499335577,207.9151289669034,208.10421752929688,42296300
2025-07-16,209.28848066940537,211.37837076419683,207.63646146204943,209.14915466308594,47490500
2025-07-17,209.55718424596662,210.7812638030366,208.58188702565155,209.00982666015625,48068100
2025-07-18,209.85575432940058,210.77132749863404,208.6913836081342,210.1642608642578,48974600
2025-07-21,211.07984586548804,214.74213848423943,210.61210526026528,211.4580078125,51377400
2025-07-22,212.1148098811231,213.91610146940232,211.2091832773312,213.36874389648438,46404100
2025-07-23,213.96588230147148,214.11515474984876,211.38834345684663,213.11996459960938,46989300
2025-07-24,212.87118332406595,214.65258233290422,212.50296779967493,212.7318572998047,46022600
2025-07-25,213.6673206036272,214.2047317845148,212.37357038101962,212.8512725830078,40268800
2025-07-28,213.00055398053098,213.81661722083774,212.03521828670327,213.0204620361328,37858000
2025-07-29,213.14983725799084,213.77681196541135,209.80601264614248,210.25384521484375,51411700
2025-07-30,210.88079278566187,211.36844143995228,206.72090512781878,208.0445098876953,45512500
2025-07-31,207.48719786288635,208.83069544134486,206.16359315375274,206.57162475585938,80698400
2025-08-01,209.85574027592583,212.5527122409286,200.53081350952442,201.40658569335938,104434500
2025-08-04,203.52634207300898,206.88014336875773,200.70995198839026,202.37193298339844,75109300
2025-08-05,202.42167200915333,204.35234334482283,201.18764593221573,201.94398498535156,44155100
2025-08-06,204.64094523363173,214.3440487139093,204.60112912578842,212.2242889404297,108483100
2025-08-07,217.8272171299369,219.78774287041324,215.5382768294147,218.9716796875,90224800
2025-08-08,219.76784743364436,229.88892965735022,218.19544514014734,228.2468719482422,113854000
2025-08-11,227.08116933177635,228.71513292468896,223.9327956372812,226.34388732910156,61806100
2025-08-12,227.17083074525974,229.95057099439725,226.23430307406312,228.80479431152344,55626200
2025-08-13,230.2195756343437,234.1351043372746,229.58191650034667,232.47125244140625,69878500
2025-08-14,233.19855135713797,234.2546476473393,230.00037411625505,231.9232635498047,51916300
2025-08-15,233.13877413921495,233.41774239633352,228.49592139875156,230.73764038085938,56038700
2025-08-18,230.8472538899505,232.26202593201924,229.26310933608104,230.0402374267578,37476200
2025-08-19,230.4287923573085,232.01293684851592,228.50590285589897,229.71144104003906,39402600
2025-08-20,229.13358225147155,229.6217843388592,224.93908515924198,225.17819213867188,42263900
2025-08-21,225.43724912794482,225.68632903786573,222.9564077521854,224.07228088378906,30621200
2025-08-22,225.33760837029214,228.2468598588307,224.58041092619504,226.9217529296875,42477800
2025-08-25,225.64645413109014,228.45608264282492,225.3973742361901,226.32395935058594,30983100
2025-08-26,226.03502689374838,228.6453946309622,223.86305742355088,228.46604919433594,54575100
2025-08-27,227.76862267507164,230.05018785299507,227.41990473660533,229.64170837402344,31259500
2025-08-28,229.97051505486425,232.55097936868034,228.49595098757067,231.7041015625,38074700
2025-08-29,231.65426265633033,232.52107103838586,230.51845893056873,231.28562927246094,39418400
2025-09-02,228.4062860305561,230.00040359535532,226.13467838242784,228.8745574951172,44075600
2025-09-03,236.33698891571112,237.9709525201245,233.49747185558658,237.59234619140625,66427800
2025-09-04,237.57239985348932,239.0170601981439,235.8687018920251,238.8975067138672,47549400
2025-09-05,239.11668743272676,240.43183651086895,237.61225041390915,238.80783081054688,54870400
2025-09-08,238.41927329094256,239.2661357937392,235.4701607098454,237.00450134277344,48999500
2025-09-09,236.12774389612645,237.90119155812317,232.5011411802574,233.4875030517578,66313900
2025-09-10,231.33545739080094,231.56460664903227,225.118417424808,225.955322265625,83440800
2025-09-11,226.04499474029723,229.60184779162614,225.81583028738913,229.1833953857422,50208600
2025-09-12,228.37638560886936,233.6469097348115,228.17712472443904,233.2085418701172,55824200
2025-09-15,236.1277410783948,237.31336381412066,234.16499028444412,235.82884216308594,42699500
2025-09-16,236.30708253667353,240.33222235518573,235.45026224943368,237.2735137939453,63421100
2025-09-17,238.09051246512186,239.21635855568803,236.85507060288438,238.11044311523438,46508000
2025-09-18,239.0868055705458,240.31227437025743,235.77901734043184,237.00450134277344,44249600
2025-09-19,240.34217704154452,245.3935247988757,239.32594197772087,244.59646606445312,163741300
2025-09-22,247.38616206443075,255.69547916115815,247.2068166293636,255.13751220703125,105517400
2025-09-23,254.9382669065294,256.3928850249964,252.64672876089196,253.49359130859375,60275200
2025-09-24,254.2807025242173,254.79879299943292,250.11607847800005,251.38140869140625,42303700
2025-09-25,252.27808820484515,256.22352044118514,250.7836088309123,255.9246063232422,55202100
2025-09-26,253.16481067495934,256.6519291955366,252.84598111295833,254.51980590820312,46076300
2025-09-29,253.62311772285494,254.06150078407975,252.07881928540593,253.49359130859375,40127700
2025-09-30,253.92202035086734,254.97811672142575,252.17846100632588,253.69287109375,37704300
2025-10-01,254.10134722927504,257.83756097799323,253.9917514638179,254.5098419189453,48713900
2025-10-02,255.63566078088252,257.229778167004,253.21461153357077,256.18365478515625,42630200
2025-10-03,253.73271197999827,258.2858846694617,253.01536064819075,257.07037353515625,49155600
2025-10-06,257.0404730386864,258.11651518827176,254.11130630837613,255.74526977539062,44664100
2025-10-07,255.86484387966763,256.45266881763376,254.48991791397023,255.53607177734375,31955800
2025-10-08,255.57591915435188,257.5685585594684,255.16742442767125,257.1102600097656,36496900
2025-10-09,256.86113993459566,257.0504430809132,252.20832947523735,253.10501098632812,38322000
2025-10-10,254.00171816056968,255.436420799504,243.10197943699816,244.3673095703125,61999100
2025-10-13,248.46219085423505,248.7710475029622,244.6562426215344,246.74851989746094,38142900
2025-10-14,245.69241642712313,247.93413549962378,243.79940008876653,246.8581085205078,35478000
2025-10-15,248.57178982967116,250.89321639065437,246.559219921403,248.42233276367188,33893600
2025-10-16,247.33635013275978,248.1234359576197,244.22783772705108,246.53929138183594,39777000
2025-10-17,247.10719170360767,252.44746537322095,246.35995200283696,251.36146545410156,49147000
2025-10-20,254.94822099113512,263.4069798400544,254.68918336894043,261.27484130859375,90483000
2025-10-21,260.916147926868,264.313600971564,260.8663137101643,261.8028564453125,46695900
2025-10-22,261.6833338430701,261.882609922878,254.4899051977633,257.4988098144531,45015300
2025-10-23,258.98329410338334,259.66078406832133,257.06040475940137,258.6246032714844,32754900
2025-10-24,260.2287466983284,263.1579290692685,258.2261343576155,261.8527526855469,38253700
2025-10-27,263.90514984178776,268.1295353654346,263.67598537979285,267.8206787109375,44888200
2025-10-28,268.00000632210845,268.89671830922975,267.1631014853557,268.0099792480469,41534800
2025-10-29,268.28892986747474,270.4110953948544,266.1269030442272,268.7073974609375,51086700
2025-10-30,270.98894793982623,273.1310593223432,267.49188695276854,270.401123046875,69886500
2025-10-31,275.9705701844509,276.29937269597025,268.16940070155243,269.37493896484375,86167100
2025-11-03,269.424736694289,269.8531467885877,265.2700709373508,268.05975341796875,50194600
2025-11-04,267.3424445625432,270.49081837885313,266.6350661079627,269.0461730957031,49274800
2025-11-05,267.6214146886098,270.7000692568828,265.94760492323326,269.14581298828125,43683100
2025-11-06,266.90407480138714,272.3937751745226,266.90407480138714,268.7771301269531,51204000
2025-11-07,268.80702532983145,271.2878818962731,265.7881780523408,267.48193359375,48227400
2025-11-10,268.22988302493957,272.9869540449525,266.7339548671466,268.6986083984375,41312400
2025-11-11,269.07757258136417,275.16101963639426,269.0675899882029,274.5028076171875,46208300
2025-11-12,274.2535066981436,274.9815360542478,270.9624767916609,272.7276611328125,48398000
2025-11-13,273.36590026791555,275.9488963676571,271.3513946141157,272.2090759277344,49602800
2025-11-14,270.31417782757546,275.21085247368256,268.8681323529343,271.6705017089844,47431300
2025-11-17,268.09027174019775,269.7557213346742,265.00866346949266,266.73394775390625,45018300
2025-11-18,269.2570854665072,269.9751321987233,264.59977951795884,266.7140197753906,45677300
2025-11-19,264.80918960656476,271.47104873805114,264.77927226211665,267.8309631347656,40424500
2025-11-20,270.09480618650156,274.68232536305425,265.1981613886433,265.5272521972656,45823600
2025-11-21,265.2280517805383,272.5879921198442,264.9488130991126,270.75299072265625,59030800
2025-11-24,270.16459800357205,276.24804478801667,270.16459800357205,275.1709899902344,65585800
2025-11-25,274.52277261748515,279.6189174225992,274.50283786370125,276.2181701660156,46914200
2025-11-26,276.2081750495132,278.7712060098946,275.8790842359358,276.79656982421875,33431400
2025-11-28,276.50736791500816,278.242634823177,275.2407959413455,278.0930480957031,20135600
2025-12-01,277.2553332443013,282.65065109438723,275.3904143522869,282.3315124511719,46587700
2025-12-02,282.231773534172,286.619823290159,281.86278279875575,285.4131164550781,53669500
2025-12-03,285.4231155973949,287.8365294074879,282.5309633672564,283.378662109375,43538700
2025-12-04,283.3287830094401,283.95707766942763,277.83373081751637,279.9380187988281,43989100
2025-12-05,279.77845592816414,280.37683325787106,277.2951945750906,278.0232238769531,47265800
2025-12-08,277.374989388386,278.9108174051644,275.4003533668138,277.1356506347656,38211800
2025-12-09,277.4049018876359,279.26982065807096,276.16827776921565,276.42755126953125,32193300
2025-12-10,276.9960211276047,278.9905919368044,275.68957968235776,278.0232238769531,33038300
2025-12-11,278.34237127554803,278.8310314000742,273.0667227973629,277.2752685546875,33248000
2025-12-12,277.14562382282355,278.4620479370953,276.0685689150702,277.52459716796875,39532900
2025-12-15,279.3894873363706,279.3894873363706,272.0993337942639,273.3658752441406,50409100
2025-12-16,272.07941349564567,274.752131096348,271.0522107383373,273.8645324707031,37648600
2025-12-17,274.2634587890498,275.41033087528734,270.9026119684932,271.10205078125,50138700
2025-12-18,272.8672697170699,272.88723490520505,266.22537510199504,271.4511413574219,51630700
2025-12-19,271.4112306527045,273.8545921928022,269.1673383776201,272.9271240234375,144632000
2025-12-22,272.1192896847017,273.13654030849926,269.7756932559407,270.23443603515625,36571800
2025-12-23,270.1048034873943,271.7603010837797,268.8282792538215,271.62066650390625,29642000
2025-12-24,271.60070067851706,274.6823088952694,271.46109654935304,273.06671142578125,17910600
2025-12-26,273.41578359787746,274.6224904749486,272.11929424741834,272.6578369140625,21521800
2025-12-29,271.9497734782625,273.61522314661676,271.6107000753325,273.0168762207031,23715200
2025-12-30,272.0694584675055,273.3360001129787,271.54089836280934,272.3387145996094,22139600
2025-12-31,272.3187639976345,272.9370761103812,271.0123224859311,271.12200927734375,27293600
2026-01-02,271.52092924369913,277.0857683126949,268.2697691424855,270.2743225097656,37838100
2026-01-05,269.9053450243044,270.7729784841199,265.41756056202854,266.5345153808594,45647200
2026-01-06,266.27521573774703,266.82371056256306,261.40845786144683,261.6477966308594,52352100
2026-01-07,262.48552563718374,262.964203143993,259.1047135716701,259.623291015625,48309800
2026-01-08,256.3222864925608,258.58614386359903,255.00587765735156,258.3368225097656,50419300
2026-01-09,258.3767027680543,259.5036402038468,255.52448097015204,258.6659240722656,39997000
2026-01-12,258.4565110528425,260.59068617382866,256.1029014720883,259.5435485839844,45263800
2026-01-13,258.01770778709204,261.0993163539261,257.68861696081353,260.34136962890625,45730800
2026-01-14,258.78557762508564,261.1092696408236,256.0131254420647,259.2543029785156,40019400
2026-01-15,259.9424426175537,260.3313985459844,256.35220896361545,257.5090637207031,39388600
2026-01-16,257.1999111311508,258.1971965798445,254.23797213114116,254.8363494873047,72142800
2026-01-20,252.04394930256512,254.09835490933511,242.75922413209136,246.0303192138672,80267500
2026-01-21,248.02489020045314,250.87712721718017,244.51444112970407,246.9777374267578,54641700
2026-01-22,248.52352576906395,250.31864258405668,247.47637302553753,247.67584228515625,39708300
2026-01-23,246.64863719927277,248.73296007338791,244.0157890837153,247.36666870117188,41689000
2026-01-26,250.7973351598156,255.86354695988197,249.12190294519746,254.7166748046875,55969200
2026-01-27,258.4664593428383,261.23891141767155,257.50904348719195,257.5688781738281,49648300
2026-01-28,256.95060341967536,258.15731035497566,253.8191275531099,255.743896484375,41288000
2026-01-29,257.29964922744847,258.94516415300217,253.7193980705993,257.5788879394531,67253000
2026-01-30,254.47732177254832,261.1890484668085,251.49543285360957,258.775634765625,92443400
2026-02-02,259.3241487899344,269.7557466562268,258.50636737104884,269.2770690917969,73913400
2026-02-03,268.4692659190308,271.1419837262723,266.88355520832346,268.7485046386719,64394700
2026-02-04,271.55083028665655,278.19275421850585,271.55083028665655,275.7394104003906,90545700
2026-02-05,277.37501624935936,278.7412924914769,272.48832346973,275.1610412597656,52977400
2026-02-06,276.3677049075235,280.1474248180158,276.1782182606431,277.364990234375,50453400
2026-02-09,277.41494619870406,277.70443813431814,271.2160169672847,274.13079833984375,44623400
2026-02-10,274.40031021957236,274.87943562430115,272.4537718732244,273.19244384765625,34376900
2026-02-11,274.2106536370846,279.6808719096702,273.9610989943363,275.00921630859375,51931300
2026-02-12,275.09909064411113,275.22886395053104,259.7165366668213,261.2637939453125,81077200
2026-02-13,261.5432690161623,261.7628783299504,254.9949421084194,255.32435607910156,56290700
2026-02-17,257.5903108294174,265.8156532326085,255.08478749757862,263.4099426269531,58469100
2026-02-18,263.13045584681157,266.3447212846438,261.9825104325609,263.8791198730469,34203300
2026-02-19,262.13220471573277,264.00886051677537,259.5867290635135,260.11578369140625,30845300
2026-02-20,258.50868117461044,264.2783836675007,257.7001265171608,264.1086730957031,42070500
2026-02-23,263.0206001676805,268.95002088588865,262.91081074777924,265.705810546875,37308200
2026-02-24,267.38283777638213,274.4003442568012,267.233111068832,271.6552429199219,47014600
2026-02-25,271.29586819299504,274.45024283739696,270.567157599074,273.74151611328125,33714300
2026-02-26,274.4602128097023,275.61811956353745,270.31758130113775,272.4637756347656,32345100
2026-02-27,272.3240124520744,272.3240124520744,262.4217010495403,263.7093811035156,72366500
2026-03-02,261.94253069595567,266.05518620599753,259.73647625260065,264.2484130859375,41827900
2026-03-03,263.0106738027697,265.08695529305965,259.6666350681776,263.2801818847656,38568900
2026-03-04,264.17854815272653,265.67587606267574,260.95432154975975,262.0523376464844,39803100
2026-03-05,260.3254337562426,261.09405110124777,256.79173142961054,259.8263244628906,49658600
2026-03-06,258.16927189629365,258.3090066542827,253.916851068475,257.0013427734375,41120000
2026-03-09,255.2345148744848,260.68477987096253,253.22808575123491,259.41705322265625,38218500
2026-03-10,257.19102845716964,262.01244158439727,256.4922936817907,260.3653564453125,30590800
2026-03-11,260.62486739620806,261.6630231774062,259.08760235948154,260.3453674316406,26218900
2026-03-12,258.1992253881205,258.48871731031414,253.72719511663234,255.30438232421875,40794000
2026-03-13,255.024890934378,255.87336762960538,249.07551643845036,249.6744384765625,36930000
2026-03-16,251.66090222791988,253.43773019062647,249.4348789230203,252.36964416503906,32074200
2026-03-17,252.5093881906664,254.67552076289968,251.7307636559193,253.77711486816406,32361600
2026-03-18,252.1799767808244,254.48585937367065,248.55643828829037,249.49476623535156,35757900
2026-03-19,248.95572868612365,251.38140795985734,246.85947863088072,248.5165252685547,34864100
2026-03-20,247.53824109812177,248.75606899357115,245.56177255944445,247.54823303222656,88331100
2026-03-23,253.51758537106093,254.14646797882926,249.83415620831627,251.04200744628906,40546100
2026-03-24,249.90403139868116,254.37604644028636,249.10545347620703,251.1917266845703,45152300
2026-03-25,253.6473574345128,254.5457480998694,251.15181088451408,252.16998291015625,28476700
2026-03-26,251.67088153367666,256.5421934269488,250.32329549316128,252.43951416015625,41796700
2026-03-27,253.4477020992108,255.03488128462607,247.6281009352486,248.35679626464844,47900000
2026-03-30,249.62453299565456,250.4230956915925,245.07264337813007,246.19065856933594,39446200
2026-03-31,247.46837564153284,255.02488248828539,246.65982101631488,253.337890625,49598100
2026-04-01,253.62737973002484,255.7236296181179,252.8787157917901,255.17462158203125,40059400
2026-04-02,253.74717405681358,255.6737439434535,250.20349485503914,255.464111328125,31289400
2026-04-06,256.053045051996,261.6929736576745,256.003115847535,258.3988342285156,29329900
2026-04-07,255.70368128016966,255.7436185540334,245.2623079794448,253.0484161376953,62148000
2026-04-08,257.98960165960847,259.2872736156141,256.0730086009651,258.43878173828125,41032800
2026-04-09,258.5386040524215,260.65482250105316,255.6138310165902,260.02593994140625,28121600
2026-04-10,259.5168819122501,261.7229364827484,258.5585701252562,260.0159912109375,31291500
2026-04-13,259.2673359057164,259.71651601158027,256.2027973984465,258.73828125,36234700
2026-04-14,258.78816168339415,261.4633801130582,256.73183388682423,258.368896484375,48370700
2026-04-15,257.7001261657452,266.08515659729386,257.35074355126085,265.95538330078125,49913500
2026-04-16,266.3246925362851,266.6840670491935,260.804545264895,262.9307556152344,43323100
2026-04-17,266.4844323486072,271.8149160854778,266.24486962975914,269.7486267089844,61436200
2026-04-20,269.84841238867654,273.7913879220191,269.80850557942483,272.5635681152344,36590200
2026-04-21,271.0163536236942,272.3140256362382,264.9272139873882,265.69586181640625,50209800
2026-04-22,267.3429346055621,273.2523721409737,266.39461467279705,272.68341064453125,43249200
2026-04-23,274.56001085217736,275.2787294551341,271.1660737405759,272.9429016113281,33399600
2026-04-24,272.2741016414235,272.5735550213531,269.16962610782736,270.5771179199219,38157100
2026-04-27,265.6159889280984,267.88193422863776,264.59781690250213,267.1332702636719,41466800
2026-04-28,271.8548539018017,272.7432830913257,268.181416710472,270.2277526855469,40018900
2026-04-29,267.07336249706583,270.55716597281076,266.56429174844374,269.688720703125,30047900
2026-04-30,270.018146234023,275.50834883767226,267.6623648300734,270.86663818359375,91848200
2026-05-01,278.36321169794013,286.7083346607987,277.87409435408995,279.6409606933594,79915400
2026-05-04,279.16182884121525,280.13010214166496,274.3703610857382,276.33685302734375,46668400
2026-05-05,276.43668191704,284.0630869835518,276.00745521106614,283.67376708984375,49311700
2026-05-06,281.4177950537395,287.5168959460148,280.5693031693742,286.9978332519531,58336100
2026-05-07,288.75467457606095,291.60959552514373,285.2709015174152,286.9279479980469,45224300
2026-05-08,289.49338424193445,294.2349225642168,289.48339230776435,292.7974853515625,52692800
2026-05-11,291.72841688276577,293.6267735875138,289.979924827367,292.42779541015625,42247300
2026-05-12,292.3078994315659,295.0155556946294,292.3078994315659,294.54595947265625,45748100
2026-05-13,293.24708951115105,300.6607090744109,293.24708951115105,298.6124572753906,52684300
2026-05-14,299.5616620172475,300.1911240450107,295.12548538387824,297.9530334472656,35324900
2026-05-15,297.643304079477,302.93875555297063,296.26448829773227,299.9713134765625,54862800
2026-05-18,299.98126929450746,300.4009207908792,294.6558756451712,297.5833435058594,34483000
2026-05-19,296.7140952726279,300.2510533099592,296.09463441963413,298.7123718261719,42243600
2026-05-20,297.9230626302997,302.5390768782648,297.82314269813475,301.98956298828125,38229800
2026-05-21,300.80056674721834,305.27671719779084,300.1411318265125,304.7271728515625,42965100
2026-05-22,305.85620846339293,311.13165741506583,305.57645096183757,308.55389404296875,43670200
2026-05-26,309.29325163060713,311.5513139598484,307.4048960873393,308.0643005371094,48000500
2026-05-27,308.0643052358437,312.9900803339556,308.0343323058515,310.5821533203125,50430900
2026-05-28,310.412282475935,312.5304508120942,309.30325358892543,312.24072265625,48220400
2026-05-29,311.5113496628706,314.7285763294451,309.2632884033746,311.7911071777344,70026800
2026-06-01,309.363197507879,310.67206624496237,304.7571540774977,306.0460510253906,48849900
2026-06-02,307.1950545511415,315.1781903378333,306.42572903356995,314.92840576171875,44534700
2026-06-03,313.9092501546009,316.6668815001487,308.5838566628498,309.9926452636719,50836700
2026-06-04,312.96009909963743,313.26982953176514,309.38316692864953,310.9618225097656,44869100
2026-06-05,312.5903972939029,314.8984348439246,306.8853260765596,307.0751647949219,65310500
2026-06-08,308.4739595974908,317.1265012321255,300.9105055796523,301.2801818847656,77949100
2026-06-09,300.0212482417878,300.4908444635933,287.5320194610898,290.29962158203125,70108800
2026-06-10,290.4894628291428,294.4960172141002,287.1323727394638,291.3287353515625,52793300
2026-06-11,293.4668864344149,296.7440586571729,289.3404406054596,295.375244140625,42572500
2026-06-12,295.7749221682621,296.88398158337014,289.3704417369658,290.879150390625,38742100
2026-06-15,293.8665449684006,297.5233947188816,291.4486474146935,296.1645812988281,45732600
2026-06-16,294.99559499590845,300.2210994929347,293.71669913987887,298.9821472167969,39874400
2026-06-17,300.59074812548096,301.8096980081642,294.10632015937927,295.6949768066406,42745100
2026-06-18,297.8530937792582,300.31099586682666,295.3652492546472,297.7532043457031,85962200
2026-06-22,297.05381866220307,302.1594314563154,296.5043047694293,296.75408935546875,44879900
2026-06-23,297.2836155142734,301.3800886038737,293.9264950024863,294.04638671875,52010900
2026-06-24,295.1054570720635,299.4417438827621,292.68755959702736,292.8274230957031,53081900
2026-06-25,287.1523472601469,288.55113481081804,273.5141152813601,274.91290283203125,107013700
2026-06-26,274.7630284991681,285.70360492137456,273.9737007161028,283.53546142578125,261775500
2026-06-29,286.4829438934296,288.12151489662153,279.6088673150861,281.4972229003906,66427000
2026-06-30,280.9277417485351,289.69017405322865,280.45814550695326,289.11065673828125,65100200
2026-07-01,293.1871503157195,296.33442991747245,288.95081360688545,294.1263427734375,50164200
2026-07-02,293.866538367699,309.15337194761725,293.4269150966668,308.3640441894531,75352800
2026-07-06,307.0951430290638,313.9292760509671,306.7354678654279,312.3905944824219,53590000
2026-07-07,315.0183186077797,315.20815732134815,309.88273318392555,310.3923034667969,42490000
2026-07-08,311.6412289475945,314.5487250421545,306.7854009831778,313.1199645996094,41323500
2026-07-09,310.24243869469103,316.2572401947346,307.8944576262147,315.947509765625,48124500
2026-07-10,314.4488202226986,316.6369356310425,311.9010296470402,315.0483093261719,34132300
2026-07-13,316.7468014245228,323.171283634363,315.5078797345754,317.03656005859375,43257800
2026-07-14,313.48965629761443,315.91755515351207,311.64124426456783,314.58868408203125,36336800
2026-07-15,317.34631234952286,328.44675508114506,317.0465830462295,327.2178039550781,60957600
2026-07-16,327.72736328456057,334.3915986652446,326.50841333986017,332.97283935546875,62970600
2026-07-17,331.693929977533,334.7013154010385,328.71648699084636,333.452392578125,63407100
2026-07-20,333.2226134619852,333.4224228207836,323.4010672140761,326.3085632324219,53468000
2026-07-21,322.85156758462244,329.3159936819017,321.94234806189104,327.45758056640625,41338900
2026-07-22,327.58746619388995,328.7164973399543,323.0613709608057,325.60919189453125,38755900
2026-07-23,321.4527900194849,323.0214140443725,319.0748358849152,321.3828430175781,40840800
2026-07-24,321.5127284115298,334.0818750563203,321.3428614810286,332.7330322265625,47489400
2026-07-27,334.2517370375488,339.277401491225,333.73216560461384,336.61968994140625,49604300
2026-07-28,339.73698155301014,342.59453283396704,335.31080637618777,339.78692626953125,51859000
2026-07-29,339.43727163464206,344.2730974331505,337.0593175600121,337.8985900878906,56090800
2026-07-30,332.8129674612056,334.4615395264105,329.30598233808786,333.1426696777344,74817800
2026-07-31,304.54735603914753,310.4222943774597,299.7415030462749,308.6438293457031,132489100
2026-08-03,309.313234694189,311.5313230344714,302.29929450581176,303.1585693359375,75052000
2026-08-04,302.46913991298527,310.1525156602479,301.0603512911937,309.1134033203125,68001000
2026-08-05,309.09342362565195,311.4414048335362,305.40663118634393,310.7320251464844,49438800
2026-08-06,314.06913775686996,316.0174696892129,308.96355554648414,312.14080810546875,46139900
2026-08-07,311.1816431226555,314.53873325457766,310.47223295908327,313.05999755859375,34437200
2026-08-10,306.8299865722656,308.260009765625,304.6099853515625,308.260009765625,44812500
2026-08-11,307.75,309.9700012207031,302.7900085449219,304.9100036621094,37476700
2026-08-12,305.1000061035156,305.6600036621094,300.57000732421875,302.25,41657800
2026-08-13,304.2099914550781,306.0,302.04998779296875,305.260009765625,40349300
2026-08-14,306.0,307.489990234375,304.29998779296875,305.92999267578125,28229400
2026-08-17,306.2099914550781,307.6600036621094,302.94000244140625,305.5899963378906,38169300
2026-08-18,307.5799865722656,311.489990234375,305.739990234375,310.0299987792969,53424500
2026-08-19,310.1400146484375,319.2799987792969,309.6000061035156,316.8299865722656,50505600
2026-08-20,317.4599914550781,320.2799987792969,310.6499938964844,311.29998779296875,40959200
2026-08-21,312.04998779296875,312.3800048828125,307.010009765625,309.3500061035156,46876800
2026-08-24,311.4700012207031,313.3599853515625,309.9700012207031,310.3399963378906,34673600
2026-08-25,310.7900085449219,313.5899963378906,308.2099914550781,309.8999938964844,25869800
2026-08-26,310.29998779296875,315.42999267578125,308.79998779296875,313.45001220703125,34024500
2026-08-27,310.54998779296875,315.3999938964844,309.3999938964844,314.5799865722656,32419200
2026-08-28,316.8500061035156,322.3699951171875,315.45001220703125,319.70001220703125,38649400
2026-08-31,319.6000061035156,321.239990234375,312.79998779296875,316.8500061035156,41242700
2026-09-01,316.9800109863281,327.29998779296875,314.7300109863281,325.1300048828125,53167400
2026-09-02,326.8699951171875,328.3999938964844,323.5299987792969,324.9599914550781,33776400
2026-09-03,324.8699951171875,330.80999755859375,324.1099853515625,328.2099914550781,37225800
2026-09-04,328.30999755859375,328.92999267578125,317.8599853515625,319.9700012207031,39606900
2026-09-08,317.1000061035156,320.70001220703125,314.8999938964844,316.2200012207031,35477100
2026-09-09,315.489990234375,319.1499938964844,309.8999938964844,315.3399963378906,65640000
2026-09-10,316.6700134277344,326.739990234375,316.510009765625,326.57000732421875,70011900
2026-09-11,327.45001220703125,336.2200012207031,326.29998779296875,332.2699890136719,50716900
2026-09-14,334.7900085449219,335.5,331.3399963378906,333.0799865722656,39269100
2026-09-15,330.1400146484375,331.7799987792969,328.3500061035156,331.3399963378906,31748200
2026-09-16,332.5299987792969,335.4800109863281,330.70001220703125,332.4100036621094,35981000
2026-09-17,334.7699890136719,338.3399963378906,330.17999267578125,337.0,36700200
2026-09-18,337.9100036621094,338.489990234375,332.5299987792969,336.1300048828125,86588200
2026-09-21,335.2799987792969,339.6400146484375,333.04998779296875,338.9800109863281,34999200
2026-09-22,340.1400146484375,345.3399963378906,338.75,339.75,40711800
2026-09-23,341.0799865722656,341.79998779296875,335.5,337.0199890136719,31658800
2026-09-24,336.7200012207031,338.9100036621094,334.29998779296875,335.9200134277344,24733100
2026-09-25,336.0400085449219,341.6700134277344,334.5299987792969,341.07000732421875,30002500
2026-09-28,340.3699951171875,342.989990234375,338.0400085449219,338.3999938964844,32820800
2026-09-29,336.9700012207031,337.0899963378906,328.70001220703125,329.3999938964844,38478000
2026-09-30,330.79998779296875,339.5,330.1400146484375,333.0199890136719,49988600
