date,open,high,low,close,volume
2017-01-03,16.683896794156063,17.064014528071038,16.551681793131106,17.047487258911133,40200
2017-01-04,17.22102664443589,17.54330062866211,17.17144639519979,17.54330062866211,42400
2017-01-05,17.64245822026037,18.006050299899922,17.592877983622756,17.97299575805664,22600
2017-01-06,17.88209756851229,17.91515211077036,17.650722077215086,17.667247772216797,17300
2017-01-09,17.50198327553254,17.799467910601923,17.295397073651618,17.716833114624023,17500
2017-01-10,17.973001698876953,18.427490766558343,17.973001698876953,18.394437789916992,46500
2017-01-11,18.4109644939407,18.848926271622126,18.4109644939407,18.79108238220215,39300
2017-01-12,19.005930851193902,19.17120044556839,18.96461424066411,19.01419448852539,58300
2017-01-13,18.956351423703016,19.19599061217642,18.609286521398854,19.187726974487305,65200
2017-01-17,19.105090974941767,19.245569642997495,18.65060042481911,18.758026123046875,83400
2017-01-18,18.94808291131955,18.94808291131955,18.6258090049928,18.683652877807617,31100
2017-01-19,18.634070551496492,18.82413101196289,18.62580849228808,18.82413101196289,27500
2017-01-20,18.749764142471914,18.873715548496865,18.70018231915982,18.84892463684082,10500
2017-01-23,19.047245397821776,19.245569520032426,19.047245397821776,19.195987701416016,32800
2017-01-24,19.584373372135424,20.129760841383252,19.394312860751477,20.11323356628418,143100
2017-01-25,20.311550408317423,20.650351571619375,20.204126302737862,20.642087936401367,160700
2017-01-26,20.600774656875203,20.64209126349739,20.030596343949416,20.146284103393555,46600
2017-01-27,20.08017719684414,20.37766181716489,20.08017719684414,20.204130172729492,24400
2017-01-30,20.030597506013507,20.237183703364465,19.749640151525995,19.956226348876953,33200
2017-01-31,20.14628634307663,20.41071801368932,19.584373180359837,20.402454376220703,60000
2017-02-01,20.575980914764074,20.782567071691677,20.452029535832967,20.774303436279297,58000
2017-02-02,20.77430941532245,20.96436993225381,20.658621638507686,20.683412551879883,40100
2017-02-03,20.551193583479925,20.551193583479925,20.212390803129306,20.228918075561523,48000
2017-02-06,20.26197271719164,20.26197271719164,20.06365017544027,20.212390899658203,26200
2017-02-07,20.2371838983712,20.418979186385897,20.2371838983712,20.28676414489746,24200
2017-02-08,20.3115551208036,20.584248841756462,20.3115551208036,20.485088348388672,39200
2017-02-09,20.63382928692348,20.65862019856771,20.27850234345533,20.45203399658203,40500
2017-02-10,20.65861896403785,21.311432079842664,20.65861896403785,21.278377532958984,91400
2017-02-13,21.691545486450195,21.873340728835597,21.650228887403085,21.691545486450195,128400
2017-02-14,21.724601124436806,21.76591772557184,21.344481774259812,21.66675567626953,108500
2017-02-15,21.361013330768195,21.5345449817033,21.228798289257366,21.27011489868164,126300
2017-02-16,21.352751442604863,21.352751442604863,20.8321532949035,20.939579010009766,105400
2017-02-17,20.5594582272422,20.57598550175137,20.27850244122453,20.43550682067871,189800
2017-02-21,20.534669134632402,20.96436882019043,20.534669134632402,20.96436882019043,87100
2017-02-22,20.823888323067575,20.823888323067575,20.493349162282747,20.584247589111328,92200
2017-02-23,20.47682287440091,20.79083317673444,20.080176208127654,20.10496711730957,87800
2017-02-24,19.716584634347488,19.931434440993108,19.443890952091007,19.85706329345703,123000
2017-02-27,19.700058418978593,19.749638661285935,19.50999951002753,19.576107025146484,63700
2017-02-28,19.493473496566388,19.642215809225213,19.35299482084723,19.369522094726562,69300
2017-03-01,19.67526715206564,20.27023635344721,19.67526715206564,20.212390899658203,139200
2017-03-02,20.14628424236527,20.14628424236527,19.584371138240783,19.60089683532715,72500
2017-03-03,19.567844230740533,19.757903147869786,19.44389283157483,19.7496395111084,49200
2017-03-06,19.56784355933405,19.56784355933405,19.055509130599976,19.179460525512695,122500
2017-03-07,19.146406364546987,19.146406364546987,18.592755363996226,18.691917419433594,98400
2017-03-08,18.609281669176497,18.675389177324675,18.28700618784272,18.32006072998047,53900
2017-03-09,18.039106263490492,18.080422871533592,17.683777760260593,17.692041397094727,254600
2017-03-10,17.8077277130124,18.05563206950274,17.799465652977418,17.93168067932129,73400
2017-03-13,18.179584059325734,18.518385272522966,18.17132042289074,18.410961151123047,63600
2017-03-14,18.33658741071018,18.410958551998448,18.039102845557114,18.096946716308594,60700
2017-03-15,18.386172844841557,19.005931480060934,18.32006532012993,18.964614868164062,54300
2017-03-16,19.44389061946382,19.633949514970272,19.311675598578688,19.435626983642578,50900
2017-03-17,19.485208608267154,19.700058426517856,19.377784487205545,19.46868133544922,60100
2017-03-20,19.386048895467397,19.452157994746074,19.27036112398506,19.3447322845459,29700
2017-03-21,19.369521986541805,19.44389314245583,18.617548366635607,18.658864974975586,45300
2017-03-22,18.617544146504883,18.824130293632038,18.41922163439808,18.782812118530273,54800
2017-03-23,18.667129891513287,18.865452462169976,18.584495093041077,18.708446502685547,79400
2017-03-24,18.634076326688177,18.74150204321898,18.477071935032036,18.551443099975586,48000
2017-03-27,18.146529336120853,18.229164123535156,17.725094914950116,18.229164123535156,35500
2017-03-28,18.262218847548166,18.56796551500543,18.262218847548166,18.410961151123047,15000
2017-03-29,18.32006670014153,18.70018460183492,18.32006670014153,18.634077072143555,52300
2017-03-30,18.749763242427935,18.92329488730731,18.617548205531012,18.840660095214844,31300
2017-03-31,18.543177653814606,18.700182030160246,18.26222029723199,18.534914016723633,21700
2017-04-03,18.534909295386395,18.87371044917649,18.394430652878754,18.52664566040039,20100
2017-04-04,18.592757815750627,18.81587128781026,18.49359574723714,18.807607650756836,69000
2017-04-05,19.171199533410444,19.41083870011109,19.005929946899414,19.005929946899414,36600
2017-04-06,19.04724263769397,19.121613778714,18.964609437562615,19.02245330810547,29100
2017-04-07,18.939823502325137,19.014194662862785,18.799344818657097,18.832399368286133,18200
2017-04-10,18.8076037412915,18.857183977178384,18.724968964061844,18.82413101196289,43700
2017-04-11,18.807608576077737,18.807608576077737,18.510123932028858,18.708446502685547,33100
2017-04-12,18.551440657093355,18.551440657093355,18.14653033410757,18.220901489257812,40000
2017-04-13,18.10521168617414,18.138266229684273,17.87383460998535,17.87383460998535,43600
2017-04-17,17.981262304725373,18.088686430853638,17.939944120731766,17.96473503112793,84200
2017-04-18,17.716829624649858,17.766409862018907,17.353237539646376,17.50197982788086,85200
2017-04-19,17.700305012831663,17.74162162082552,17.42761130214056,17.435874938964844,15800
2017-04-20,17.617667534957015,17.74988255173465,17.510243424872932,17.667247772216797,11200
2017-04-21,17.584622376044937,17.766417710795828,17.427616382866244,17.48546028137207,20800
2017-04-24,17.601143509341444,17.650725331871055,17.518510290713994,17.551563262939453,28800
2017-04-25,17.667250584311567,17.857311080292742,17.559826457128793,17.675514221191406,37300
2017-04-26,17.58461807151044,17.81599360889539,17.53503624824712,17.716833114624023,25700
2017-04-27,17.725098504446454,17.815995370494914,17.303662421803537,17.38629722595215,29000
2017-04-28,16.766536230195037,17.981262481235195,16.758272593315194,17.675514221191406,99900
2017-05-01,17.52677236437509,17.873837241695767,17.52677236437509,17.807729721069336,50100
2017-05-02,17.849045130410186,17.849045130410186,17.568087817414312,17.63419532775879,25400
2017-05-03,17.35323543386081,17.56808520455815,17.022697931298413,17.047487258911133,40700
2017-05-04,16.659110927690936,16.89875167458916,16.163303735864783,16.31204605102539,413800
2017-05-05,16.155038675787832,16.48557782530851,16.022823646430552,16.444259643554688,76500
2017-05-08,16.303779836847628,16.303779836847628,16.138511849780834,16.21288299560547,25200
2017-05-09,16.254202871348387,16.485579991185713,16.254202871348387,16.353364944458008,15100
2017-05-10,16.46904663914786,16.477310273534975,16.155034836945802,16.460783004760742,7500
2017-05-11,16.57647858742912,16.617796778940185,16.2376772976776,16.5351619720459,6800
2017-05-12,16.58474068831742,16.873961697572568,16.5351604392281,16.57647705078125,9500
2017-05-15,16.824381348480987,17.295397652349106,16.824381348480987,16.849170684814453,10100
2017-05-16,16.940068749528358,17.097074706083635,16.328573774046557,17.06402015686035,11400
2017-05-17,17.00617098612621,17.00617098612621,16.63431530357976,16.667369842529297,17500
2017-05-18,16.50210237787977,16.68389921273863,16.336834390704055,16.63431739807129,8600
2017-05-19,16.849168520077246,17.17970767258175,16.849168520077246,17.154916763305664,14900
2017-05-22,17.26234298213516,17.31192480671204,17.154918847807288,17.229290008544922,34300
2017-05-23,17.13839059008057,17.278869266070064,17.039230098868916,17.130126953125,33800
2017-05-24,17.014438096329496,17.163180399731026,16.989647187053414,17.154916763305664,11000
2017-05-25,17.229290638445438,17.468929828150802,17.138392199525608,17.179710388183594,34800
2017-05-26,17.254078438773725,17.27060571276491,16.973122661561508,17.221025466918945,8000
2017-05-30,17.187969927523053,17.187969927523053,16.973121682540583,17.121862411499023,7200
2017-05-31,16.90701421345644,16.90701421345644,16.53515999117121,16.700428009033203,16000
2017-06-01,16.642585024710954,16.725219826178172,16.61779568756021,16.70869255065918,7200
2017-06-02,16.65084912017263,16.692167310105873,16.535161340615122,16.584741592407227,12400
2017-06-05,16.469050359107655,16.526894236755908,16.411206481459402,16.477313995361328,24200
2017-06-06,16.444258029353477,16.609527587890625,16.444258029353477,16.609527587890625,7600
2017-06-07,16.74174107312085,16.799584940480432,16.601262434050216,16.650842666625977,5500
2017-06-08,16.659110502351616,17.080546525837388,16.659110502351616,17.055755615234375,38600
2017-06-09,17.179709957816808,17.311925005954784,17.146655407718466,17.19623565673828,15200
2017-06-12,17.196235912158127,17.295397987798335,17.047493586761675,17.10533905029297,12800
2017-06-13,17.196232461486943,17.196232461486943,17.055753801926883,17.146652221679688,20800
2017-06-14,17.179708184507067,17.179708184507067,16.70869035099089,16.758272171020508,8100
2017-06-15,16.469052003264654,16.51036861253033,16.278993078838372,16.31204605102539,35800
2017-06-16,16.328570744164963,16.328570744164963,16.1633011809708,16.21288299560547,11800
2017-06-19,16.361625573863556,16.559949702726275,16.361625573863556,16.37815284729004,30500
2017-06-20,16.2046149561261,16.2046149561261,15.931921354251106,15.981501579284668,10300
2017-06-21,16.047617157574315,16.088933769900073,15.998036907557857,16.014562606811523,10800
2017-06-22,15.973242380910726,16.25419969432347,15.973242380910726,16.19635581970215,8400
2017-06-23,16.353366219810376,16.411210110248867,16.229413224724688,16.40294647216797,6000
2017-06-26,16.411205291748047,16.485576436512197,16.32030687567468,16.411205291748047,11000
2017-06-27,16.54342407676427,16.73348301171308,16.54342407676427,16.57647705078125,21700
2017-06-28,16.750008752041904,17.07228270578522,16.7417451152629,16.98138427734375,14100
2017-06-29,17.24581518785715,17.427610460832636,17.154916763305664,17.154916763305664,80000
2017-06-30,17.30365891426216,17.378030065307716,17.20449685415893,17.336711883544922,27200
2017-07-03,17.23754979374281,17.634194844949885,17.23754979374281,17.50197982788086,26700
2017-07-05,17.60114552252454,17.617672798591432,17.41935021417211,17.535037994384766,47400
2017-07-06,17.485456820844227,17.526773432706314,17.378032684326172,17.378032684326172,7100
2017-07-07,17.39455223083496,17.44413403888533,17.138385860416665,17.39455223083496,23900
2017-07-10,17.27060805023927,17.60940933227539,17.080549102000045,17.60940933227539,74900
2017-07-11,17.58461825492042,18.055634547941278,17.58461825492042,18.04737091064453,34000
2017-07-12,18.220903198078535,18.377909159912235,18.138269974497575,18.253957748413086,30600
2017-07-13,18.320067521691108,18.427491671208994,18.29527660589718,18.40270233154297,11900
2017-07-14,18.534911490076798,18.592755365700818,18.510120582183333,18.584491729736328,36500
2017-07-17,18.76628661577786,19.113351438680905,18.76628661577786,19.07203483581543,62000
2017-07-18,19.17946042854388,19.21251497428815,19.105090852874252,19.195987701416016,20800
2017-07-19,19.344732914129516,19.410840439432018,19.179463312809396,19.29515266418457,22300
2017-07-20,19.14640843896146,19.14640843896146,18.923294972149733,18.93155860900879,25500
2017-07-21,18.98113875605012,19.047246274453713,18.807607111288533,18.94808578491211,29400
2017-07-24,18.923296054006656,19.038985400519863,18.890243080808354,19.01419448852539,6800
2017-07-25,19.187722965632343,19.98101468064136,19.187722965632343,19.85706329345703,114500
2017-07-26,20.162807748735382,20.609034585380503,20.12975478461013,20.600770950317383,77900
2017-07-27,20.658615952669805,20.658615952669805,20.16280885458027,20.303287506103516,43700
2017-07-28,20.121496131100724,20.3115550562244,20.014070424811607,20.28676414489746,27800
2017-07-31,20.658615692760574,20.815621613341197,20.54292794924185,20.774303436279297,66800
2017-08-01,20.815623235281613,20.85693983943558,20.633826394298353,20.82388687133789,109100
2017-08-02,20.666883189206512,20.708199797859976,20.4520333567278,20.609039306640625,111300
2017-08-03,20.526400195603802,20.69993180680015,20.460292689987014,20.642087936401367,67000
2017-08-04,20.658618021719963,20.79083305096877,20.52640299247115,20.650354385375977,124700
2017-08-07,20.865206570453708,20.94784136714638,20.790835411043066,20.889997482299805,60200
2017-08-08,20.9147865499988,21.1461636625477,20.898260851774165,21.088319778442383,39400
2017-08-09,21.055263675117036,21.055263675117036,20.83215021621791,20.87346839904785,57900
2017-08-10,20.60904050349516,20.60904050349516,20.055389404296875,20.055389404296875,72800
2017-08-11,19.6174238171004,19.774429758044775,19.435628542830987,19.65047836303711,52900
2017-08-14,19.782697316623842,19.947965350690747,19.700062511526482,19.890121459960938,26100
2017-08-15,19.64221492092833,19.64221492092833,19.43562873516205,19.61742401123047,15000
2017-08-16,19.890120347501718,20.50161534921661,19.890120347501718,20.427244186401367,41000
2017-08-17,20.54292994726382,20.68340861068275,20.16281056196011,20.228918075561523,39200
2017-08-18,20.22065615014048,20.369398462360056,20.071915414048487,20.261974334716797,14500
2017-08-21,20.493345270624047,20.71645868894661,20.460292306498797,20.600770950317383,86700
2017-08-22,20.93958018374738,21.063531605248276,20.873472653871715,21.005687713623047,83400
2017-08-23,20.931308119339867,21.253582000732422,20.823884017584746,21.253582000732422,40000
2017-08-24,21.286643899043167,21.484966477391453,21.17095612237194,21.45191192626953,95900
2017-08-25,21.625439016171487,21.699810158913614,21.418852858804975,21.518014907836914,199100
2017-08-28,21.62544396293539,21.76592264512384,21.551072803181054,21.7493953704834,55700
2017-08-29,21.80723490933626,21.889869689941406,21.658492619472465,21.889869689941406,99800
2017-08-30,21.898135289271284,21.92292619851409,21.641968864938903,21.7246036529541,38500
2017-08-31,21.83202681548291,21.898134327766922,21.75765566714747,21.881607055664062,91800
2017-09-01,22.12951579141055,22.377418617539046,21.9642461899064,22.360891342163086,46800
2017-09-05,22.517896189526347,22.550950738639404,21.939454189069107,22.129514694213867,90200
2017-09-06,22.360884326852506,22.426991831488625,22.18735271823041,22.311304092407227,41800
2017-09-07,22.352627230880515,22.360890868393412,22.195622846518592,22.336101531982422,22300
2017-09-08,22.195623641824312,22.195623641824312,21.435386300802048,21.542810440063477,163500
2017-09-11,21.65023250135317,21.84855504691316,21.65023250135317,21.7246036529541,32300
2017-09-12,21.625441592110363,21.832027774084622,21.526279531266628,21.7246036529541,26500
2017-09-13,21.52628049255817,21.52628049255817,21.03873695523666,21.096582412719727,115000
2017-09-14,20.90652318073622,20.93957772986435,20.575985570093174,20.889997482299805,67100
2017-09-15,20.815623045166284,20.873466920904498,20.575982330105212,20.749515533447266,38500
2017-09-18,20.83215231719045,20.956105302053707,20.790835706321147,20.840415954589844,74900
2017-09-19,20.92304520564323,20.94783611126921,20.65861518347511,20.91478157043457,37700
2017-09-20,21.06352931616372,21.220535273603705,20.865206748089477,20.96436882019043,93300
2017-09-21,20.650358000716952,20.77430941532245,20.48508997328554,20.683412551879883,22900
2017-09-22,20.49334968674633,20.658619271368305,20.162812093629952,20.55119514465332,46300
2017-09-25,20.35287000277875,20.369397275646406,20.03885969893078,20.08843994140625,47900
2017-09-26,20.15455017790416,20.245448614821367,19.997545792846065,20.11323356628418,14300
2017-09-27,20.162810184265968,20.23718133269035,20.0140678874172,20.080175399780273,15100
2017-09-28,20.055387523097732,20.369397835577487,19.832274061633747,20.311553955078125,25500
2017-09-29,20.48508391809153,20.57598075466586,20.418974835306873,20.534664154052734,19100
2017-10-02,20.518141332126447,20.757782080798183,20.518141332126447,20.741254806518555,36200
2017-10-03,20.840414063132627,21.261850075486592,20.840414063132627,21.20400619506836,196500
2017-10-04,21.278379616555018,21.427121939841467,21.237063005032205,21.352750778198242,39900
2017-10-05,21.55933417318479,21.955979266075765,21.55933417318479,21.70807647705078,91700
2017-10-06,21.724604753271866,21.732866813977108,21.518018560834335,21.699813842773438,241300
2017-10-09,21.625441127146097,21.65023203585588,21.40232767714042,21.484962463378906,28700
2017-10-10,21.625446520964278,21.65023743585741,21.518022375349737,21.592391967773438,30800
2017-10-11,21.509750846719683,21.57585835272358,21.435379705449392,21.5345401763916,21000
2017-10-12,21.59238714286196,21.765920356081445,21.52627962738013,21.70807647705078,46200
2017-10-13,21.955977199200056,22.03034834413195,21.87334241859491,21.889869689941406,33900
2017-10-16,22.426995229009147,22.633581409309166,22.410469532442026,22.435258865356445,46100
2017-10-17,22.493102615376056,22.493102615376056,22.013822742858572,22.088193893432617,67900
2017-10-18,22.05514418323965,22.079933519675574,21.823767061028935,21.972509384155273,33300
2017-10-19,21.691554556348894,21.815505981445312,21.47670468398876,21.815505981445312,33200
2017-10-20,21.94771500197119,21.964242274400878,21.75765609741211,21.75765609741211,33300
2017-10-23,21.757656000959006,21.881607391377294,21.641968246718932,21.77418327331543,18700
2017-10-24,21.848558072246593,21.989036758486037,21.848558072246593,21.955982208251953,42000
2017-10-25,21.90640086621492,21.97250838725757,21.542808712416537,21.61717987060547,349100
2017-10-26,21.71634047433643,21.71634047433643,21.270113555324045,21.385801315307617,204900
2017-10-27,20.923049192525646,21.096582412719727,20.766043245898153,21.096582412719727,32800
2017-10-30,21.030476894877044,21.1957449178796,21.00568598216919,21.08005714416504,19200
2017-10-31,20.98915798427516,21.195744188010405,20.98915798427516,21.146163940429688,17600
2017-11-01,21.484965096329567,21.708078573677472,21.344486415346925,21.41885757446289,15100
2017-11-02,21.484963280592563,21.625441949703077,21.394064854660023,21.402328491210938,26900
2017-11-03,21.526278495337273,21.526278495337273,21.220531843360497,21.369274139404297,17900
2017-11-06,21.542807832210038,21.931190881578534,21.53454419540139,21.865081787109375,42400
2017-11-07,21.790712173709668,21.790712173709668,21.5345441614285,21.716341018676758,36000
2017-11-08,21.82376751282647,21.914665951313847,21.757659987415945,21.84855842590332,56000
2017-11-09,21.61717776969082,21.69981255699499,21.48496274045514,21.650232315063477,52700
2017-11-10,21.741132006714302,21.757659281562695,21.534545799492427,21.55107307434082,14700
2017-11-13,21.427122589055838,21.62544516740412,21.352751425159262,21.45191192626953,26100
2017-11-14,21.311432788745954,21.311432788745954,20.93957700457285,20.956104278564453,113000
2017-11-15,20.708198416369612,20.732989325584388,20.245445810586194,20.46855926513672,46600
2017-11-16,20.56771922301367,20.64209037262591,20.493348073401428,20.501611709594727,107800
2017-11-17,20.567723198937372,20.741256440287266,20.567723198937372,20.683412551879883,63000
2017-11-20,20.675142477273393,20.74124998289018,20.59250770122059,20.642087936401367,14000
2017-11-21,20.75778153906672,21.047000950774116,20.75778153906672,20.881732940673828,44500
2017-11-22,21.03873751190867,21.311432804590087,20.89826041125839,21.212270736694336,18100
2017-11-24,21.327958517944392,21.59238859768816,21.327958517944392,21.46843719482422,19400
2017-11-27,21.369279813744768,21.369279813744768,20.92305280712347,21.022214889526367,17600
2017-11-28,20.906520079645826,20.906520079645826,20.724724814789983,20.82388687133789,33400
2017-11-29,20.74125397787794,20.906521985688673,20.319817957350093,20.460296630859375,35100
2017-11-30,20.427241146651177,20.427241146651177,20.171074721811628,20.195865631103516,47000
2017-12-01,20.23718713316801,20.427246088671506,20.146288686567264,20.278505325317383,27400
2017-12-04,20.493349962960156,20.50161359991539,20.245447158813477,20.245447158813477,20100
2017-12-05,20.493349772737975,20.493349772737975,19.62568839015076,19.807483673095703,22300
2017-12-06,19.576108851518,19.708323894091038,19.44389380894496,19.485210418701172,22200
2017-12-07,19.435627554973777,19.59263191181057,19.427363918909617,19.551315307617188,69300
2017-12-08,19.832272194737584,19.873588798025665,19.749637412034033,19.782691955566406,79900
2017-12-11,19.989282253962045,20.204132102927385,19.964491341191067,20.09670639038086,44000
2017-12-12,20.071915330607077,20.22065606608074,20.063651693726168,20.17107582092285,12300
2017-12-13,20.228915950682843,20.57598075466586,20.228915950682843,20.534664154052734,71800
2017-12-14,20.62556401077916,20.724726073348926,20.509876251220703,20.509876251220703,36900
2017-12-15,20.823885248753577,20.8569382142758,20.741250470757073,20.774303436279297,52300
2017-12-18,20.914786824840263,21.220535099864588,20.914786824840263,21.146163940429688,41300
2017-12-19,21.129636745246213,21.2618517900433,21.104847409426544,21.237062454223633,45400
2017-12-20,21.46016945982736,21.567595144289232,21.45190582439742,21.518014907836914,80100
2017-12-21,21.70807462422023,22.0220849019256,21.70807462422023,21.96424102783203,74700
2017-12-22,21.997297666533115,22.063405182670696,21.889871967729853,22.03861427307129,67500
2017-12-26,22.10472087637505,22.21214499461463,22.063404271543085,22.137775421142578,31400
2017-12-27,22.360889778264895,22.64184713549544,22.360889778264895,22.61705780029297,130800
2017-12-28,22.97634465613965,23.085475289358364,22.83363438121336,23.001527786254883,194000
2017-12-29,23.219796275867687,23.228191188327166,22.84203322102021,22.95956039428711,125400
2018-01-02,23.295344971038897,23.614343585048385,23.152634685548072,23.54718589782715,91300
2018-01-03,23.631136936379775,23.631136936379775,23.186217792528915,23.303743362426758,272600
2018-01-04,23.631142113254075,23.765457537180605,23.555589487149636,23.67311668395996,57300
2018-01-05,23.70668931777933,23.782241926605337,23.589163749012556,23.757057189941406,72600
2018-01-08,23.866192013573947,23.933349717398958,23.75705974412958,23.908164978027344,61900
2018-01-09,24.0424771220942,24.168399200693347,23.664715689793987,23.765451431274414,170200
2018-01-10,23.799030971986795,24.042477013772448,23.731873277580505,23.950136184692383,56600
2018-01-11,24.151611373225848,24.260742035711925,23.992111234670006,24.218769073486328,120200
2018-01-12,24.353083939622415,24.462214599713814,24.327899202140166,24.42863655090332,55600
2018-01-16,24.420244885747785,24.47061276624423,24.050876692719743,24.185192108154297,119800
2018-01-17,24.17679600043368,24.294323184008693,23.93334992241981,24.243953704833984,109300
2018-01-18,24.092847274130683,24.092847274130683,23.731874054443264,23.757057189941406,65500
2018-01-19,23.849403386535705,24.076061248779297,23.79064059287982,24.076061248779297,33300
2018-01-22,24.059266837665454,24.059266837665454,23.765451324200782,23.950136184692383,46400
2018-01-23,23.76545060419674,23.950135459093083,23.37929427335109,23.73187255859375,56500
2018-01-24,24.008906003241478,24.176799487877478,24.008906003241478,24.092853546142578,86800
2018-01-25,24.344687698868803,24.63010830343156,24.042477270233945,24.12642478942871,65300
2018-01-26,24.21037688656445,24.311112647713696,24.134824265119487,24.252349853515625,28300
2018-01-29,24.076063717329117,24.243957201965117,24.076063717329117,24.092853546142578,86000
2018-01-30,23.966926285471498,23.966926285471498,23.664717437544926,23.723480224609375,56000
2018-01-31,23.924957212061024,24.00890475058218,23.496826206652628,23.563983917236328,129900
2018-02-01,23.438061034837766,23.740271502421646,23.37929824417778,23.681507110595703,29200
2018-02-02,23.68150713466095,23.68150713466095,22.816851897786563,22.825246810913086,91800
2018-02-05,22.959562844266113,23.41287695728969,22.329958753113473,22.52303695678711,77000
2018-02-06,22.06132428748026,23.10226935415754,21.994166592893524,22.976348876953125,92900
2018-02-07,22.49785193332157,22.70771996106213,21.918617329597133,22.052932739257812,117500
2018-02-08,21.97737930138031,21.97737930138031,21.17988018524801,21.247037887573242,82500
2018-02-09,21.20505919556996,21.53245270581528,20.659402811439257,21.49887466430664,304000
2018-02-12,21.658381179851222,22.069723949030696,21.616408212138744,21.876644134521484,235800
2018-02-13,22.010954774703453,22.489455149054915,22.010954774703453,22.43069076538086,65800
2018-02-14,22.30477372231448,23.421271565358783,22.30477372231448,23.36250877380371,39400
2018-02-15,23.790641112271715,23.91656161587854,23.38769486026344,23.799036026000977,49900
2018-02-16,23.52200772312851,23.715085914435246,23.32053461900419,23.4212703704834,27600
2018-02-20,23.001532683311055,23.14424298862055,22.665744200572764,22.967954635620117,36600
2018-02-21,23.12745316419219,23.41287377481118,22.942769898977577,22.967954635620117,17700
2018-02-22,23.228188901635235,23.43805688896437,23.169426121369582,23.21139907836914,27700
2018-02-23,23.41287410622508,23.597558975219727,23.135848403898912,23.597558975219727,21400
2018-02-26,23.80742904994657,24.05087512410672,23.740271346609365,24.025691986083984,45500
2018-02-27,23.723478788997827,23.723478788997827,23.37090048678133,23.446453094482422,34000
2018-02-28,23.328929703977234,23.328929703977234,22.833641052246094,22.833641052246094,55500
2018-03-01,22.81685305627866,22.81685305627866,22.304774537722444,22.69932746887207,56900
2018-03-02,22.455878581341953,22.556615937434824,22.29637843468072,22.531431198120117,22400
2018-03-05,22.304774645252376,22.674142837524414,22.24601185126579,22.674142837524414,15200
2018-03-06,23.07708436123413,23.396084607842635,23.07708436123413,23.203004837036133,17900
2018-03-07,22.858827624342652,23.00153796240567,22.66574940260038,22.92598533630371,20100
2018-03-08,22.92598009007187,22.92598009007187,22.514638998293233,22.648954391479492,33600
2018-03-09,22.808456613735306,23.0267195479775,22.758088736961238,22.917587280273438,56800
2018-03-12,22.959561305336194,23.12745475769043,22.942771479751006,23.12745475769043,35200
2018-03-13,23.253376848413474,23.41287538797511,23.085481794893344,23.12745475769043,95100
2018-03-14,23.412874786662428,23.555585098139538,23.345717087212364,23.429664611816406,20500
2018-03-15,23.35411004846482,23.370899872215944,23.14424205507291,23.203004837036133,96100
2018-03-16,23.068692531895074,23.211402850517757,23.068692531895074,23.144245147705078,24500
2018-03-19,23.001537714288514,23.001537714288514,22.506248993481066,22.682538986206055,27100
2018-03-20,22.590193335438663,22.590193335438663,22.338352354238005,22.380325317382812,31400
2018-03-21,22.27958669605158,22.87561102201048,22.254401960708613,22.867216110229492,31300
2018-03-22,22.523031522655383,22.632162167612183,22.1116904744865,22.20403289794922,21700
2018-03-23,22.262801975595586,22.262801975595586,21.73393362032536,21.767513275146484,36600
2018-03-26,21.994167634573273,22.178850903142262,21.82627258957178,22.078113555908203,50800
2018-03-27,22.21242875755017,22.41390345025961,21.784299438748562,21.80948257446289,61800
2018-03-28,21.62479965771925,21.675167531129418,21.137905944978773,21.171483993530273,52500
2018-03-29,21.31419395731427,21.89343009623086,21.171483650658466,21.80948257446289,46300
2018-04-02,22.027748386461592,22.33835377748693,21.314196759375825,21.347776412963867,42000
2018-04-03,21.63319345426116,21.784298667863148,21.448508592673956,21.683561325073242,31200
2018-04-04,21.381355250533897,21.767513275146484,21.18827703881064,21.767513275146484,55300
2018-04-05,21.826274885018172,22.14527358267079,21.826274885018172,22.052932739257812,19300
2018-04-06,21.943798923022058,22.07811432322501,21.46530010965331,21.574432373046875,12300
2018-04-09,21.708746741303568,21.742324789175203,21.45690417702021,21.515666961669922,25700
2018-04-10,22.069719005179625,22.497848303672853,22.069719005179625,22.388717651367188,15900
2018-04-11,22.3635379956483,22.52303815555604,22.3635379956483,22.464275360107422,8700
2018-04-12,22.363541182892316,22.363541182892316,22.162068026426276,22.313173294067383,26400
2018-04-13,22.47266589868275,22.615376203201865,22.279587722323285,22.287981033325195,32500
2018-04-16,22.30477305274898,22.49785124810992,21.968984538824312,22.06132698059082,18300
2018-04-17,22.153664715900806,22.313164838095034,22.09490193434654,22.279586791992188,33100
2018-04-18,22.573406142322053,23.085484678472227,22.573406142322053,22.892406463623047,84500
2018-04-19,23.16103296816949,23.16103296816949,22.8756123556389,23.00992774963379,45200
2018-04-20,22.91758584438141,23.001533367855778,22.72450766120645,22.800060272216797,24400
2018-04-23,22.66574349657987,22.66574349657987,22.363533070919104,22.43069076538086,12400
2018-04-24,22.581798398467942,22.581798398467942,22.094904661144813,22.153667449951172,11100
2018-04-25,21.977376162204564,22.044533854937214,21.767508172269327,21.851455688476562,47200
2018-04-26,21.98577712283159,21.98577712283159,21.817882044224582,21.935407638549805,29000
2018-04-27,21.901829583528084,22.405513218182964,21.725539590874117,21.935407638549805,48300
2018-04-30,21.935406745753898,21.935406745753898,21.67517082555446,21.767513275146484,49100
2018-05-01,21.666772594996534,21.67516750741668,21.23024835730961,21.4904842376709,52200
2018-05-02,21.700351820508402,21.92700964792453,21.675167083740234,21.675167083740234,44600
2018-05-03,21.83466844176419,21.960588930352376,21.658378476808025,21.843063354492188,62500
2018-05-04,21.666775912723228,22.052933937351394,21.59122329053872,21.994171142578125,36200
2018-05-07,21.968984453508522,22.103299858556777,21.834669048460263,21.927011489868164,19000
2018-05-08,21.868248548818954,21.885038375854492,21.725538221348955,21.885038375854492,56000
2018-05-09,21.952195647778208,22.29637908935547,21.952195647778208,22.29637908935547,20700
2018-05-10,22.48106292887078,22.84203457909506,22.48106292887078,22.78327178955078,45400
2018-05-11,22.93437390772743,22.993136689296186,22.78326869731308,22.842031478881836,43100
2018-05-14,22.900798754116455,22.90919366699599,22.758088437496195,22.833641052246094,20000
2018-05-15,22.455876879334276,22.640560150146484,22.296376744762103,22.640560150146484,26100
2018-05-16,22.64056159823642,22.993139938640326,22.64056159823642,22.984745025634766,20400
2018-05-17,23.001532011694565,23.152637224806156,22.942769229076887,22.976348876953125,30900
2018-05-18,22.825247591887454,22.842035817548958,22.707720405260858,22.791667938232422,10600
2018-05-21,23.07708664119675,23.07708664119675,22.875613539775333,22.9511661529541,31200
2018-05-22,23.035115001216155,23.16943040987442,23.026720088029265,23.0938777923584,96400
2018-05-23,22.716115050933023,22.716115050933023,22.346748472077262,22.548221588134766,34600
2018-05-24,22.388718328614413,22.422296376045058,22.086507895909744,22.220823287963867,10900
2018-05-25,22.010960083194174,22.010960083194174,21.775908896472455,21.826276779174805,18100
2018-05-29,21.557643064179413,21.725536517872335,21.137907028198242,21.137907028198242,54100
2018-05-30,21.2806162192814,21.64998435974121,21.23864165720311,21.64998435974121,61600
2018-05-31,21.666775234917818,21.792695734230783,21.406539322848886,21.54924964904785,36200
2018-06-01,21.683561375473783,21.97737689136439,21.683561375473783,21.75071907043457,21200
2018-06-04,22.036137864552536,22.237610932888572,21.784296929423896,22.044532775878906,47300
2018-06-05,22.237618300118005,22.581801772697638,22.195645330746302,22.497854232788086,78400
2018-06-06,22.825246975041868,23.16943040987442,22.724509617965182,23.0938777923584,53600
2018-06-07,23.41287598192279,23.41287598192279,22.816851569021342,22.984745025634766,94700
2018-06-08,22.766481553630577,22.90919185898805,22.665744208192333,22.808454513549805,40400
2018-06-11,22.892404099783842,22.892404099783842,22.808456571206307,22.85042953491211,28900
2018-06-12,22.64895701168505,22.707719802856445,22.497851776578045,22.707719802856445,22600
2018-06-13,22.66574660546664,22.74969413534971,22.497851545700506,22.531431198120117,16400
2018-06-14,22.50624499402689,22.50624499402689,22.162061584956234,22.187246322631836,27300
2018-06-15,21.868247823387755,21.87664273662704,21.448511768419348,21.59961700439453,29900
2018-06-18,21.280611790421265,21.49887466430664,21.137901511387188,21.49887466430664,43100
2018-06-19,20.98680033147978,20.98680033147978,20.617432197319314,20.79372215270996,173300
2018-06-20,20.911250992425874,20.911250992425874,20.667804903115293,20.776935577392578,19000
2018-06-21,20.651017051644484,20.860885107858014,20.424359166653986,20.684595108032227,44500
2018-06-22,20.97001194955076,21.179879967303265,20.844091459132436,20.9112491607666,31400
2018-06-25,20.667802646258714,20.667802646258714,20.063381743443628,20.23967170715332,42100
2018-06-26,20.180912162913135,20.306832670847673,20.096964623901403,20.222885131835938,56000
2018-06-27,20.147331762705203,20.32362014706916,19.87030601501465,19.87030601501465,19800
2018-06-28,19.811541947308356,19.97943540717721,19.56809426892446,19.79475212097168,25400
2018-06-29,19.962643451417062,20.33200995480145,19.962643451417062,20.248064041137695,26200
2018-07-02,20.155724305210793,20.155724305210793,19.90388172710513,20.05498695373535,17700
2018-07-03,20.214487377209732,20.23127720288594,19.811541167976134,19.828330993652344,48700
2018-07-05,19.87869587478256,19.895485697929377,19.643643154224115,19.861906051635742,21700
2018-07-06,19.710802680894393,19.962645248048407,19.668829720284965,19.95425033569336,28200
2018-07-09,20.222884048651586,20.533487844842377,20.222884048651586,20.48311996459961,54800
2018-07-10,20.533485366509627,20.533485366509627,20.35719700635441,20.466327667236328,44900
2018-07-11,19.752777167019573,19.79475012746825,19.484144776184284,19.500934600830078,55500
2018-07-12,19.685615801864717,19.811536260915613,19.55969374164831,19.702404022216797,46300
2018-07-13,19.70240850825128,19.71080342092151,19.517725233003862,19.694013595581055,37400
2018-07-16,19.643643714472418,19.643643714472418,19.41698589902297,19.559696197509766,17600
2018-07-17,19.559695532694374,19.75277529549559,19.559695532694374,19.727590560913086,22700
2018-07-18,19.56809482567586,19.82833233780071,19.526121859805926,19.811542510986328,19400
2018-07-19,19.54291158860972,19.54291158860972,19.139963752915516,19.22391128540039,39700
2018-07-20,19.282669689378956,19.40019684857698,19.249091644726406,19.36661720275879,132900
2018-07-23,19.34143896570368,19.349832278117294,19.29946439780539,19.333044052124023,27800
2018-07-24,19.794748873081584,20.147327162471463,19.794748873081584,19.971038818359375,70400
2018-07-25,20.013015049525432,20.231277988291705,19.81154193708717,20.180910110473633,23500
2018-07-26,20.021408234038244,20.088565932385926,19.89548774978207,20.06338119506836,32100
2018-07-27,20.122143208755848,20.122143208755848,19.895486986259378,19.93745994567871,26600
2018-07-30,19.996222624152058,20.0633803195692,19.93745984080778,19.962644577026367,14600
2018-07-31,20.08017227759017,20.34040817484057,20.0717773646252,20.29843521118164,15900
2018-08-01,20.16411845944991,20.180908284258575,19.735987533823884,19.76956558227539,40100
2018-08-02,19.190330610677115,19.190330610677115,18.888120175496127,19.165145874023438,32400
2018-08-03,19.181938990598695,19.291069665829504,19.089596541519203,19.215517044067383,20500
2018-08-06,19.10638562133824,19.10638562133824,18.988860037046695,19.089595794677734,108500
2018-08-07,19.35822540801332,19.42538310929657,19.148357391357422,19.148357391357422,19700
2018-08-08,19.13996165484551,19.13996165484551,19.03922590783884,19.114778518676758,13100
2018-08-09,19.324646207235965,19.375014079907686,19.207119036114207,19.274276733398438,10100
2018-08-10,18.980464285504908,18.980464285504908,18.569123157484068,18.82935905456543,194100
2018-08-13,18.737014514679753,18.737014514679753,18.518751605674932,18.560726165771484,194700
2018-08-14,18.518752914883443,18.518752914883443,18.258517028550088,18.317279815673828,44800
2018-08-15,17.847176106795896,17.90593889454284,17.133624538798955,17.4106502532959,49100
2018-08-16,17.50299323691419,17.704466344534637,17.50299323691419,17.58694076538086,174600
2018-08-17,17.502992264232827,17.662492399339115,17.326702304133068,17.595333099365234,121500
2018-08-20,17.704466537810763,17.838781944357354,17.620519008427657,17.69607162475586,46800
2018-08-21,17.847177024663026,18.03186031010382,17.830387198395876,17.964702606201172,27300
2018-08-22,18.006676479772594,18.132596969604492,17.989886654150766,18.132596969604492,12300
2018-08-23,17.973100427738053,17.973100427738053,17.69607465416563,17.72965431213379,350900
2018-08-24,17.956306548994696,18.14099142383439,17.914333587167054,18.090621948242188,38100
2018-08-27,18.28370047379724,18.594304212682975,18.28370047379724,18.560726165771484,62900
2018-08-28,18.703438649599356,18.795779490252198,18.543938504957627,18.577516555786133,14500
2018-08-29,18.543942341352924,18.66146794531545,18.485179539371657,18.644678115844727,20700
2018-08-30,18.409621588418464,18.409621588418464,18.132595886863797,18.166173934936523,23500
2018-08-31,17.973098152634613,18.02346603204487,17.889150619506836,17.889150619506836,10400
2018-09-04,17.620518267344064,17.620518267344064,17.234361890055062,17.4106502532959,31000
2018-09-05,17.452628142320552,17.570153740208386,17.41904848511478,17.528179168701172,10900
2018-09-06,17.54496550098364,17.628913026103017,17.30991435204842,17.368677139282227,22500
2018-09-07,17.167206704038435,17.276337382814553,16.965731972016787,17.108442306518555,22600
2018-09-10,17.142019748673885,17.142019748673885,16.98251960690575,17.024494171142578,7400
2018-09-11,16.89017878764378,16.957336489335237,16.66352094399789,16.864994049072266,32200
2018-09-12,16.91536167245529,17.36867735297778,16.91536167245529,17.318307876586914,16300
2018-09-13,17.687678401003485,17.838783648091542,17.452627217680817,17.519784927368164,19700
2018-09-14,17.561754850434117,17.612122723674762,17.402254717145276,17.486202239990234,12000
2018-09-17,17.49460220336914,17.612127808584155,17.49460220336914,17.49460220336914,4600
2018-09-18,17.746435687040798,17.90593579846502,17.712857643205258,17.855567932128906,20200
2018-09-19,18.031857768292234,18.459988670758552,18.031857768292234,18.3592529296875,194900
2018-09-20,18.686646334137976,18.7621989398943,18.644671774736842,18.720224380493164,18900
2018-09-21,18.888124009230157,19.17354467790737,18.888124009230157,19.07280731201172,62800
2018-09-24,19.13157030952159,19.13157030952159,18.695044424526515,18.795780181884766,25200
2018-09-25,18.913302283104656,18.955275237193877,18.703434310327413,18.78738021850586,44900
2018-09-26,18.73702057676744,18.92170549861286,18.560732170823645,18.644678115844727,100000
2018-09-27,18.535545876808918,18.535545876808918,18.32567782947133,18.485177993774414,37200
2018-09-28,18.518752945225806,18.703437820678282,18.518752945225806,18.54393768310547,41600
2018-10-01,18.66146211303479,18.72022489665088,18.569121282137697,18.669857025146484,18800
2018-10-02,18.65306637477989,18.762198626232678,18.63627815246582,18.63627815246582,8300
2018-10-03,18.795778641659616,18.795778641659616,18.669858154697394,18.70343780517578,6600
2018-10-04,18.68664983907604,18.68664983907604,18.258518859876933,18.409624099731445,49800
2018-10-05,18.275308449972304,18.275308449972304,17.863967303013037,18.006677627563477,51000
2018-10-08,17.729651989772954,17.771624955569003,17.59533497666038,17.75483512878418,20500
2018-10-09,17.63730708707459,17.746437743644055,17.469412044943024,17.7380428314209,25900
2018-10-10,17.578540560657146,17.578540560657146,17.058067321777344,17.058067321777344,34000
2018-10-11,17.04967750225592,17.23436238466475,16.957336662217433,17.133625030517578,17000
2018-10-12,17.51978632535697,17.528179638717297,17.175601234433252,17.343496322631836,172500
2018-10-15,17.377072766633624,17.54496622261201,17.293125238061467,17.427440643310547,15500
2018-10-16,17.51139259338379,17.578550312965174,17.360287324034093,17.51139259338379,17700
2018-10-17,17.419048388253394,17.419048388253394,17.284732962509555,17.326705932617188,6700
2018-10-18,17.074859507644852,17.074859507644852,16.65512353469619,16.781044006347656,36500
2018-10-19,16.948942999288825,16.948942999288825,16.697100395930025,16.755863189697266,18500
2018-10-22,16.90696821149253,16.90696821149253,16.789442625487247,16.806232452392578,5200
2018-10-23,16.445261646131538,16.45365656084323,16.067498489936742,16.369709014892578,29000
2018-10-24,16.302545994321054,16.327730730262257,15.580599575663982,15.630969047546387,20500
2018-10-25,15.79886595486171,15.849233836644816,15.723313331604004,15.723313331604004,106800
2018-10-26,15.454680385925034,15.85762658756205,15.211234322873205,15.782073974609375,14200
2018-10-29,15.97515377616095,16.025521651112722,15.38752269744873,15.38752269744873,13200
2018-10-30,15.59739596416832,15.85763194042443,15.47147543379707,15.798869132995605,30200
2018-10-31,15.975153264024023,16.24378405670945,15.916388877103989,16.218599319458008,52800
2018-11-01,16.5627836139275,17.10004682937276,16.554388701058645,17.091651916503906,38700
2018-11-02,17.427441234317428,17.704466967184015,17.18399355331886,17.284730911254883,31300
2018-11-05,17.41904632105893,17.41904632105893,17.167205327967842,17.284730911254883,14200
2018-11-06,17.167204639049697,17.234362341256684,17.007704495870875,17.06646728515625,14000
2018-11-07,17.34349265934722,17.578545412944255,17.225967083131646,17.385465621948242,24100
2018-11-08,17.259544121817658,17.335096731005912,17.032887895418696,17.083255767822266,12700
2018-11-09,16.72228298749155,16.8565983848878,16.445257280216055,16.579572677612305,34500
2018-11-12,16.41167985225243,16.48723247366258,16.193418502807617,16.193418502807617,27800
2018-11-13,16.369708230335863,16.629944169260824,16.268970859789903,16.403287887573242,21400
2018-11-14,16.445260857953784,16.545996627333555,16.27736577409925,16.403287887573242,26300
2018-11-15,16.436863715021357,16.923757470783677,16.436863715021357,16.78944206237793,15900
2018-11-16,16.789443478458516,16.94894363983038,16.789443478458516,16.90696907043457,22700
2018-11-19,16.8901754214652,17.0412790192819,16.68030744535993,16.747465133666992,6200
2018-11-20,16.47044767541256,16.67192084071479,16.092684489741895,16.151447296142578,14900
2018-11-21,16.37810024484805,16.74746840323045,16.319337456252963,16.571178436279297,13200
2018-11-23,16.26896720446951,16.38649437722809,16.05070588613035,16.059099197387695,12800
2018-11-26,16.067494109810866,16.352914727535403,16.059099197387695,16.059099197387695,11300
2018-11-27,15.958365941347717,16.033918563782333,15.824050523945303,15.916391372680664,5800
2018-11-28,16.042312925903552,16.352916717529297,15.907997513119552,16.352916717529297,11000
2018-11-29,16.504022073755085,16.613154348141546,16.504022073755085,16.55438995361328,8300
2018-11-30,16.411678294974138,16.579573349102294,16.36970533202505,16.571178436279297,24000
2018-12-03,17.217575249637633,17.53657398548771,17.116837879746665,17.326705932617188,24400
2018-12-04,17.32670554997666,17.32670554997666,16.80623368700485,16.81462860107422,13100
2018-12-06,16.243781533291134,16.29414939880371,16.03391355896222,16.29414939880371,12000
2018-12-07,16.310943106089674,16.545994268578298,16.201810836791992,16.201810836791992,2600
2018-12-10,16.025520042166644,16.025520042166644,15.689731574257863,15.857625007629395,23200
2018-12-11,16.176625019555356,16.445255790005493,16.008729987441175,16.07588768005371,13500
2018-12-12,16.26896978019214,16.55439044310482,16.260576467605958,16.436864852905273,4200
2018-12-13,16.4620496680897,16.4620496680897,16.268969853252695,16.34452247619629,6800
2018-12-14,16.067493178762394,16.226993303228596,15.907994655461923,16.050704956054688,10400
2018-12-17,16.143049239984517,16.185023808651568,15.90799806011333,15.916391372680664,10800
2018-12-18,16.017125701742252,16.059098661291113,15.849230661215262,15.874415397644043,58500
2018-12-19,15.958362030421947,16.159835107150435,15.505046406908589,15.614178657531738,11900
2018-12-20,15.454680054151149,15.68133788814339,15.370732530320781,15.47146987915039,29800
2018-12-21,15.379128764702171,15.56381365323636,15.17765565089158,15.228023529052734,48200
2018-12-24,15.169261444837513,15.43789227577478,15.169261444837513,15.286787033081055,4300
2018-12-26,15.311968343694238,15.698126277533056,15.110495265625776,15.588994026184082,30200
2018-12-27,15.295180815719592,15.64775915554551,15.295180815719592,15.639364242553711,46300
2018-12-28,15.831440187662084,15.85728099821179,15.633332235411654,15.641945838928223,14500
2018-12-31,15.900349465640133,15.900349465640133,15.659175106941614,15.771148681640625,48800
2019-01-02,15.504134230388004,15.753923848236413,15.116530217477433,15.676403045654297,42900
2019-01-03,15.469680487742787,15.469680487742787,15.090691706161039,15.219892501831055,44400
2019-01-04,15.504134075531208,16.081232465168846,15.504134075531208,16.020938873291016,17000
2019-01-07,16.107072475184687,16.236273257449113,16.04677724344268,16.15013885498047,10700
2019-01-08,16.227663040161133,16.442998269841745,16.158755832378436,16.227663040161133,15100
2019-01-09,16.434381076300962,16.598036275142128,16.434381076300962,16.50328826904297,7800
2019-01-10,16.486060671308767,16.563581466674805,16.451607897188875,16.563581466674805,11900
2019-01-11,16.442994680753344,16.572195461784975,16.279339481912178,16.50328826904297,3900
2019-01-14,16.55497058590711,16.55497058590711,16.38270340121369,16.434383392333984,34700
2019-01-15,16.57219621487569,16.57219621487569,16.39992904663086,16.39992904663086,20100
2019-01-16,16.460225213759898,16.710013221814847,16.460225213759898,16.598039627075195,28800
2019-01-17,16.57219714830059,16.91673314707329,16.554969937642646,16.873666763305664,10700
2019-01-18,17.02009433177694,17.183749543077088,16.951187133789062,16.951187133789062,29500
2019-01-22,16.537742067338165,16.537742067338165,16.244886098435938,16.26211166381836,12700
2019-01-23,16.41715314550259,16.589421941221154,16.287952370152162,16.313793182373047,5800
2019-01-24,16.33102067569037,16.44299589899038,16.23627430544866,16.3051815032959,11800
2019-01-25,16.572199060655347,16.933962311831788,16.572199060655347,16.856441497802734,12000
2019-01-28,16.589425144793708,16.753080368041992,16.520517941775058,16.753080368041992,28300
2019-01-29,16.88228221738717,16.985642206899158,16.813375010086713,16.89950942993164,7500
2019-01-30,17.04593088543494,17.416305955223766,17.04593088543494,17.33878517150879,72200
2019-01-31,17.502444377252566,17.743620386957616,17.485217167371385,17.64887237548828,17700
2019-02-01,17.571348556994774,17.631642138349665,17.433534187361627,17.519668579101562,18900
2019-02-04,17.35601334852765,17.545509338378906,17.21819897929594,17.545509338378906,15300
2019-02-05,17.63164518411287,17.66609960391139,17.571351592342612,17.6402587890625,8600
2019-02-06,17.62302921857973,17.846977988640987,17.62302921857973,17.735004425048828,60200
2019-02-07,17.64025996443206,17.64025996443206,17.399085581281604,17.467992782592773,9200
2019-02-08,17.416305955223766,17.416305955223766,17.28710519665773,17.33878517150879,47100
2019-02-11,17.183748692269504,17.209587863437353,16.93395908513288,17.097614288330078,7800
2019-02-12,17.244043766670316,17.244043766670316,17.12345493362302,17.17513656616211,24400
2019-02-13,17.373239583327347,17.476601175906243,17.25265242771595,17.33878517150879,252400
2019-02-14,17.20959148396462,17.442153930664062,17.149297881385678,17.442153930664062,9300
2019-02-15,17.562735983642092,17.76084558912675,17.562735983642092,17.691938400268555,20800
2019-02-19,17.79530233037158,18.303493577603465,17.79530233037158,18.269039154052734,109900
2019-02-20,18.561892092822813,18.9494960788594,18.561892092822813,18.837522506713867,164000
2019-02-21,18.803069345098592,18.82029655515715,18.527440555670328,18.622188568115234,111800
2019-02-22,18.811683467323785,19.216513057567017,18.811683467323785,19.164833068847656,241700
2019-02-25,19.39739227294922,19.526593044808948,19.311257877417088,19.39739227294922,140100
2019-02-26,19.37155299368093,19.50936738028243,19.34571218011424,19.449073791503906,329800
2019-02-27,19.311257599806464,19.414619201534528,19.018401644933352,19.113149642944336,76000
2019-02-28,18.99256640424888,18.99256640424888,18.74277839469906,18.794458389282227,29900
2019-03-01,18.923655732744084,19.035630950531477,18.73416135871241,18.742774963378906,19300
2019-03-04,18.803066202170896,18.8978141987787,18.604958248242674,18.828907012939453,132100
2019-03-05,18.785842819837853,18.880590835736598,18.70832201462565,18.820297241210938,37500
2019-03-06,18.94949650989365,19.078697293885682,18.74277492693097,18.76000213623047,24200
2019-03-07,18.648023723783197,18.682478136479286,18.23458062869109,18.2862606048584,60200
2019-03-08,17.984791167256255,18.03647278659344,17.829751237875186,17.9331111907959,25000
2019-03-11,18.027861345322147,18.25181012734269,18.027861345322147,18.225969314575195,130900
2019-03-12,18.34655905070137,18.604962285834095,18.320719877202176,18.441307067871094,33200
2019-03-13,18.536055008660227,18.716935793918257,18.42407978103428,18.47576141357422,33200
2019-03-14,18.492984045656424,18.492984045656424,18.26042330765631,18.303489685058594,21400
2019-03-15,18.406856556959617,18.44130934016281,18.225974105791103,18.398242950439453,27500
2019-03-18,18.48436879427075,18.656637574281245,18.475756833859386,18.596343994140625,11000
2019-03-19,18.82891122574478,18.940884811707836,18.751390418971408,18.768617630004883,14600
2019-03-20,18.751382470647755,18.92364957933024,18.56188651535748,18.803062438964844,20500
2019-03-21,18.846133306903116,19.06146847634746,18.82890774193406,19.018402099609375,85000
2019-03-22,18.794457103605332,18.80307070925953,18.32933389841979,18.372400283813477,33300
2019-03-25,18.251809650933925,18.47575842710896,18.21735523480993,18.329330444335938,10300
2019-03-26,18.458529974285725,18.604957947184296,18.458529974285725,18.55327796936035,63600
2019-03-27,18.54466487177744,18.55327847546254,18.32932970828067,18.432689666748047,21000
2019-03-28,18.492986981543613,18.57912139289959,18.38962700221824,18.47576141357422,9800
2019-03-29,18.846132577241587,18.94088057384939,18.759999827100206,18.828907012939453,41800
2019-04-01,19.250968514204786,19.371555708662484,19.250968514204786,19.319875717163086,139500
2019-04-02,19.42323721126401,19.42323721126401,19.233742799105595,19.380170822143555,22700
2019-04-03,19.578276132837946,19.724704135623504,19.414622562513124,19.492141723632812,182400
2019-04-04,19.431845700191122,19.621341705322266,19.42323209605998,19.621341705322266,28100
2019-04-05,19.707475662231445,19.716089266887668,19.586888482798553,19.707475662231445,27700
2019-04-08,19.759162008716633,19.931429214347684,19.724707581863925,19.914203643798828,64000
2019-04-09,19.879746297678988,19.879746297678988,19.71609107991578,19.750545501708984,111800
2019-04-10,19.75054512409058,19.905586733441183,19.75054512409058,19.80222511291504,19900
2019-04-11,19.673022186022777,19.690249394721842,19.449073401566057,19.509366989135742,20400
2019-04-12,19.896968892625416,20.000328848271767,19.853900875375373,19.87112808227539,14500
2019-04-15,19.862520541326663,19.871134147405744,19.74193334197429,19.836681365966797,12900
2019-04-16,19.84529643297091,19.983110854626748,19.767775615429812,19.914203643798828,21900
2019-04-17,20.069237795939905,20.275961011145576,20.069237795939905,20.232892990112305,82500
2019-04-18,20.12953419671055,20.163986972664937,19.81945099873553,20.052013397216797,81000
2019-04-22,19.983105238279663,19.983105238279663,19.759156455311423,19.85390281677246,15900
2019-04-23,19.561048396385534,19.63856919829774,19.53520922433291,19.612730026245117,44500
2019-04-24,19.466303806748034,19.466303806748034,19.19928859957521,19.28542137145996,16800
2019-04-25,19.05285885836716,19.1303780174534,18.880590044475774,18.94088363647461,67800
2019-04-26,18.846135606091345,19.027018024787882,18.846135606091345,18.94949722290039,23000
2019-04-29,18.940882172505027,18.958109381138083,18.828908602144253,18.854747772216797,23200
2019-04-30,18.673866713985397,18.68248031816529,18.53605233286113,18.587732315063477,17500
2019-05-01,18.527443119152704,18.570509507380653,18.17429347847583,18.19152069091797,19100
2019-05-02,18.002022600788496,18.0709297998748,17.812528214020464,17.872821807861328,37600
2019-05-03,18.03647642862487,18.320718820867967,18.03647642862487,18.294878005981445,54200
2019-05-06,17.674709976391206,17.915884299364645,17.666096373016888,17.907272338867188,35800
2019-05-07,17.64887207710105,17.64887207710105,17.269881680508416,17.390470504760742,20600
2019-05-08,17.200970809988114,17.373239583327347,17.166518041046338,17.33878517150879,221400
2019-05-09,17.02009536865298,17.132068956125842,16.890894569914366,17.106229782104492,107300
2019-05-10,17.09761163210786,17.26987877034681,16.899503683838486,17.209585189819336,144400
2019-05-13,16.821985062272923,16.873665046110162,16.442994680753344,16.50328826904297,41500
2019-05-14,16.71862594509401,16.83921313965732,16.66694595354935,16.753080368041992,10400
2019-05-15,16.666943738675947,16.821985335583726,16.666943738675947,16.77891731262207,11300
2019-05-16,16.933962351850017,17.10623119296111,16.839214324951172,16.839214324951172,15100
2019-05-17,16.64971966104557,16.71001326165509,16.511905247401696,16.580812454223633,10400
2019-05-20,16.382701836943234,16.43438182312897,16.365474627255608,16.39992904663086,18500
2019-05-21,16.580809423439767,16.580809423439767,16.460222244262695,16.460222244262695,3700
2019-05-22,16.36547481967003,16.3827020295602,15.969258849459054,16.038166046142578,29500
2019-05-23,15.719469107333614,15.814217118084803,15.512747518957772,15.702241897583008,167100
2019-05-24,15.874513055230073,15.943420261538286,15.745312248761849,15.822833061218262,119700
2019-05-28,16.029551989835134,16.219046364659725,15.926190376281738,15.926190376281738,15600
2019-05-29,15.865896713567999,15.977870288433934,15.753923138702064,15.960644721984863,19000
2019-05-30,15.986486244254255,16.003713456114063,15.805605448358303,15.883126258850098,321500
2019-05-31,15.650561079155773,15.891737074210853,15.641947474738407,15.848669052124023,9600
2019-06-03,15.917572764919283,16.141521502183238,15.87450639512405,16.115680694580078,32200
2019-06-04,16.227661317542577,16.529130935668945,16.115686089983832,16.529130935668945,92800
2019-06-05,16.52051485907874,16.52051485907874,16.13291088762667,16.26211166381836,34600
2019-06-06,16.270723309561156,16.36547130070688,16.16736335819928,16.28795051574707,5100
2019-06-07,16.41715962238614,16.57220127112435,16.3482524054889,16.477453231811523,18100
2019-06-10,16.632490460066098,16.718624869014775,16.615264892578125,16.615264892578125,33400
2019-06-11,17.011481839577158,17.15790985024051,17.011481839577158,17.071775436401367,20400
2019-06-12,16.968412416996145,17.02009239889874,16.89950522683368,16.95979881286621,24600
2019-06-13,17.002870559692383,17.08039137846379,16.899510563248857,17.002870559692383,7900
2019-06-14,16.977027142154796,16.977027142154796,16.796146354609323,16.813373565673828,34400
2019-06-17,16.804759960141578,16.87366716152232,16.658331951847842,16.813373565673828,140100
2019-06-18,17.097612310119263,17.4249210357666,17.097612310119263,17.4249210357666,135100
2019-06-19,17.442152080778765,17.442152080778765,17.27849686050903,17.416311264038086,12400
2019-06-20,17.709165055648405,18.010634641542833,17.709165055648405,17.829753875732422,21100
2019-06-21,17.846982398981442,18.002024019866678,17.846982398981442,17.976184844970703,21100
2019-06-24,17.976180643403936,18.06231339676187,17.87281903934667,18.036474227905273,66400
2019-06-25,18.036478926673787,18.070931708417028,17.881437301635742,17.881437301635742,8500
2019-06-26,18.002017562700324,18.079538345336914,17.92449678006373,18.079538345336914,20100
2019-06-27,18.091732349039155,18.143969800581324,18.022081860116717,18.06561279296875,16300
2019-06-28,18.109146118164062,18.152678717365696,18.06561517956129,18.109146118164062,21300
2019-07-01,18.370334097146596,18.50092855482564,18.152676114148647,18.19620704650879,22500
2019-07-02,18.187500527917035,18.19620704650879,18.022081656469606,18.19620704650879,22600
2019-07-03,18.18749902181736,18.18749902181736,18.056904574952792,18.10043716430664,9800
2019-07-05,17.804422534119972,17.847953463694456,17.525818938808328,17.70865249633789,45700
2019-07-08,17.64770734350188,17.64770734350188,17.534524277264623,17.586763381958008,9800
2019-07-09,17.32557528573714,17.32557528573714,17.04697333044226,17.06438636779785,23900
2019-07-10,17.316870682584163,17.316870682584163,17.13403875192223,17.229808807373047,10200
2019-07-11,17.23851171539583,17.282044308673285,17.06438632408193,17.264631271362305,38300
2019-07-12,17.28204463327969,17.334282085595166,17.203687624507143,17.23851203918457,16700
2019-07-15,17.316869087041194,17.395226095990594,17.316869087041194,17.369108200073242,11700
2019-07-16,17.264631109329493,17.30816204159976,17.107917096198733,17.19498062133789,16900
2019-07-17,17.186273940154674,17.221100014120275,17.08179903945508,17.125329971313477,40600
2019-07-18,17.134035961250326,17.16886037354305,17.020852884952223,17.116622924804688,27600
2019-07-19,17.290754610516732,17.58676966717646,17.290754610516732,17.430055618286133,58400
2019-07-22,17.56935523431027,17.621592692936087,17.430054237575508,17.43876075744629,22200
2019-07-23,17.4561686406083,17.534525643153756,17.360400262407165,17.41263771057129,11400
2019-07-24,17.43875620554465,17.456167580142587,17.19497869459071,17.39522361755371,26400
2019-07-25,17.438755726598238,17.447462243957307,17.151447296142578,17.151447296142578,20300
2019-07-26,17.10791656503858,17.194980087474622,17.00344166659419,17.02085304260254,21100
2019-07-29,16.986032287989154,17.01215184852448,16.768374265324915,16.95120620727539,39800
2019-07-30,16.794487811657824,16.846725253423013,16.62906730870333,16.811899185180664,38800
2019-07-31,16.820610482965588,16.933793576323588,16.533301980701225,16.55942153930664,48300
2019-08-01,16.289517790830743,16.30693082281942,15.845497099306316,15.880321502685547,38200
2019-08-02,15.671369637069848,15.71490055515581,15.410180807357916,15.488537788391113,33000
2019-08-05,15.04452049785758,15.122877505184857,14.887806483203025,14.983574867248535,38300
2019-08-06,15.131582199534213,15.131582199534213,14.818155834214743,14.913924217224121,17700
2019-08-07,14.818154926593724,14.879098892211916,14.670147441264465,14.879098892211914,22100
2019-08-08,14.940042321462949,15.270883352367672,14.940042321462949,15.23605728149414,36800
2019-08-09,15.157700115197205,15.157700115197205,14.800741195678711,14.800741195678711,27700
2019-08-12,14.696265846415702,14.696265846415702,14.539553498197995,14.556964874267578,49900
2019-08-13,14.496021844990407,15.009694835765929,14.487315326092673,14.88780689239502,58700
2019-08-14,14.548256995992482,14.548256995992482,14.365425109863281,14.365425109863281,21100
2019-08-15,14.295775936278874,14.321895491225641,14.06070492355368,14.13906192779541,20800
2019-08-16,14.182594843735366,14.191299701651467,14.06070524512802,14.112942695617676,15400
2019-08-19,14.313189932595643,14.435077875989217,14.269657338098877,14.304483413696289,39300
2019-08-20,14.217419522339513,14.217419522339513,14.147769033521506,14.200006484985352,11200
2019-08-21,14.287071071992584,14.287071071992584,14.191301020032274,14.21742057800293,43800
2019-08-22,14.12164819587213,14.287068714526551,14.017173302426118,14.060704231262207,13700
2019-08-23,13.964936247477283,14.121648592042728,13.799515724182129,13.799515724182129,47100
2019-08-26,13.97364011999461,13.97364011999461,13.816926956176758,13.816926956176758,19600
2019-08-27,13.930110768792087,13.991054737709774,13.843047244367416,13.86046028137207,54900
2019-08-28,13.91269615948681,14.043290601065785,13.782101717907835,13.999759674072266,32800
2019-08-29,14.147769559089241,14.304483579901099,14.147769559089241,14.20871353149414,34200
2019-08-30,14.321895618650919,14.452490073349542,14.321895618650919,14.408957481384277,41400
2019-09-03,14.069411441869269,14.13906192779541,13.973641400996359,14.13906192779541,21000
2019-09-04,14.365426228574682,14.478607643954636,14.348013192178213,14.435076713562012,37000
2019-09-05,14.63532136914063,14.931336339799149,14.63532136914063,14.879098892211914,53300
2019-09-06,15.027105586115328,15.070636513378979,14.887804626153528,14.948748588562012,35400
2019-09-09,14.974870738547624,15.027108192443848,14.91392510497019,15.027108192443848,11600
2019-09-10,15.053228416298879,15.279591280072866,15.035815377362791,15.270886421203613,37400
2019-09-11,15.384063085160063,15.40147611869939,15.288293061292046,15.357943534851074,20900
2019-09-12,15.427594425864417,15.65395888620601,15.323119542998034,15.627840995788574,85700
2019-09-13,15.81937951990078,16.01962443089486,15.810673002822993,15.932560920715332,64000
2019-09-16,15.77585220336914,15.889033630070593,15.636549558861539,15.77585220336914,50800
2019-09-17,15.532070795041495,15.601721269703633,15.28829330342486,15.55819034576416,58700
2019-09-18,15.505955156527335,15.593018686971028,15.349241133848436,15.410186767578125,37700
2019-09-19,15.384065368949727,15.593016820645998,15.384065368949727,15.462422370910645,63700
2019-09-20,15.593018958220542,15.61913851598763,15.523368464773721,15.584312438964844,49200
2019-09-23,15.427596496082828,15.427596496082828,15.166407593269792,15.331828117370605,47600
2019-09-24,15.384066196876093,15.514660653639664,15.105464246287507,15.192527770996094,23400
2019-09-25,15.070639794636175,15.270886421203613,14.983576260554523,15.270886421203613,20500
2019-09-26,15.288296377899208,15.288296377899208,14.940043934554998,14.983574867248535,10200
2019-09-27,14.913925952026835,15.08805302236899,14.913925952026835,15.009696006774902,40500
2019-09-30,15.044520481060362,15.088051413705296,14.896512985229492,14.896512985229492,12600
2019-10-01,14.887807546201929,14.887807546201929,14.487315962311756,14.583086013793945,18500
2019-10-02,14.443784233120066,14.46990378952559,14.20000668846451,14.234832763671875,40300
2019-10-03,14.165180925161934,14.339306302823951,14.086823924004548,14.330599784851074,16000
2019-10-04,14.234830602460818,14.365425043463532,14.226124084980848,14.313187599182129,21000
2019-10-07,14.304483738810262,14.417665165876885,14.278364181518555,14.278364181518555,19200
2019-10-08,14.260950927199055,14.260950927199055,14.07811901072409,14.156476020812988,15400
2019-10-09,14.269656423142681,14.269656423142681,14.069411483093122,14.10423755645752,16900
2019-10-10,14.226127192532326,14.504729170355434,14.226127192532326,14.487316131591797,34600
2019-10-11,14.739797148619314,15.018399068542912,14.739797148619314,14.948748588562012,62900
2019-10-14,14.870393285001551,14.931337254352597,14.82686235277898,14.913924217224121,9700
2019-10-15,14.96616347382057,14.96616347382057,14.800742940692274,14.896512985229492,16900
2019-10-16,14.800742635452522,14.870393122607178,14.704972592890394,14.844273567199707,9800
2019-10-17,14.887805473152847,15.070637370779997,14.887805473152847,14.931336402893066,17100
2019-10-18,14.983574867248535,15.053227016516015,14.913924378579694,14.983574867248535,30300
2019-10-21,15.053224802212887,15.323120198528677,15.053224802212887,15.1751127243042,35900
2019-10-22,15.148994809919426,15.183820883195336,15.035813392969862,15.088050842285156,16900
2019-10-23,15.11417450928891,15.26218203978214,15.088054947225741,15.22735595703125,10800
2019-10-24,15.410186020944401,15.410186020944401,15.0271075019118,15.114171028137207,30300
2019-10-25,15.166405147713316,15.366650051620738,15.166405147713316,15.357943534851074,69000
2019-10-28,15.445011452071206,15.636549893900272,15.445011452071206,15.584312438964844,53100
2019-10-29,15.47983359625955,15.697491540557133,15.401476603464554,15.680078506469727,52300
2019-10-30,15.671373886149054,15.671373886149054,15.357945877034542,15.514659881591797,27500
2019-10-31,15.45371610555189,15.45371610555189,15.140288092582963,15.218645095825195,34100
2019-11-01,15.201233063757723,15.67137511427328,15.201233063757723,15.601724624633789,29900
2019-11-04,15.819382200462172,16.071864596107254,15.819382200462172,16.02833366394043,64200
2019-11-05,16.176342480018267,16.420120037629502,16.106691986500593,16.38529396057129,111600
2019-11-06,16.39400118028111,16.4114142195542,16.26340670693057,16.29823112487793,21200
2019-11-07,16.44623739810317,16.6116579375337,16.44623739810317,16.542007446289062,68600
2019-11-08,16.498476028442383,16.498476028442383,16.315642456409574,16.498476028442383,140800
2019-11-11,16.350469229085384,16.350469229085384,16.167635649249945,16.24599266052246,30600
2019-11-12,16.228575282868828,16.228575282868828,16.002210828677097,16.037036895751953,55400
2019-11-13,15.906444277198469,15.915150794958876,15.758436796468493,15.819380760192871,23200
2019-11-14,15.732316866585913,15.79326082885141,15.680079421872405,15.714903831481934,15500
2019-11-15,15.8455025857706,16.002214946135577,15.810676509734801,15.923859596252441,375800
2019-11-18,15.949971970042135,15.949971970042135,15.828084067317636,15.880321502685547,42400
2019-11-19,16.11539552799586,16.202459043955226,15.949975013732912,15.94997501373291,48600
2019-11-20,15.984802670226792,16.010920565186876,15.7671446890335,15.810675621032715,53200
2019-11-21,15.758438962596998,15.801969896784252,15.662668914666604,15.741025924682617,45400
2019-11-22,15.819382608929066,15.862913542219887,15.758438638082456,15.767145156860352,36900
2019-11-25,15.897736513002522,16.01962443089486,15.897736513002522,15.932560920715332,41700
2019-11-26,15.949976392981416,16.019626879652133,15.85420635108471,15.941269874572754,20300
2019-11-27,16.03704050667905,16.106690995913105,15.923859084398202,16.002214431762695,36300
2019-11-29,15.85420687783983,15.85420687783983,15.697494523072901,15.78455638885498,41600
2019-12-02,15.819380381507377,15.819380381507377,15.688785939424394,15.714903831481934,26700
2019-12-03,15.35794728604135,15.62784439002865,15.297003314366375,15.47113037109375,34800
2019-12-04,15.540780129989244,15.82808859764356,15.540780129989244,15.758438110351562,16000
2019-12-05,15.83679617625444,15.83679617625444,15.732319608023417,15.77585220336914,11900
2019-12-06,15.976095891317806,16.14151641929618,15.976095891317806,16.054452896118164,31400
2019-12-09,16.15892945404425,16.263406024701318,16.141518076100372,16.219873428344727,45300
2019-12-10,16.245989546107207,16.3243465423584,16.202458619566947,16.3243465423584,19400
2019-12-11,16.376583956014596,16.81189986300508,16.376583956014596,16.724836349487305,828800
2019-12-12,16.890256370439364,17.247215270996094,16.733542382761122,17.247215270996094,748600
2019-12-13,17.36910681238512,17.621589196140157,17.177566734434535,17.212392807006836,251100
2019-12-16,17.612886173065306,17.804426289024757,17.412641197833945,17.43876075744629,129900
2019-12-17,17.508406341086978,17.508406341086978,17.22109790839607,17.255922317504883,394500
2019-12-18,17.2385136664151,17.26463322533773,17.160156650246037,17.229808807373047,130900
2019-12-19,17.19498046072168,17.33428143540369,17.17756742373678,17.29075050354004,92500
2019-12-20,17.334279178887822,17.34298569624689,17.08179681786843,17.151447296142578,30100
2019-12-23,17.064386851619975,17.160155238593735,17.064386851619975,17.10791778564453,44000
2019-12-24,17.28204463327969,17.31686904795712,17.194981105688118,17.23851203918457,13300
2019-12-26,17.38651674231498,17.473580255907525,17.325572780979723,17.456167221069336,96600
2019-12-27,17.55193731216242,17.787008301487425,17.55193731216242,17.586763381958008,119300
2019-12-30,17.713351389604767,17.818111525185905,17.660969656681864,17.77446174621582,57300
2019-12-31,17.72207761746853,17.774459343310014,17.687158132039645,17.739538192749023,44000
2020-01-02,17.826841563440254,18.158584208294148,17.826841563440254,18.080013275146484,70500
2020-01-03,17.81811060520057,17.826840893570292,17.564938903007643,17.573667526245117,83000
2020-01-06,17.547480803663333,17.573670007337704,17.320498269401387,17.47764015197754,74600
2020-01-07,17.460177107703235,17.59112810298456,17.372875889138268,17.573667526245117,78900
2020-01-08,17.5212883777628,17.573668445589078,17.416528242110246,17.468908309936523,44500
2020-01-09,17.468908634715532,17.468908634715532,17.32922734116031,17.37287712097168,41000
2020-01-10,17.399067207991862,17.59985885033509,17.355415765004885,17.52128791809082,84700
2020-01-13,17.54747763650812,17.89668083190918,17.52128677242847,17.89668083190918,106700
2020-01-14,17.89668263332553,17.98398385724627,17.89668263332553,17.940332412719727,49200
2020-01-15,17.818111958076244,17.818111958076244,17.55620994762816,17.634780883789062,95800
2020-01-16,17.71335288929498,17.870493105970873,17.556211007486617,17.608591079711914,45300
2020-01-17,17.669699945502348,17.82684181400639,17.62605016653226,17.77446174621582,58200
2020-01-21,17.617322358726426,17.617322358726426,17.145896686824297,17.198278427124023,100100
2020-01-22,17.145895576723216,17.16335615569265,17.041135433171533,17.04986572265625,54500
2020-01-23,16.805419231609278,16.840340382522793,16.307804487016533,16.60462760925293,132100
2020-01-24,16.604628238360117,16.604628238360117,16.34272459198225,16.412565231323242,37100
2020-01-27,15.836379217316269,15.836379217316269,15.66177845509282,15.679237365722656,123800
2020-01-28,15.687969375391567,15.880032399588485,15.609398440971436,15.81892204284668,48100
2020-01-29,15.880032399588485,15.98479253539377,15.801461465168353,15.81892204284668,31800
2020-01-30,15.626858004082736,15.792730150992986,15.495907010261899,15.644318580627441,37500
2020-01-31,15.487180796666337,15.513371668374212,15.23400903068753,15.268928527832031,52200
2020-02-03,15.251468060715128,15.347499592562617,15.146707903365757,15.242737770080566,38300
2020-02-04,15.687971527566653,15.976064438252099,15.687971527566653,15.941144943237305,72800
2020-02-05,16.290347319395945,16.307807898505345,16.185587175004496,16.22050666809082,60400
2020-02-06,16.26415450384994,16.307805946398194,16.080823440544098,16.133203506469727,59400
2020-02-07,15.932412372206569,15.932412372206569,15.557018280029297,15.557018280029297,69200
2020-02-10,15.513370887460244,15.60067212362592,15.364959285518372,15.591941833496094,46800
2020-02-11,15.775271577295847,16.11574453748333,15.775271577295847,15.923683166503906,43400
2020-02-12,16.25542883807679,16.526061170587234,16.25542883807679,16.49987030029297,86000
2020-02-13,16.31653963523887,16.31653963523887,16.159397739581678,16.27288818359375,38700
2020-02-14,16.325271957922205,16.412571541815243,16.176860334118082,16.22924041748047,14200
2020-02-18,16.124472434498006,16.124472434498006,15.897489939672623,15.97606086730957,50100
2020-02-19,15.976066596597814,16.107019299709382,15.976066596597814,16.06336784362793,32800
2020-02-20,15.976061427737688,16.11574271174058,15.845110432126512,15.88003158569336,76800
2020-02-21,15.836382329650672,15.836382329650672,15.57448030227765,15.609399795532227,70900
2020-02-24,14.771313086059251,14.937185270599942,14.622901482024446,14.849884033203125,81600
2020-02-25,14.928453423657473,14.928453423657473,14.308616201393988,14.448297500610352,76800
2020-02-26,14.378457534656224,14.579250868817764,14.317347171484998,14.326077461242676,38400
2020-02-27,14.142745018384652,14.142745018384652,13.618939338975526,13.793540954589844,223000
2020-02-28,13.365767783753482,13.618940353393555,13.147515539837343,13.618940353393555,81100
2020-03-02,13.592747967113848,14.029252406212596,13.53163761206119,14.020522117614746,41700
2020-03-03,14.090361060697239,14.31734354144991,13.706237566979373,13.732427597045898,51600
2020-03-04,14.064172813336668,14.064172813336668,13.810999452847676,13.95068073272705,10600
2020-03-05,13.66259061503392,13.749891848687012,13.540369886999114,13.627670288085938,26100
2020-03-06,13.252275682756851,13.38322668783646,13.09513381060837,13.182435035705566,29200
2020-03-09,12.257045132887423,12.3006957451492,11.488797187805176,11.488797187805176,64700
2020-03-10,12.405456402535117,12.457837302442972,11.820540377633854,12.344346046447754,593600
2020-03-11,12.01260371388636,12.01260371388636,11.349116692072384,11.384037017822266,301100
2020-03-12,10.476107493425989,10.563408722231026,9.83881135387436,10.109443664550781,68800
2020-03-13,10.834039798400555,11.244354194924165,10.24039350832947,11.113402366638184,30500
2020-03-16,10.12690539951423,10.12690539951423,9.088024154904648,9.175325393676758,166900
2020-03-17,10.057062228109748,10.476106071331266,9.66420758438194,10.249123573303223,45600
2020-03-18,9.568177426925185,9.69039897072812,8.83484982923988,9.14913272857666,70300
2020-03-19,9.061832301215885,9.533257064513075,8.738819114564677,9.367384910583496,71700
2020-03-20,9.716590901144817,9.961033203906421,9.035644070025763,9.131674766540527,54300
2020-03-23,9.07929232439087,9.07929232439087,8.398345608203098,8.450726509094238,478100
2020-03-24,9.1665933948258,9.812619777121453,9.140403361101965,9.734048843383789,87500
2020-03-25,10.030871538593905,10.650707858604203,9.78642929244743,10.39753532409668,98700
2020-03-26,10.49356746673584,10.598328435717457,10.310235562876466,10.49356746673584,57600
2020-03-27,10.240394175650387,10.371346012469917,9.95230130024007,10.057063102722168,25400
2020-03-30,9.917381176940747,10.05706330554515,9.70785923288344,9.943572044372559,33300
2020-03-31,10.074524213806539,10.694360660926133,10.074524213806539,10.327696800231934,78200
2020-04-01,9.934841338250655,10.196744173612993,9.690399080443349,9.77769947052002,58700
2020-04-02,9.934842256027917,10.34515670824808,9.899921930258088,10.039603233337402,68700
2020-04-03,10.161824640123555,10.196744965378981,9.821350844458486,9.934842109680176,44500
2020-04-06,10.275316293556923,10.624519559304424,10.275316293556923,10.511028289794922,70100
2020-04-07,11.209435910015921,11.366577799476458,10.999913945779392,11.069754600524902,117200
2020-04-08,11.14832453206107,11.32292615305651,10.999912946073394,11.288005828857422,64400
2020-04-09,11.619750277331415,11.76816104291593,11.532449043395799,11.698320388793945,87600
2020-04-13,11.724510192871094,11.855461199306081,11.349116086660375,11.724510192871094,60200
2020-04-14,12.1086338061119,12.414187265822369,11.794350889817911,12.265775680541992,97100
2020-04-15,11.79435101888848,11.79435101888848,11.392766871835025,11.523717880249023,60600
2020-04-16,11.523716783823732,11.523716783823732,11.38403549945447,11.462606430053711,32000
2020-04-17,11.811810139378634,11.960221718424764,11.65466910411568,11.820540428161621,58400
2020-04-20,11.715779518770162,11.986411811860316,11.602288261725008,11.645938873291016,38800
2020-04-21,11.34911653225935,11.384036857517499,11.095943965996213,11.235625267028809,78700
2020-04-22,11.558637072299272,11.715778933054322,11.514986462915521,11.680858612060547,16200
2020-04-23,11.80308118835469,12.11736410489863,11.759430575137594,11.916571617126465,18500
2020-04-24,12.056255228021278,12.152285922851076,11.968953990855063,12.099905014038086,31500
2020-04-27,12.073712875921071,12.257044776029975,11.934031586803078,12.213394165039062,22500
2020-04-28,12.414187265822369,12.440377300705318,12.20466448906018,12.265775680541992,38800
2020-04-29,12.780850870402537,13.095133781433105,12.780850870402537,13.095133781433105,73400
2020-04-30,12.937992593926735,12.937992593926735,12.518948690389362,12.580059051513672,53700
2020-05-01,12.274505211364566,12.387995633034565,12.134823091297362,12.152283668518066,44900
2020-05-04,12.01260259232562,12.134823304755907,12.003872303561698,12.082443237304688,21900
2020-05-05,12.300696004574657,12.414187265822369,12.222125067359611,12.265775680541992,82600
2020-05-06,12.387997340066992,12.440378246380908,12.134824763443294,12.178475379943848,69700
2020-05-07,12.379267594760652,12.484028572384489,12.2657763275266,12.466567993164062,36800
2020-05-08,12.649899508813403,12.850692000614966,12.614979184052203,12.737200736999512,33200
2020-05-11,12.518947529482212,12.65862881770841,12.475296918769986,12.649898529052734,123800
2020-05-12,12.684819473230647,12.728470086083696,12.353075981140137,12.353075981140137,35900
2020-05-13,12.51021801632622,12.51021801632622,12.003872898835196,12.091174125671387,54400
2020-05-14,11.934032236803818,12.047523498535156,11.584828994989083,12.047523498535156,35600
2020-05-15,12.099902925427482,12.309425691946615,11.942761891245828,12.257044792175293,29200
2020-05-18,12.684819356496336,13.191164462773122,12.684819356496336,13.095133781433105,65100
2020-05-19,13.147514343261719,13.295925089656661,12.964182441754833,13.147514343261719,34500
2020-05-20,13.374496105821615,13.453067040174622,13.130053846497063,13.38322639465332,59700
2020-05-21,13.357036278536398,13.365766567314385,13.007832220512435,13.147514343261719,46700
2020-05-22,13.103865830898156,13.103865830898156,12.807042625431189,12.946723937988281,28700
2020-05-26,13.304657013763451,13.505449517506522,13.19989603324952,13.435608863830566,101800
2020-05-27,13.522908565461686,13.531638854861361,13.269736000834671,13.514178276062012,31600
2020-05-28,13.70624205371446,13.70624205371446,13.479259498659102,13.522910118103027,66900
2020-05-29,13.6800497423039,13.706239776592579,13.400687156381519,13.575288772583008,33700
2020-06-01,13.697509650504529,14.072904586791992,13.697509650504529,14.072904586791992,33900
2020-06-02,14.186392769669041,14.474485602386265,14.099091558060039,14.404644966125488,122300
2020-06-03,14.500681066963693,14.78877399110252,14.500681066963693,14.649092674255371,90200
2020-06-04,14.631630920831007,14.788772805974329,14.50067990492241,14.736391067504883,58600
2020-06-05,15.01575532180519,15.277657353236236,14.97210387314501,15.12924575805664,119400
2020-06-08,15.23400903068753,15.557021456088007,15.12924720898869,15.268928527832031,84100
2020-06-09,15.111786244327218,15.286388721016483,14.849884194425947,15.103055953979492,51600
2020-06-10,15.277657508850098,15.391147946257531,15.076865838365586,15.277657508850098,48400
2020-06-11,14.692740838679583,14.692740838679583,13.889572522944036,13.968143463134766,155400
2020-06-12,14.561789459022433,14.649090686488972,14.186395346509007,14.387187004089355,67300
2020-06-15,13.924492259713153,14.491948563456454,13.758620929428924,14.369726181030273,36500
2020-06-16,14.902262218870137,14.902262218870137,14.526868111284614,14.544328689575195,63900
2020-06-17,14.684010925891725,14.684010925891725,14.41337860558798,14.45702838897705,33300
2020-06-18,14.360996250546416,14.509407821672307,14.343535673912255,14.37845516204834,94700
2020-06-19,14.587979292109786,14.71020168189792,14.422108784400693,14.483219146728516,112000
2020-06-22,14.622901944517846,14.884803999859132,14.622901944517846,14.814963340759277,45500
2020-06-23,14.95464168211718,15.268925418072142,14.95464168211718,15.23400592803955,54100
2020-06-24,15.094326060590612,15.155436422757784,14.62290041221675,14.806231498718262,159200
2020-06-25,14.876073184465845,15.103054044275648,14.727661597585644,15.08559513092041,68800
2020-06-26,15.059404319893144,15.146705547527704,14.753850855738394,14.884801864624023,116300
2020-06-29,14.999648848458056,15.113613880166678,14.894448942799825,15.025947570800781,26900
2020-06-30,15.061009945924242,15.508106475794436,15.034709559898264,15.464272499084473,188100
2020-07-01,15.464272587328063,15.551938869153002,15.42044028246322,15.516873359680176,46700
2020-07-02,15.753569895305924,15.867536561486919,15.604537720212084,15.648371696472168,103800
2020-07-06,16.218201599121095,16.437366485595703,16.069169409434544,16.437366485595703,166600
2020-07-07,16.297101974487305,16.542567262584846,15.648374076046103,16.297101974487305,113800
2020-07-08,16.498730644475483,16.74419589336722,16.411064364721632,16.7178955078125,124100
2020-07-09,16.945830636807337,17.12116323222281,16.70036533764479,16.92829704284668,142000
2020-07-10,16.910765160236693,16.99842978605237,16.66529986050434,16.95459747314453,74800
2020-07-13,17.48935667569291,17.743587046403302,17.208824247464094,17.261425018310547,256300
2020-07-14,17.22635835478385,17.340325022943265,16.89322848990031,17.331558227539062,121000
2020-07-15,17.54195740710292,17.62085689862071,17.235126236988798,17.36662483215332,55200
2020-07-16,17.112393103839874,17.217591302932963,16.9195269520105,16.99842643737793,82800
2020-07-17,17.051026951210336,17.29649052677965,17.051026951210336,17.261425018310547,37100
2020-07-20,17.427990411064776,17.664688881262645,17.410458491568708,17.603322982788086,91500
2020-07-21,17.769891194239612,17.77865799123688,17.647157708373435,17.673458099365234,68600
2020-07-22,17.743587391731374,17.866319181904654,17.67345470133304,17.822486877441406,132700
2020-07-23,17.840019369362704,18.094249729363835,17.752353093740023,17.78742027282715,113500
2020-07-24,17.73482495155891,17.73482495155891,17.357861021061147,17.559494018554688,81600
2020-07-27,17.813721661223788,18.13808642812887,17.813721661223788,18.059186935424805,130200
2020-07-28,17.962756608751405,18.032889316135627,17.787425676338678,17.892623901367188,82200
2020-07-29,17.971519470214844,17.971519470214844,17.787421780686667,17.971519470214844,106900
2020-07-30,17.70851988168903,17.70851988168903,17.305255703392106,17.463054656982422,97500
2020-07-31,17.541954227874264,17.541954227874264,17.270190290841533,17.3841552734375,52000
2020-08-03,17.533188862485844,17.769887313432246,17.427988993589043,17.647153854370117,48500
2020-08-04,17.620856724621465,17.883853912353516,17.603323132880572,17.883853912353516,32500
2020-08-05,18.09425333043253,18.742981223796203,18.032887426912318,18.611482620239258,185400
2020-08-06,18.74297704472611,18.979675481609892,18.620245265050855,18.95337677001953,551000
2020-08-07,18.830647112781453,18.830647112781453,18.287119117184115,18.46245002746582,167600
2020-08-10,18.46244995785985,18.58518343389929,18.444918037364577,18.567649841308594,72900
2020-08-11,18.56764809729168,18.585181688235487,18.24328335321236,18.383548736572266,122500
2020-08-12,18.532580959578766,18.541347755071566,18.322182884037396,18.409849166870117,69900
2020-08-13,18.313419381131897,18.453684790044598,18.24328667667555,18.339719772338867,110200
2020-08-14,18.366015151129385,18.366015151129385,18.19068260179214,18.25204849243164,48900
2020-08-17,18.637783329798634,18.92708093142933,18.637783329798634,18.86571502685547,104600
2020-08-18,19.076111720851546,19.181309928891007,18.874480428696437,18.93584632873535,82500
2020-08-19,19.146242516304703,19.391707764188936,19.146242516304703,19.26897430419922,117500
2020-08-20,18.97091025864313,19.198841919847492,18.8832456499528,19.032276153564453,90200
2020-08-21,18.830647599089847,18.830647599089847,18.58518398393719,18.66408348083496,58200
2020-08-24,18.813108766307526,18.935842211796615,18.532578043066763,18.602710723876953,74500
2020-08-25,18.664083225830232,18.874481323984504,18.216986640216618,18.304651260375977,54900
2020-08-26,18.330949881281224,18.786813219352403,18.330949881281224,18.7166805267334,68400
2020-08-27,18.813109680540503,18.813109680540503,18.3309476855514,18.488746643066406,212900
2020-08-28,18.83064547581692,19.19884252912486,18.76051278338185,19.155010223388672,219600
2020-08-31,19.286510055102713,19.496908145961477,19.251442870578558,19.47060775756836,209800
2020-09-01,19.558275998507526,19.89140759634871,19.505676888567805,19.856340408325195,112400
2020-09-02,20.005368290869598,20.005368290869598,19.59333895318976,19.812503814697266,86700
2020-09-03,19.672237745864066,19.68976966337629,18.892009729287995,19.023509979248047,175600
2020-09-04,19.295276892705118,19.57580768111975,18.97967891969096,19.49690818786621,76600
2020-09-08,19.198839890948673,19.198839890948673,18.65531201728866,18.804344177246094,214100
2020-09-09,19.058580923914757,19.593343854844846,19.058580923914757,19.51444435119629,156000
2020-09-10,19.426771971692006,19.54950375136726,18.935843180895898,18.95337677001953,141300
2020-09-11,19.16377855319285,19.453076141660375,19.16377855319285,19.36540985107422,72700
2020-09-14,19.61087557378135,19.61087557378135,19.36541028900818,19.540742874145508,82300
2020-09-15,19.681008784832276,19.72484109620787,19.549508506514492,19.610876083374023,62800
2020-09-16,19.637174380490148,19.900173259393533,19.628407583983822,19.794973373413086,73600
2020-09-17,19.505676237713804,19.83880615234375,19.365410834491144,19.83880615234375,67900
2020-09-18,19.95277029436763,20.07550208852035,19.838803623715574,19.847570419311523,119900
2020-09-21,19.33034263895476,19.558274325321683,18.778047851596945,19.005979537963867,150000
2020-09-22,18.979675580450422,18.997209169665364,18.585179855684792,18.742977142333984,80300
2020-09-23,18.593944531060462,18.62024491425042,17.840018605993972,17.848785400390625,284000
2020-09-24,17.62962543998322,17.97152215567923,17.541959143829093,17.91015625,117700
2020-09-25,17.857554001111964,17.971518995606104,17.73482053923917,17.92768669128418,60500
2020-09-28,18.25204883195618,18.25204883195618,17.945217700955883,18.041650772094727,120200
2020-09-29,18.059188451833357,18.120554357512585,17.79618956337098,17.91015625,59000
2020-09-30,17.84001987921996,18.20821690968197,17.84001987921996,18.164382934570312,60600
2020-10-01,18.225752716921757,18.225752716921757,17.94522025836543,18.059186935424805,75200
2020-10-02,17.796186512525995,18.164383555575956,17.717287026722772,18.155616760253906,89000
2020-10-05,18.164383909357554,18.444916348841314,18.164383909357554,18.409849166870117,46700
2020-10-06,18.52381421089465,18.558881392954458,17.857554472711012,17.971519470214844,94100
2020-10-07,18.111784765324355,18.523814119932172,18.111784765324355,18.383548736572266,129400
2020-10-08,18.50628327751337,18.629015077068242,18.366017885994836,18.55011558532715,39900
2020-10-09,18.71668216968236,18.848180770874023,18.71668216968236,18.848180770874023,56700
2020-10-12,18.848179072484616,18.848179072484616,18.690380096435547,18.690380096435547,104300
2020-10-13,18.620249017186154,18.63778260984295,18.409850921590852,18.46245002746582,80700
2020-10-14,18.61147885161581,18.707911921675468,18.497513864168592,18.637779235839844,30900
2020-10-15,18.374783667001797,18.567649841308594,18.260818659353124,18.567649841308594,35400
2020-10-16,18.62901640823593,18.655316798060753,18.462450616869674,18.58518409729004,56700
2020-10-19,18.699148441547962,18.90954653635003,18.567649841308594,18.567649841308594,22000
2020-10-20,18.760513392115698,19.155010844923023,18.73421467665877,19.146244049072266,73300
2020-10-21,19.29527809076414,19.716074299513654,19.29527809076414,19.610876083374023,144100
2020-10-22,19.52321032974571,19.610876627022666,19.28651182872659,19.549509048461914,72900
2020-10-23,19.707308634981985,19.707308634981985,19.418011015834935,19.672243118286133,52700
2020-10-26,19.567043317688192,19.567043317688192,19.0235152655833,19.207612991333008,121300
2020-10-27,19.242676981231185,19.3391083906466,19.023512102957916,19.198843002319336,43700
2020-10-28,18.84818193855205,18.944615032378007,18.471218032245723,18.576417922973633,186600
2020-10-29,18.532580871717776,18.900777920193406,18.418615875042224,18.82187843322754,136600
2020-10-30,18.725448966041196,18.9007798769316,18.5939486927541,18.848180770874023,36500
2020-11-02,19.049809122883033,19.17254258081829,18.970909639958645,19.04104232788086,141800
2020-11-03,19.45307739576706,19.707307815551758,19.400476614767033,19.707307815551758,129400
2020-11-04,19.575807207876068,19.593340799751957,19.19007654708326,19.453075408935547,101700
2020-11-05,19.812505359581202,20.03167023817813,19.549506502007695,20.022903442382812,258100
2020-11-06,20.16317049928275,20.601500292745417,20.16317049928275,20.51383399963379,119100
2020-11-09,21.478159256406272,21.618424652476396,20.785597400226557,20.882030487060547,213400
2020-11-10,20.91709809179013,20.97846399479008,20.689166400579282,20.697933197021484,205400
2020-11-11,20.73299944953371,20.76806663655216,20.51383454695493,20.610267639160156,106600
2020-11-12,20.636565497485925,20.882029088116656,20.583964723411935,20.61903190612793,82600
2020-11-13,20.741766907583337,20.987232208251953,20.741766907583337,20.987232208251953,90100
2020-11-16,21.54829310011276,21.863891094097834,21.539526303380338,21.793758392333984,183300
2020-11-17,21.7499242141466,21.85512410189925,21.504460596216237,21.820056915283203,134000
2020-11-18,21.890187272263145,21.96908676160464,21.802522659301758,21.802522659301758,131700
2020-11-19,21.548291237366012,21.74115573252051,21.4781585416648,21.662256240844727,143700
2020-11-20,21.863887192912124,22.24961614773971,21.85512039774397,22.20578384399414,99300
2020-11-23,22.547681957549983,22.81944760910427,22.302218365301357,22.49508285522461,245300
2020-11-24,22.793147359048845,23.31037660596412,22.749315052196497,23.240243911743164,237900
2020-11-25,23.161346508561667,23.187646898299928,22.924648017203754,23.0561466217041,165100
2020-11-27,23.362974524758233,23.66980567346291,23.231475938769155,23.617206573486328,256300
2020-11-30,23.66980567346291,23.915270926845704,23.48570798749725,23.617206573486328,263700
2020-12-01,23.915274527735626,24.257171237205196,23.915274527735626,24.108139038085938,269800
2020-12-02,24.26593455261652,24.371132753317234,23.88897071056593,24.362367630004883,245900
2020-12-03,24.546467122635022,24.87083188819181,24.546467122635022,24.774398803710938,251800
2020-12-04,25.089999179330743,25.545860913104054,24.98479928870888,25.537094116210938,346700
2020-12-07,25.475727695468038,25.528328475764248,25.07246507910343,25.10753059387207,299100
2020-12-08,25.0023275860516,25.116292577328927,24.651664145088468,24.993560791015625,223600
2020-12-09,25.17766112691052,25.300394598268273,24.590299174290653,24.90589714050293,164600
2020-12-10,24.8357638107407,25.440659339836706,24.8357638107407,25.37929344177246,195400
2020-12-11,25.2039640749537,25.309163965075538,24.77440106180595,24.897132873535156,246000
2020-12-14,25.081226789575368,25.291624851806898,24.721796557584607,24.791929244995117,127900
2020-12-15,24.958498206927906,25.291629791259766,24.80070088350783,25.291629791259766,88600
2020-12-16,25.4231268844269,25.502026377491028,25.221495589749853,25.44066047668457,111500
2020-12-17,25.72119117923136,26.212120056152344,25.72119117923136,26.212120056152344,284700
2020-12-18,26.34361766115996,26.352384456929535,26.036788169701467,26.098154067993164,209100
2020-12-21,25.686120024327103,26.071850632615877,25.42312287036824,26.036785125732422,171800
2020-12-22,25.765021746558865,25.765021746558865,25.300393289334625,25.361759185791016,253400
2020-12-23,25.615989535626262,26.15951915174859,25.615989535626262,26.13321876525879,135400
2020-12-24,26.177052682861007,26.29978447534212,26.133218705478278,26.238418579101562,50100
2020-12-28,26.536484428691125,26.860847519081307,26.501417244813613,26.554018020629883,203100
2020-12-29,26.676750555548693,26.676750555548693,26.19458679651073,26.466352462768555,182800
2020-12-30,26.646234729075395,27.098166420082585,26.619651605602073,27.000690460205078,200100
2020-12-31,27.1336178204545,27.426044063602944,26.867774705660466,26.903221130371094,119300
2021-01-04,27.895693683692947,28.35648700313672,27.86911055884164,28.188119888305664,652600
2021-01-05,28.374213470089295,28.852730054479334,28.374213470089295,28.817283630371094,412400
2021-01-06,29.28693907913791,29.67684301237875,29.28693907913791,29.33124542236328,504100
2021-01-07,30.128769314399126,30.483226776123047,30.075599681033474,30.483226776123047,409400
2021-01-08,30.44777910883104,30.536391780460097,29.57936208151068,30.0401554107666,680000
2021-01-11,29.2869361121384,29.357828958402838,28.61347097441106,28.897035598754883,478800
2021-01-12,29.003371652871678,29.508471354131274,28.86158933989279,29.455305099487305,341800
2021-01-13,29.49961033296553,29.579363092299698,28.9324811023034,28.994510650634766,217400
2021-01-14,29.15401352357003,29.44643802768648,29.05653756207903,29.242626190185547,237000
2021-01-15,29.02109621674247,29.074265854220798,28.090649533193147,28.37421417236328,411000
2021-01-19,28.5691624209991,28.817280602976634,28.383070404159245,28.73752784729004,369300
2021-01-20,29.366685275589894,29.419854903773135,29.074260771473444,29.242626190185547,254500
2021-01-21,29.499612883689018,29.685701544773522,29.118572265073798,29.286937713623047,296300
2021-01-22,28.764113291249146,28.799559714491117,28.365349480669412,28.710947036743164,283800
2021-01-25,28.710948393947017,28.799561075883805,27.833667969201418,28.179262161254883,332900
2021-01-26,28.108366208620296,28.15267423221195,27.496930694659998,27.727327346801758,240100
2021-01-27,26.94752712766162,26.991833467806703,25.88415806239418,26.371536254882812,542700
2021-01-28,26.814603155280487,27.355149228226118,26.58420649615904,27.257673263549805,509300
2021-01-29,27.23109238500335,27.23109238500335,26.318368911743164,26.318368911743164,325600
2021-02-01,27.301982374534703,27.984310816295498,27.239952823497994,27.92228126525879,883700
2021-02-02,27.93114029659389,28.19698168801257,27.372871008364985,27.603267669677734,476400
2021-02-03,27.70960864922676,28.04634123246095,27.505796778053995,27.833667755126953,288500
2021-02-04,27.87797160212214,27.91341802359647,27.55896225974521,27.709606170654297,279200
2021-02-05,27.7539137666313,28.34762783183838,27.73619055508996,28.321043014526367,272500
2021-02-08,28.622332730538567,29.340107633515267,28.622332730538567,29.278078079223633,513700
2021-02-09,29.543917815577114,29.6857001287389,29.39327220639191,29.62367057800293,560600
2021-02-10,30.412333149330937,30.616145001454576,29.765451171628055,30.18193817138672,607200
2021-02-11,30.3059942846666,30.527529325665103,30.03128961690013,30.27054786682129,340000
2021-02-12,30.128765575796503,30.43005336676873,29.862924202669593,30.27054786682129,404900
2021-02-16,31.599760793592893,32.352978644744816,31.573177668131947,32.11372375488281,557000
2021-02-17,32.264364387189154,32.7074344849975,32.04282933828499,32.627681732177734,549300
2021-02-18,32.92011804944049,33.07962359592597,32.52135418322677,32.928977966308594,1131900
2021-02-19,33.89486666741008,34.984818836954545,33.89486666741008,34.86075973510742,1557700
2021-02-22,36.189968786421865,36.37605743196172,35.454470739254525,35.74689865112305,1723300
2021-02-23,35.17976265743754,35.90639726924382,34.116393861022736,35.87981414794922,1493700
2021-02-24,35.312689746868614,35.69373034785112,34.68353094258847,35.622840881347656,897000
2021-02-25,35.711456104699145,35.80007216959034,33.96576188080812,34.07209777832031,931400
2021-02-26,33.673329870740766,33.76194254457367,32.47704187221244,32.769466400146484,925000
2021-03-01,33.44293449221705,33.761942142429845,33.19481292379805,33.584716796875,828000
2021-03-02,33.301152313683005,33.76194227029894,32.982141281905214,33.566993713378906,927200
2021-03-03,33.63787979460602,34.10753637989548,33.37203842163181,33.682186126708984,905700
2021-03-04,33.15050836467763,33.15050836467763,30.944017538514604,31.333921432495117,1537900
2021-03-05,31.839026896785345,32.32640347216098,31.076945562756222,32.24665069580078,580900
2021-03-08,32.18461127623162,32.459315950744354,31.53772934627248,32.087135314941406,722600
2021-03-09,32.23778409583445,32.521348712920656,31.70609790353014,32.17575454711914,579800
2021-03-10,32.24663749951215,32.45044931561397,31.89218348990922,32.25550079345703,732100
2021-03-11,33.10620155780471,34.09867772958585,32.96441924755026,33.98347854614258,921500
2021-03-12,33.460658279921255,33.7353630065918,33.08848095381005,33.7353630065918,320700
2021-03-15,33.73535901666798,33.761942142429845,33.19481292379805,33.584716796875,411300
2021-03-16,33.50496518689296,33.50496518689296,32.87580301933785,32.90238952636719,332200
2021-03-17,32.840359808637714,33.50496501489195,32.52134876877858,33.274566650390625,251100
2021-03-18,33.27456405563953,33.380899933848205,32.46817660348078,32.57451248168945,325400
2021-03-19,32.335256865595554,32.335256865595554,31.67951164077919,32.087135314941406,439300
2021-03-22,32.087142576763966,32.44160008342829,31.909913823431808,32.308677673339844,300100
2021-03-23,31.75040821338694,31.768128044472896,30.447780905367974,30.580699920654297,838500
2021-03-24,30.687038492512745,30.828820800479587,30.040156501141727,30.09332275390625,554800
2021-03-25,29.667976039364632,30.040156713127008,29.10970671889951,29.889511108398438,487900
2021-03-26,30.483225009326542,31.351642021824443,30.483225009326542,31.227582931518555,348300
2021-03-29,31.183274513786763,31.245304061521047,30.828820438213246,31.07693862915039,455500
2021-03-30,30.8908495290394,31.457978745854053,30.802233476189127,31.31619644165039,190100
2021-03-31,31.484558135183136,31.626340422561157,31.298469516816304,31.511144638061523,280500
2021-04-01,31.90105255680583,32.29095309334932,31.679517469605788,32.26436996459961,347900
2021-04-05,32.72516168406876,33.407490123518876,32.654268837205734,33.18595504760742,750200
2021-04-06,33.23026265875605,33.58472014592563,33.03531070277707,33.416351318359375,543900
2021-04-07,33.30115721213542,33.363186768510175,32.787194167479115,33.07075881958008,271200
2021-04-08,33.256840554352884,33.62015790037463,33.14164476245187,33.558128356933594,532800
2021-04-09,33.34545824657153,33.389764582591695,33.07075355467573,33.2125358581543,148300
2021-04-12,32.98214031160209,33.01758335159052,31.909908068480366,31.971940994262695,390200
2021-04-13,32.18461391842001,32.654267173712704,32.04283161227372,32.60110092163086,418300
2021-04-14,33.035303543566606,34.15184201993136,33.017580335013285,33.95689010620117,1225200
2021-04-15,34.66580575697474,35.29496790578688,34.55946987309589,35.259521484375,1205400
2021-04-16,35.445604905466254,35.463328113561744,34.92278209789638,35.2152099609375,606300
2021-04-19,35.46333753630753,35.711455754857745,34.82531539677017,35.03799057006836,669000
2021-04-20,35.00254347973818,35.12660258665732,33.841698415760064,33.9746208190918,615900
2021-04-21,33.85942176475176,34.559473448454895,33.46065793350585,34.53289031982422,524200
2021-04-22,34.5594696873492,34.56832960247615,33.60243659651289,33.939170837402344,361600
2021-04-23,34.346797925323465,34.79873138954293,34.2759084562512,34.754425048828125,855700
2021-04-26,35.39243698046803,36.021599066818645,35.26837789819948,35.98615264892578,1186800
2021-04-27,36.110216199459614,36.189968959408894,35.738038906600906,35.89754104614258,669100
2021-04-28,35.773482803302464,36.15452340101403,35.4633350518428,36.01274108886719,426300
2021-04-29,36.588732369429174,37.005215995521986,35.472193742032125,35.95071029663086,632300
2021-04-30,35.78234132809717,35.87981728851775,34.878477941047024,34.96709060668945,792700
2021-05-03,35.29497162474581,35.622842606460836,35.179772433197286,35.445613861083984,533600
2021-05-04,35.66714606204293,35.95957397530925,35.26838226229654,35.89754104614258,835700
2021-05-05,36.33175275136746,37.28878590982851,36.269723200025396,37.26219940185547,1172200
2021-05-06,37.563486206590234,37.953390096106816,37.217892035687385,37.92680358886719,1307000
2021-05-07,38.50279600659987,39.30918352963142,38.32556727377117,39.28260040283203,1871800
2021-05-10,40.80675886575805,41.613146378384485,39.78769958076688,39.876312255859375,3672600
2021-05-11,38.99903189887344,40.009234648854985,38.130614837610885,39.876312255859375,1560000
2021-05-12,39.690230559987626,39.69909047690556,38.13062151454906,38.25468063354492,1619400
2021-05-13,37.89135012629653,38.254667441072876,36.57100323762292,37.1292724609375,1390300
2021-05-14,36.96091237487488,37.3862593278836,36.68621103584095,37.20903396606445,1658800
2021-05-17,37.21788749859172,37.669817502289185,36.92545961710309,37.625511169433594,1070400
2021-05-18,38.10402974235977,38.49393022512062,37.758435594855904,37.98883056640625,872500
2021-05-19,36.93432139632393,36.95204460481022,35.7203103480426,36.05704116821289,1476000
2021-05-20,36.092491480350894,36.15452102656904,35.640561446424854,35.87095642089844,865300
2021-05-21,36.21655514801327,36.322894423841106,35.046850156764386,35.42789077758789,716000
2021-05-24,35.3038279949915,35.4544702161994,35.05570980459881,35.41016387939453,524300
2021-05-25,35.454468108847315,35.472191318587186,34.692390372172525,34.87847900390625,748700
2021-05-26,34.88734729376637,35.40131035853642,34.79873460415098,35.348140716552734,718200
2021-05-27,35.711459801607525,36.765969110655185,35.711459801607525,36.659629821777344,1157200
2021-05-28,36.70392427055502,36.76595719247041,36.24313435621934,36.5444221496582,855600
2021-06-01,37.17358029498003,37.44828158046399,37.031798004949344,37.15585708618164,1217400
2021-06-02,37.20902911895478,37.35081141815479,36.59759020711493,36.70392608642578,766400
2021-06-03,36.09249515578527,36.243140769339256,35.516505970767795,35.72031784057617,1460500
2021-06-04,36.19883199785632,36.4646768075276,35.89754414320507,36.340614318847656,515300
2021-06-07,36.25200257323028,36.27858570274189,35.277249513755265,35.525367736816406,742900
2021-06-08,35.498786083481136,35.569675558579064,35.064575794710734,35.38358688354492,542000
2021-06-09,35.40129857540568,35.43674499159666,35.11773400659046,35.2152099609375,324400
2021-06-10,35.23293411264655,35.401302920038646,34.96709271930136,35.14432144165039,406200
2021-06-11,35.53422246463902,35.97729258704279,35.44560979230098,35.481056213378906,247200
2021-06-14,35.365859605959805,35.445612369004344,34.878483111957394,35.01140213012695,518500
2021-06-15,34.17842838856845,34.17842838856845,32.70743574250361,33.4517936706543,1332500
2021-06-16,32.81377554238683,32.991004285561154,32.30867582157215,32.50362777709961,881200
2021-06-17,32.12258224443224,32.16688857835324,30.536390475421587,30.926294326782227,3587900
2021-06-18,30.89084958446501,31.147831067656725,30.625008186150755,30.72248077392578,1178600
2021-06-21,31.130104392174104,31.892185461447863,31.07693476628649,31.856739044189453,837900
2021-06-22,32.00738441609362,32.3884249884578,31.53773117216618,32.29981231689453,777400
2021-06-23,32.79605013170721,33.2214004389571,32.78719021630308,32.92011260986328,757100
2021-06-24,32.98213839916871,33.212533357339474,32.70743372795743,33.08847427368164,515000
2021-06-25,33.416345624666384,33.646743966176984,33.38976250078306,33.44293212890625,498800
2021-06-28,33.36318179224382,33.380901622544506,32.866942034904845,32.99100112915039,522900
2021-06-29,32.90289712354506,33.11649259989731,32.2799040932797,32.81389617919922,437800
2021-06-30,32.911791389199635,33.24108635434721,32.81389206022749,33.06309127807617,354100
2021-07-01,33.2321854859403,33.427984129316386,32.751590667674385,32.91178894042969,233300
2021-07-02,33.06309224397452,33.16988997186481,32.55579879269749,33.11648941040039,421700
2021-07-06,33.33009638758396,33.33009638758396,31.923911814852893,32.24430847167969,825400
2021-07-07,32.84949298887679,33.24108691634752,32.44899727041893,32.92959213256836,521000
2021-07-08,31.94170098889354,32.25319914004951,31.523405120645513,32.199798583984375,493500
2021-07-09,33.125399078055565,33.534793294846224,32.82280261454957,33.463592529296875,675000
2021-07-12,33.19659644856555,33.54369169302021,32.85839960228488,33.463592529296875,512300
2021-07-13,33.24109427866037,33.56149092438883,32.7694011030264,32.974098205566406,434500
2021-07-14,33.08089027103343,33.2855907334361,32.279902189396786,32.50239944458008,389500
2021-07-15,32.57359500956922,33.107590429667475,32.28879881019888,32.65369415283203,496500
2021-07-16,32.52909961653373,32.52909961653373,31.265316775026,31.32761573791504,439300
2021-07-19,30.37532685545005,30.393127043636913,29.74343205745219,30.001529693603516,2716300
2021-07-20,30.037130983432085,30.571123065122002,29.681133998946233,30.3397274017334,610200
2021-07-21,30.731319180266254,31.630209974315722,30.677922012922977,31.60350799560547,462200
2021-07-22,31.843803535988734,31.941702863668443,31.532308761588215,31.80820655822754,337100
2021-07-23,32.03961447338669,32.11971364537175,31.665820600816247,32.10191345214844,245500
2021-07-26,32.39560273521695,33.187692445464286,32.27100141654897,32.99189376831055,540000
2021-07-27,32.80499293082804,32.97408960751949,32.4845963686435,32.920692443847656,779900
2021-07-28,32.84059571991927,33.32118720352265,32.644797051945424,33.258888244628906,445100
2021-07-29,33.78398268935226,34.53157360870217,33.65048637217042,34.22897720336914,1011500
2021-07-30,34.10437683214963,34.344674259857314,33.561483020851384,33.68608093261719,519900
2021-08-02,34.41587045428079,34.5226715708074,33.69498159043716,33.74837875366211,494800
2021-08-03,33.59708591002657,33.74838241563195,33.027493473566096,33.67718505859375,502700
2021-08-04,33.63268605766282,33.63268605766282,33.13429098162518,33.169891357421875,537200
2021-08-05,33.143201550996864,33.46359483290647,32.974101418696115,33.107601165771484,246800
2021-08-06,33.24109416710766,33.51699203223446,33.03639706525458,33.13429641723633,270700
2021-08-09,32.92959058343134,32.96519095562804,32.591393837639416,32.80499267578125,401500
2021-08-10,32.82279202320186,33.41908296458772,32.62699337616136,33.37458419799805,396300
2021-08-11,33.56148159948669,34.0064760626834,33.45468387893021,33.99757766723633,341800
2021-08-12,33.89078138199068,33.89078138199068,33.241086450574485,33.68608093261719,230900
2021-08-13,33.97977950630738,34.300176082108976,33.89968036235698,34.14887619018555,227700
2021-08-16,33.65048542380259,33.65048542380259,32.84059556691845,33.18769073486328,638000
2021-08-17,32.644799111609736,32.644799111609736,31.47891221653837,31.719209671020508,797900
2021-08-18,31.54121266166871,31.567914643447505,31.069519522391072,31.09621810913086,261700
2021-08-19,30.072730177933927,30.10833055398989,29.45863557360408,29.5743350982666,751800
2021-08-20,29.405239016348418,29.574335713574296,29.262840904200626,29.56543731689453,464200
2021-08-23,30.215125784634424,30.873715711930238,30.117226456108128,30.775819778442383,439700
2021-08-24,31.22971678329778,31.630212546129247,31.18521800854737,31.51451301574707,327600
2021-08-25,31.719206992842558,31.754807367176,31.470011162585603,31.65690803527832,187600
2021-08-26,31.541211212094925,31.683609326561132,31.194116020273476,31.32761573791504,133400
2021-08-27,31.57681278581022,32.70709934753798,31.49671363119836,32.63589859008789,298700
2021-08-30,33.036386354613924,33.267785365193006,32.67149104873597,32.88508987426758,510600
2021-08-31,32.90288915231924,33.01858525938137,32.55579404105674,32.8583869934082,214100
2021-09-01,32.431203204997885,32.79609861845968,32.21760771152906,32.64480209350586,640300
2021-09-02,32.62699806835156,33.26779126351983,32.55580071057662,33.03639221191406,203000
2021-09-03,33.20548714418101,33.70387875630164,33.20548714418101,33.579280853271484,233400
2021-09-07,33.427986216105516,33.65048345381779,33.027490509215745,33.26778793334961,237400
2021-09-08,32.99188815957371,32.99188815957371,32.057400496182225,32.199798583984375,515800
2021-09-09,32.484599256760774,32.68039792773445,32.10190370624242,32.50239944458008,301500
2021-09-10,33.15208978471,33.712783797451465,33.07199064003265,33.11648941040039,653500
2021-09-13,33.614889864426516,33.73058940199571,33.18769548921615,33.44579315185547,221500
2021-09-14,33.33898813511635,33.3567883230602,32.71599513723654,33.00969314575195,207300
2021-09-15,33.018598363972814,33.73059244867256,33.018598363972814,33.69499206542969,264900
2021-09-16,32.71599918986397,32.83169872831167,31.98620836895844,32.297706604003906,479600
2021-09-17,32.155299166976434,32.28879546187868,31.042813067600374,31.265310287475586,459300
2021-09-20,29.859129604818307,30.179526180876255,29.298435596716896,29.770132064819336,990100
2021-09-21,30.161728215657213,30.17063000733596,29.467537846421543,29.805734634399414,271300
2021-09-22,30.5088217749174,31.03391541970916,30.4999233787515,30.544422149658203,1089900
2021-09-23,30.722422562990523,31.149616901665855,30.722422562990523,31.060619354248047,251300
2021-09-24,30.695722447321224,30.998318846509008,30.535524153925415,30.731319427490234,301100
2021-09-27,30.63341353829054,31.007210607909027,30.482117068590192,30.909311294555664,206800
2021-09-28,30.87371638677944,31.051714861169057,30.268523610877843,30.402023315429688,256600
2021-09-29,30.268524701634163,30.39312601472399,29.814631800870742,29.823530197143555,153800
2021-09-30,30.135031363617095,30.71352223956675,30.037132019753884,30.4376277923584,948000
2021-10-01,30.43762302399839,30.882617502726326,30.30412332236463,30.775819778442383,233700
2021-10-04,30.96271962024889,31.140718107853594,30.437625949086332,30.669021606445312,186000
2021-10-05,30.775820381258214,31.051714790648962,30.455423807092238,30.953815460205078,155000
2021-10-06,30.526622002181764,30.580022564362757,29.83243166902188,30.464323043823242,686900
2021-10-07,30.731321678992074,31.57681197940542,30.731321678992074,31.51451301574707,421500
2021-10-08,31.790410851261836,31.861608211854712,31.372114899522423,31.51451301574707,185400
2021-10-11,32.12861110082523,32.82280503598669,32.08411231659377,32.279911041259766,407100
2021-10-12,32.49349522666987,32.73379265172804,32.30659836108188,32.5557975769043,301800
2021-10-13,32.707095779542065,33.374587530144964,32.66259700850959,33.3478889465332,622500
2021-10-14,34.14887466361769,34.57606894724331,33.98867638287829,34.415870666503906,879600
2021-10-15,35.05666715894685,35.448264502854315,34.771870942489805,35.3770637512207,922100
2021-10-18,35.3770656681609,35.77756143020446,35.15456839980769,35.688560485839844,662600
2021-10-19,35.78645828783566,35.875459228372065,35.216865848557575,35.563961029052734,545200
2021-10-20,35.51056604765181,35.78646049271629,35.24356660463091,35.59956359863281,786000
2021-10-21,34.71846876919793,34.78077112150832,34.23787729810633,34.424774169921875,670500
2021-10-22,34.07768030105284,34.41587368333621,33.64158418858188,34.04207992553711,568300
2021-10-25,34.29127150542587,34.96766497606844,34.29127150542587,34.79856491088867,405200
2021-10-26,34.97657060245494,35.154569099689006,34.0954833034567,34.380279541015625,496200
2021-10-27,33.72168360211586,33.8106845416076,33.11649079372683,33.169891357421875,910300
2021-10-28,33.27668948627628,33.445789575806124,32.653696482565735,33.356788635253906,613100
2021-10-29,32.92959736953521,33.249993995255856,32.77830084907771,33.214393615722656,296100
2021-11-01,33.11649336355804,33.54368772115246,33.00079722579884,33.392391204833984,355700
2021-11-02,33.28559122659682,33.28559122659682,32.11080597342646,32.52909851074219,624200
2021-11-03,32.6536984917047,32.7070990593217,31.843808555561154,32.28880310058594,915100
2021-11-04,32.306602087340075,32.52020095481896,31.86160755887798,32.11970520019531,566400
2021-11-05,32.075206426356864,32.164203974033754,31.772610011201092,32.11970520019531,425700
2021-11-08,32.43119812434316,33.08088969067581,32.43119812434316,33.02749252319336,882300
2021-11-09,33.00969489928928,33.0274950881787,32.09300723923658,32.42230224609375,1712000
2021-11-10,32.404499456140776,32.404499456140776,31.461109890959037,31.60350799560547,507900
2021-11-11,32.26210269777824,33.17879032250271,32.25320430119591,33.03639221191406,748100
2021-11-12,33.24998639063823,33.6237801051291,33.08978811441692,33.605979919433594,584300
2021-11-15,33.39238755179216,33.39238755179216,32.52019874273891,32.680397033691406,348200
2021-11-16,32.689292062408505,32.689292062408505,32.190897053559965,32.31549835205078,296500
2021-11-17,32.440095267679645,32.52909279742481,31.781502004435776,31.9773006439209,805500
2021-11-18,32.235402040001915,32.235402040001915,31.60350728205179,32.057403564453125,346400
2021-11-19,32.137499694435974,32.42229587058682,31.950602840406646,32.03960037231445,476800
2021-11-22,32.03960240242622,32.51129546249408,31.906102701067404,32.19089889526367,673300
2021-11-23,32.19089859496205,32.689293627675326,32.14639982660371,32.44009780883789,173000
2021-11-24,32.1375014309474,32.44009780883789,31.977303148826653,32.44009780883789,200800
2021-11-26,31.203018329688906,31.203018329688906,30.295229061770137,30.96272087097168,835600
2021-11-29,31.389916130196905,31.656912182599303,30.74912288839995,31.61241340637207,4756200
2021-11-30,31.61240978685509,32.08410287192665,31.06061755573,31.60350799560547,1094400
2021-12-01,32.21760489665553,32.37780320028009,31.149617337504736,31.167417526245117,5042800
2021-12-02,31.3187167356171,31.826010275777644,31.087321052138616,31.665815353393555,793500
2021-12-03,31.737012362380103,31.870512090410536,30.953820974349078,31.27421760559082,3086700
2021-12-06,31.621309479242647,32.030707017541374,31.08731741368953,31.817108154296875,504300
2021-12-07,32.306597397192604,33.027489650858804,32.306597397192604,32.689292907714844,310600
2021-12-08,32.97409276986426,33.10759248192376,32.71599513723654,33.00969314575195,961800
2021-12-09,32.80499730164548,32.84949607564699,32.36890116833747,32.78719711303711,464800
2021-12-10,32.91179406693058,32.94739444309665,32.395602192677536,32.52909851074219,219400
2021-12-13,32.537997295780166,32.77829472013945,32.155301774952974,32.511295318603516,5902300
2021-12-14,32.09300328660725,32.63589370319645,32.039602726515874,32.146400451660156,261800
2021-12-15,31.861603432145976,31.888305409021648,30.873715163705743,31.772605895996094,592200
2021-12-16,32.32439958025704,32.62699597017841,31.95060583713927,32.057403564453125,607600
2021-12-17,32.20870514858623,32.20870514858623,31.719211809800733,31.834911346435547,242500
2021-12-20,31.38101638620524,31.38101638620524,30.660127337169364,30.93602180480957,498600
2021-12-21,31.389911334859335,31.95060533577622,31.265313422441913,31.826004028320312,218600
2021-12-22,31.826003262362207,32.475698181539926,31.621306211883113,32.44009780883789,220200
2021-12-23,32.40450773089684,32.86730253793583,32.226509205875765,32.733802795410156,248800
2021-12-27,32.751596317723354,33.05419273012514,32.609198205713035,32.99189376831055,493600
2021-12-28,32.96518810074902,33.12538636672218,32.61809298948652,32.8583869934082,174100
2021-12-29,32.92959270804399,33.20549051781176,32.840595166848495,33.00079345703125,213100
2021-12-30,33.167164214424226,33.33803502434999,32.93333738962208,32.96031951904297,269100
2021-12-31,32.97830909556829,33.338041154958056,32.97830909556829,33.194149017333984,309800
2022-01-03,33.275089674433175,33.356029218975735,32.78046064918833,33.06824493408203,385300
2022-01-04,33.29307719803782,33.886632724749774,33.29307719803782,33.64381408691406,614200
2022-01-05,33.67079107996513,34.156428330943555,33.16717031361046,33.194149017333984,926400
2022-01-06,33.27509163690732,33.35603118622347,32.69052784399515,33.014286041259766,489800
2022-01-07,33.16716328397054,33.83266299293483,33.12219764374189,33.77870559692383,320700
2022-01-10,33.64381162679939,33.706764221191406,33.176161332273644,33.706764221191406,407700
2022-01-11,33.814684054305204,34.74998468733448,33.65280496664017,34.651058197021484,713700
2022-01-12,35.36152013366073,36.55762610750785,35.36152013366073,36.52165222167969,1077100
2022-01-13,36.26085191539543,36.72850220650708,36.04501543067255,36.08998107910156,541000
2022-01-14,35.69427412328692,35.91011403252485,34.9838086647506,35.721256256103516,381900
2022-01-18,35.64032029789977,36.43172537303922,35.62233335110215,36.018035888671875,380400
2022-01-19,36.746492944668134,37.079242894177284,36.51266605964917,36.68354034423828,488800
2022-01-20,37.0522567942447,37.22312761407507,36.359774897049945,36.37776184082031,616400
2022-01-21,36.27883750860084,36.36876880210666,35.19065307614929,35.22662353515625,723000
2022-01-24,33.985557398472466,34.41723381018725,33.09522244073255,34.38125991821289,1035400
2022-01-25,34.17441575321607,34.714010419161056,33.62582589879844,34.471195220947266,414700
2022-01-26,35.12770273871455,35.33454747157835,34.03052304811083,34.38125991821289,307900
2022-01-27,34.37227094895589,34.76797350079718,33.77871540586422,33.913612365722656,397800
2022-01-28,33.61683183882569,33.61683183882569,32.636565632651156,33.239112854003906,354700
2022-01-31,33.28408200923316,33.67079279200936,32.978310772402196,33.64381408691406,206900
2022-02-01,34.12045036387921,34.41722979203037,33.64380835817325,34.291324615478516,4234500
2022-02-02,34.785957873158274,34.80394481927311,34.19240237400549,34.57011795043945,254700
2022-02-03,34.17441875281875,34.543142607399105,34.093479202756754,34.192405700683594,119900
2022-02-04,33.9225997648497,34.61508164454624,33.850651991586275,34.41722869873047,150300
2022-02-07,34.543141211686795,35.01978330353796,34.498175559171294,34.82193374633789,956100
2022-02-08,34.94783845634424,35.694277883496966,34.74998547125491,35.62233352661133,683600
2022-02-09,35.95508514353611,37.01629104468107,35.91911124808657,36.863407135009766,765200
2022-02-10,36.86340356570441,37.88863547213157,36.80044753943369,37.05226135253906,660900
2022-02-11,36.95333782718484,37.41199297921522,36.350787095754164,36.67454528808594,617200
2022-02-14,36.87238894189403,37.12419928075963,36.41373390600902,36.917354583740234,416000
2022-02-15,37.20514407887024,37.32205750875932,36.70152332979552,37.07923889160156,311300
2022-02-16,37.052258572498,37.53789578562889,37.02527644021812,37.420982360839844,372300
2022-02-17,37.28607833593283,37.30406527880303,36.69252294385063,36.917354583740234,204100
2022-02-18,37.05226170179357,37.3130672750193,36.62957704385251,36.746490478515625,830600
2022-02-22,36.81843665162602,37.15119002590363,36.23387631074633,36.7015266418457,1565100
2022-02-23,36.881386603837825,37.03427392738715,36.39575279121198,36.46769714355469,361500
2022-02-24,35.81118485353731,36.26984333963022,35.18165554888239,36.18890380859375,466200
2022-02-25,36.377765148743045,37.771720826444295,36.377765148743045,37.672794342041016,703100
2022-02-28,37.627826889788786,38.34728751823755,37.34004263840928,38.31131362915039,925700
2022-03-01,38.428230746975416,38.98581235878414,37.93360173179062,38.3203125,725800
2022-03-02,39.210642589677754,39.59735334357165,38.59910016169016,39.4444694519043,626100
2022-03-03,40.02004075980132,40.42473848732443,39.615343032278204,40.361785888671875,1167200
2022-03-04,40.118968915892765,40.18192151715597,39.28259472121364,40.020042419433594,664600
2022-03-07,39.95709202862879,40.190915499018935,38.64407565727414,38.77897262573242,2201000
2022-03-08,38.67104937566451,38.95883365470509,37.951588678063054,38.3203125,4700700
2022-03-09,38.60809520551455,38.6530608540334,37.77172110655944,38.554134368896484,527000
2022-03-10,38.89587764112921,39.41748874522942,38.79695116065097,39.39950180053711,613600
2022-03-11,39.1117175527279,39.21064060256228,38.47319302336001,38.599098205566406,436500
2022-03-14,38.04152117726963,38.122460722716006,36.69253104026958,36.90837097167969,669500
2022-03-15,35.883138577831225,36.32380676269531,35.61333780920179,36.32380676269531,615200
2022-03-16,37.11521248731316,38.09547870552913,37.02527776093705,38.077491760253906,873400
2022-03-17,38.185410287766636,39.012792623339934,38.077492045964576,38.958831787109375,342900
2022-03-18,38.95883418827482,39.68729008431883,38.79695510026504,39.489437103271484,924700
2022-03-21,39.70527470969356,40.676545750313124,39.70527470969356,40.44272232055664,442100
2022-03-22,40.77547248675057,41.09023545772323,40.37976997600508,40.6315803527832,473700
2022-03-23,40.7305086767736,41.33305594288093,40.54165088566467,41.07225036621094,845500
2022-03-24,41.19815297953008,41.80070015771697,41.19815297953008,41.53090286254883,432500
2022-03-25,41.5219167445402,41.899635784803856,41.3780245936444,41.791717529296875,866600
2022-03-28,41.30607675390994,41.41399500032591,40.69453430645414,41.38701629638672,545300
2022-03-29,41.09923030500987,41.09923030500987,40.37976964113944,40.93735122680664,508000
2022-03-30,40.946344124662694,41.593860455510764,40.946344124662694,41.297080993652344,364600
2022-03-31,41.25211817297697,41.369031614210456,40.91936822709947,40.92835998535156,181500
2022-04-01,41.243127216865524,42.04352751258462,41.234132027779104,41.99856185913086,780300
2022-04-04,42.376268146489764,42.42123379005568,41.84566531883104,42.13344955444336,402900
2022-04-05,42.18741884152607,42.47520313482435,40.75748913328677,40.92835998535156,454300
2022-04-06,40.568631839426516,40.73950269361987,39.76823154930379,40.127960205078125,366700
2022-04-07,40.09198238630523,40.658555687113385,39.81318989892907,40.523658752441406,259500
2022-04-08,41.04527207141468,41.04527207141468,40.550643048055385,40.86540603637695,554700
2022-04-11,40.56862792376028,40.67654616701042,39.71426687393722,40.029029846191406,577400
2022-04-12,40.58661309765879,40.86540216643974,40.07399717627432,40.17292022705078,267600
2022-04-13,40.44272107690227,41.59385810613692,40.44272107690227,41.557884216308594,662200
2022-04-14,41.7827156861484,41.818689575808314,41.270099765800886,41.467952728271484,184200
2022-04-18,41.56687972107651,41.98956092247624,41.51291888592254,41.84566879272461,441000
2022-04-19,41.57587057779528,41.7557365937539,41.27909456752362,41.67479705810547,525300
2022-04-20,41.243125626912445,41.28809127863275,40.38876452158942,40.95534133911133,292300
2022-04-21,40.79346626957681,40.79346626957681,38.365283100071586,38.77897262573242,1444100
2022-04-22,38.44621628086741,38.48219017209073,36.773468076232994,36.87239456176758,674400
2022-04-25,35.71226227355589,36.260852107002215,35.16367244010958,36.17991256713867,7750800
2022-04-26,35.83817455308187,35.865156692147835,34.68703725228716,34.71401596069336,1104700
2022-04-27,35.47843814752391,36.35078269268719,35.47843814752391,36.09897232055664,493700
2022-04-28,36.46769895816882,36.62957804731882,35.766225192291635,36.422733306884766,649300
2022-04-29,36.78246232068268,37.23212565746042,36.00904083251953,36.00904083251953,487100
2022-05-02,35.649315488686845,35.649315488686845,34.98381554638959,35.53240203857422,576200
2022-05-03,35.7932003464153,36.17991108428498,35.58635562649925,35.919105529785156,703700
2022-05-04,35.78420933583657,36.764475551942084,35.21763256819345,36.692527770996094,444300
2022-05-05,36.43172288754576,36.43172288754576,34.36327217616629,34.79494857788086,1517500
2022-05-06,34.48917537326932,34.48917537326932,33.05924587423338,34.15642547607422,1847800
2022-05-09,33.347036497554804,33.347036497554804,31.971064280084587,32.10596466064453,1250300
2022-05-10,32.48368044110856,32.61858082251549,31.26959073108305,31.656301498413086,1001100
2022-05-11,31.890129177147656,32.96033032089737,31.890129177147656,31.935094833374023,429900
2022-05-12,31.089723335969435,31.476434086340053,30.514154804438952,30.90086555480957,461100
2022-05-13,31.170666435417573,32.18690666972085,31.170666435417573,31.890127182006836,448800
2022-05-16,32.01603105076234,32.69052611585418,31.96207364117695,32.465694427490234,318300
2022-05-17,33.49092790782974,34.08448339420446,33.39200142165744,34.003543853759766,388200
2022-05-18,33.86864647127119,33.904620365907725,32.798448835779844,32.933345794677734,376300
2022-05-19,33.050256791094185,34.749983734302134,33.050256791094185,34.38125991821289,890800
2022-05-20,34.86689513522742,34.89387383730581,33.805689398463976,34.3362922668457,441400
2022-05-23,35.01977881556571,35.38850260799388,34.55212854188578,35.22662353515625,600900
2022-05-24,34.651052073094945,35.10071536365951,34.59709467384873,34.91185760498047,315300
2022-05-25,34.68702968949735,34.94783524942657,34.4891767225636,34.81293487548828,401000
2022-05-26,34.82193351505038,35.199649110463035,34.82193351505038,35.118709564208984,274200
2022-05-27,35.39749874941573,35.74823560646046,35.2985722654987,35.703269958496094,307800
2022-05-31,36.06300421741561,36.42273631875355,35.31656473852981,35.559383392333984,682700
2022-06-01,35.802198858747374,36.161927497399894,35.15468250624987,35.5413932800293,293800
2022-06-02,36.3597740522873,37.232121936259325,36.26984276618362,37.18715286254883,681900
2022-06-03,37.1331978447857,37.1331978447857,36.42272897475942,36.63856887817383,167500
2022-06-06,36.92635815383471,37.28608680093153,36.89937601807443,37.09722900390625,594600
2022-06-07,36.86340213543713,37.582862793554106,36.62957527738722,37.48393630981445,301800
2022-06-08,37.05226164549965,37.06125340323275,36.43172401148059,36.64756393432617,260400
2022-06-09,36.28783383165642,36.377768567137345,35.3435414083926,35.415489196777344,394800
2022-06-10,34.740991571826825,34.76797027516365,34.228375624472456,34.588104248046875,650500
2022-06-13,33.45495607522156,33.52690043190041,32.46569458327761,32.762474060058594,679600
2022-06-14,32.82542507539125,32.94233850884707,32.04301179445279,32.30381393432617,288000
2022-06-15,32.897371459325974,33.12220312835693,32.12394996895404,32.834415435791016,540400
2022-06-16,32.0250206659839,32.105960196934966,31.161667956278375,31.476430892944336,760500
2022-06-17,31.422474815114736,31.422474815114736,30.442208538945444,31.05375099182129,403600
2022-06-21,31.350525578716624,31.63830981400402,31.19763827397468,31.27857780456543,439300
2022-06-22,30.253347947395614,30.253347947395614,29.497913424411443,29.596839904785156,770400
2022-06-23,29.12919197579306,29.12919197579306,27.546376739281406,27.80718231201172,954500
2022-06-24,28.067983225371318,28.958318096227497,27.906105873272335,28.922344207763672,307400
2022-06-27,29.030265477275076,29.713755706903495,29.003286773436304,29.488924026489258,435600
2022-06-28,29.947581601834813,30.163421542229244,29.246107799206982,29.32704734802246,347400
2022-06-29,29.720622712109517,29.720622712109517,28.52517756311423,28.571155548095703,627300
2022-06-30,27.94583954641227,28.17573293328028,27.440074796881586,27.936643600463867,1129600
2022-07-01,27.421688185767916,27.57801578910114,26.695225855417775,27.394102096557617,867900
2022-07-05,26.437742306391108,26.437742306391108,25.444602839474147,25.968759536743164,681400
2022-07-06,25.91358494106034,26.051520633530753,25.141142958489034,25.950366973876953,694100
2022-07-07,26.888334170106383,28.10217114605362,26.888334170106383,27.52284049987793,1207800
2022-07-08,27.504446809552086,27.504446809552086,26.7412007757852,27.081443786621094,358600
2022-07-11,26.39176638204297,26.483722350593766,25.794042062776764,25.858413696289062,352300
2022-07-12,25.702085537671916,25.72047567861525,25.223906794192523,25.28827667236328,455300
2022-07-13,25.104358774203504,25.61932125706173,24.800899553994803,25.325057983398438,320300
2022-07-14,24.6077900465496,24.6077900465496,23.918109838139397,24.38709259033203,644600
2022-07-15,24.469856137192508,24.791705521391634,24.037655385929224,24.7457275390625,536200
2022-07-18,25.619323682091345,26.06071863436708,25.545757856712054,25.59173583984375,717800
2022-07-19,25.702084693130033,26.134283685180424,25.444603434959916,26.12508773803711,1195800
2022-07-20,26.318198504220867,26.318198504220867,25.830823840716718,25.968759536743164,273400
2022-07-21,25.931978170567913,25.996348046774216,25.43540754735201,25.987152099609375,442800
2022-07-22,26.171065224660175,26.382568497059733,25.610126491111245,25.692888259887695,433100
2022-07-25,26.08830452172046,26.281414141140306,25.876801254899558,26.005542755126953,416200
2022-07-26,26.253824942961803,26.36417454402773,25.720472338029204,25.803234100341797,562000
2022-07-27,26.01473914342921,26.58487381858697,25.536560429205103,26.5756778717041,346000
2022-07-28,26.915922067376563,27.118227645802175,26.318199525437045,26.860746383666992,407300
2022-07-29,27.26535784384401,28.138953496009925,26.99868240255966,28.037799835205078,530300
2022-08-01,27.936648872493247,28.019410647699804,27.210186544949533,27.421688079833984,579300
2022-08-02,27.136618459643987,27.164206300400075,26.483720259996865,26.548091888427734,1201100
2022-08-03,26.621656365817127,26.676830290596275,26.217043491559345,26.428544998168945,367800
2022-08-04,26.43774155912728,26.879136475514876,26.43774155912728,26.667634963989258,193900
2022-08-05,26.51131038410509,27.246968661485795,26.345786833207512,27.200990676879883,229700
2022-08-08,28.0102144420154,28.506785088680846,27.84469264707458,28.249303817749023,513600
2022-08-09,28.304478337143518,28.378044160957604,27.789515816497335,27.964235305786133,687700
2022-08-10,28.460806298532784,29.214856440825304,28.12056326279348,29.11370277404785,460600
2022-08-11,29.352791562099277,29.757404467253917,29.224051809801356,29.233247756958008,325200
2022-08-12,29.196464501340298,29.610273361206055,29.00335486936802,29.610273361206055,435100
2022-08-15,28.55276055936228,28.709088146890874,28.138953477514246,28.61713218688965,506500
2022-08-16,28.902202489093536,29.19646580078478,28.828636661170727,29.012550354003906,733300
2022-08-17,28.709089451758988,28.709089451758988,28.18493273855932,28.460805892944336,896900
2022-08-18,28.70909049991196,28.920593785513283,28.57115479465729,28.85622215270996,258000
2022-08-19,28.617132778137588,28.62632697116966,27.9366467332262,28.166540145874023,448200
2022-08-22,27.826301527648457,27.98262913329611,27.6699739220008,27.79871368408203,349900
2022-08-23,28.129757415911783,29.178070790385082,28.01021186208211,29.14128875732422,534900
2022-08-24,28.828632921334364,29.178070120149542,28.59873951965538,29.04013442993164,392200
2022-08-25,29.316004999882654,29.96890315465331,29.316004999882654,29.932119369506836,2101900
2022-08-26,30.18960648427366,30.24477866164007,29.20566114447826,29.297618865966797,1610000
2022-08-29,28.78265632631096,29.14129126471029,28.672308463686285,28.85622215270996,324200
2022-08-30,28.690699428442844,28.819439181979643,27.476860701298012,27.660776138305664,414400
2022-08-31,27.532037745808978,27.84469295180947,27.311340262858224,27.449275970458984,1209500
2022-09-01,26.980289455416177,26.980289455416177,26.217043440654738,26.400957107543945,926200
2022-09-02,26.943508843634167,27.256164043519004,26.612463502657242,26.71361541748047,264900
2022-09-06,27.127423067179386,27.412490411695273,26.796375987130244,26.92511749267578,297900
2022-09-07,26.594071580379914,26.96190071105957,26.345786259440782,26.96190071105957,252300
2022-09-08,26.95270452631358,27.86308227446302,26.89753059568418,27.78951644897461,473000
2022-09-09,28.45160976307945,28.93898268431985,28.41482597448523,28.87461280822754,608800
2022-09-12,29.21485641076664,29.628665270841708,29.086114902105724,29.44474983215332,434700
2022-09-13,28.506781291186325,29.049329849624698,28.212518023005668,28.276887893676758,323500
2022-09-14,28.24010477870433,28.24010477870433,27.780317972768167,28.129756927490234,245600
2022-09-15,28.046995167330653,28.276888570341562,27.504446595909116,27.63318634033203,365700
2022-09-16,27.200986150986836,27.61479495937834,26.869939104273634,27.486053466796875,501900
2022-09-19,27.053855683174564,28.028603218914878,26.897528099277277,28.019407272338867,477900
2022-09-20,27.568820996774356,27.66997467197858,27.081448024858208,27.32053565979004,515900
2022-09-21,27.495254043887854,27.55042797631697,26.73200792181893,26.787181854248047,289300
2022-09-22,27.22857673696982,27.40329447018918,26.750398011011683,26.842355728149414,278200
2022-09-23,26.11589200929821,26.11589200929821,25.049186687018885,25.29747200012207,2377300
2022-09-26,24.892859810664437,25.4446043821698,24.54342257594804,24.73653221130371,589800
2022-09-27,25.168733512316045,25.52736670219732,24.8744684483173,25.03079605102539,353900
2022-09-28,25.049189496212453,26.15267873112576,24.948035819393525,26.106698989868164,778200
2022-09-29,25.931976883007827,26.152674342163312,25.40781844432263,26.06071662902832,637300
2022-09-30,25.968760205279697,26.53889665186674,25.720474893671746,25.987152099609375,296100
2022-10-03,26.336588990855166,27.265358595450365,26.336588990855166,27.17340087890625,219000
2022-10-04,27.7711270018803,28.23091386115681,27.669973331576212,28.001020431518555,324100
2022-10-05,27.467665275499325,27.817102485397157,27.127422258486487,27.76192855834961,211000
2022-10-06,27.274551439771106,27.58720658808519,26.961896291457016,27.219377517700195,171300
2022-10-07,26.925118206929035,26.93431415427963,26.34578580147486,26.44693946838379,253600
2022-10-10,26.71361492576058,26.93431415427963,26.391765538227833,26.44693946838379,98000
2022-10-11,26.189457001174986,26.59406989627376,25.830823840716718,25.968759536743164,167900
2022-10-12,26.023937209552276,26.171068873681012,25.600934113669105,26.106698989868164,126500
2022-10-13,25.398623502778467,26.86993985377209,25.242295921241965,26.649242401123047,310400
2022-10-14,26.76879281304744,26.76879281304744,25.711281582010436,25.784849166870117,186500
2022-10-17,26.419348431122895,26.7228076412011,26.33658666892453,26.354978561401367,245100
2022-10-18,26.695222286521997,26.704418233011918,25.840018556381487,26.06991195678711,316100
2022-10-19,25.867605936244736,26.069913261250935,25.57334264963304,25.748062133789062,333800
2022-10-20,25.738866806030273,26.64004858144491,25.6653009826076,25.738866806030273,849100
2022-10-21,25.73886470361239,26.897527643337547,25.352643723704006,26.86993980407715,1571200
2022-10-24,26.474528048783665,26.474528048783665,25.76645586856897,25.88599967956543,1079200
2022-10-25,26.023934652459566,26.566483268354272,25.913586792179608,26.529701232910156,185700
2022-10-26,26.759596143484664,28.092977012057887,26.759596143484664,27.715951919555664,658800
2022-10-27,27.587208518482676,27.706752316992542,27.219379422359072,27.384902954101562,231800
2022-10-28,27.099837109200088,27.099837109200088,26.36417882901815,26.814769744873047,499900
2022-10-31,26.437743528736,26.78718075842234,26.26302403691902,26.364177703857422,367400
2022-11-01,27.357316895006353,27.872277663101148,27.357316895006353,27.660776138305664,618100
2022-11-02,27.596405913892564,27.945843135067967,26.686028195463088,26.70442008972168,401200
2022-11-03,26.382568896408337,27.081445091128483,26.21704535634994,26.842355728149414,372100
2022-11-04,28.617131912224284,29.63785744081059,28.580348125418837,29.472333908081055,1160900
2022-11-07,29.637857599662855,29.656249493164157,29.12289685925895,29.306812286376953,480300
2022-11-08,29.59188131292629,30.465477010797436,29.3068139631363,30.217191696166992,812100
2022-11-09,29.996491288666338,30.16201482523779,29.09530953838568,29.159679412841797,336000
2022-11-10,30.56662984235323,31.412635921348446,30.355124814709317,31.136764526367188,538500
2022-11-11,31.93679478078546,32.736822932623355,31.93679478078546,32.47934341430664,857900
2022-11-14,32.258640939836965,32.26783513161306,31.762070394456916,32.02874755859375,958400
2022-11-15,32.562105989488785,32.67245385606588,32.129905209209966,32.30462646484375,639400
2022-11-16,32.18507904165188,32.21266512973254,31.642530426062514,31.808053970336914,396300
2022-11-17,30.888479326643406,31.09998084713259,30.557432248348988,31.026416778564453,670300
2022-11-18,31.12756742100536,31.201134998618766,30.63100030369555,30.76893424987793,462000
2022-11-21,30.35512438158735,30.686171453999364,30.024080817070395,30.649391174316406,365800
2022-11-22,31.044798547501735,31.642522701226248,31.044798547501735,31.58734703063965,569400
2022-11-23,31.568963234720094,31.96437665373994,31.495395663249965,31.909204483032227,216500
2022-11-25,32.037943552120275,32.037943552120275,31.78965826546718,31.890811920166016,70000
2022-11-28,31.66091997205545,31.70689795141085,31.04480382342918,31.0723934173584,314200
2022-11-29,31.670115268062556,32.166685881347874,31.670115268062556,32.074729919433594,297300
2022-11-30,32.56210302495546,33.27936935424805,32.26783973561003,33.27936935424805,1717000
2022-12-01,33.54604662580922,33.9230716853062,33.33454510539825,33.83111572265625,1620300
2022-12-02,33.26097545291344,33.98743943934777,33.13223571008101,33.96904754638672,498800
2022-12-05,34.16216400229066,34.27251186293049,33.14143664466034,33.26097869873047,999800
2022-12-06,33.35293703986286,33.76674588807855,32.939128191647164,33.16902160644531,369400
2022-12-07,33.141439921102986,33.38052756077526,32.94833026891819,33.04948043823242,382500
2022-12-08,33.5552454596499,34.07940218181961,33.39891610839311,33.75754928588867,421700
2022-12-09,33.950657682732626,34.17135690356198,33.592024518293144,33.610416412353516,266200
2022-12-12,33.61041922275278,33.61041922275278,33.05867638638703,33.40811538696289,354000
2022-12-13,34.263315445780634,34.84264787466955,33.81272628500787,33.95985794067383,498500
2022-12-14,34.015029135075984,34.21733294246636,33.702373969587306,34.02422332763672,250400
2022-12-15,33.56444133379211,33.647203110273445,32.617281509091086,32.74602127075195,787300
2022-12-16,32.70923433328089,33.003497619600424,32.368993066204254,32.847171783447266,315900
2022-12-19,33.10465575131061,33.2609816085686,32.4149754231583,32.56210708618164,233500
2022-12-20,32.71843562150428,33.362134438470655,32.71843562150428,32.902347564697266,322100
2022-12-21,33.104654875300206,33.82192127507184,33.104654875300206,33.78514099121094,365200
2022-12-22,33.104654490500515,33.25178614792026,32.1207108737756,32.58049774169922,318100
2022-12-23,32.773607102774015,33.14143799711104,32.45175770115066,33.132240295410156,185000
2022-12-27,33.56443528833434,33.8403066576184,33.40810946530145,33.546043395996094,335700
2022-12-28,33.73915367111703,33.8495050273294,33.11384335082634,33.15062713623047,605100
2022-12-29,33.5178857461118,33.685243021862995,33.276149429336186,33.489994049072266,173900
2022-12-30,33.30404689360954,33.462108146637895,32.91354888040588,32.94144058227539,125600
2023-01-03,33.24825668334961,33.79681589579916,33.0530076958906,33.24825668334961,889800
2023-01-04,33.55507535628111,33.78751561129919,33.03440790820814,33.67594528198242,315600
2023-01-05,33.52718734888234,34.373269828353294,33.37842571117615,34.18731689453125,430500
2023-01-06,34.401154890628774,35.767904611786115,34.30818021503239,35.66563034057617,858700
2023-01-09,36.54891048947226,36.91151675467821,36.31647021210875,36.44663619995117,524200
2023-01-10,36.62328768546181,37.311312432304945,36.50241775424133,37.21833419799805,726200
2023-01-11,37.46007099515241,37.5623452711426,37.03238179260861,37.37639236450195,721900
2023-01-12,37.67391447037028,38.231769626861514,37.17184270147421,38.15739059448242,725900
2023-01-13,37.91565212196454,38.213175355688854,37.67391582459731,38.18528366088867,320900
2023-01-17,37.543749053407254,37.82267663573732,37.069568971365165,37.2927131652832,1308800
2023-01-18,37.934250143918696,38.72454916474932,37.46007356882587,37.49726486206055,1805900
2023-01-19,37.24622714985579,37.97143959904136,37.1904402127043,37.831974029541016,373500
2023-01-20,38.00863283265583,38.44561811568975,37.65532263948966,38.38053512573242,325200
2023-01-23,38.35264687485529,38.38053857398376,37.971444950817926,38.37124252319336,331300
2023-01-24,38.17598942865853,38.65016599661525,37.757596252957384,38.5850830078125,421400
2023-01-25,38.38053655438325,38.79892975308073,38.12950063516476,38.77103805541992,428800
2023-01-26,39.00348353804875,39.13364954019847,38.38054168192964,38.79893493652344,599200
2023-01-27,38.603679093857025,38.79892806248921,38.21317760983573,38.52000045776367,312600
2023-01-30,37.7483002805602,38.21318084335901,37.664621637386134,37.77619552612305,408900
2023-01-31,37.525157280488955,38.45491834870025,37.37639565144543,38.389835357666016,297900
2023-02-01,38.23177325986928,39.12434656053204,37.91565436201635,38.95698928833008,520600
2023-02-02,38.83611896921443,38.83611896921443,37.37639442380828,37.63672637939453,611500
2023-02-03,37.19044144497316,37.77619189082341,36.91151384348724,36.97659683227539,685500
2023-02-06,36.73485474628186,36.73485474628186,35.860880702222246,36.13051223754883,878700
2023-02-07,36.45593743509291,37.17185401679826,36.17700977194012,37.06028366088867,449000
2023-02-08,36.94870670751057,37.05097744655784,36.51171786698564,36.641883850097656,362700
2023-02-09,37.19973646450146,37.41358461803351,36.35365408693115,36.52101135253906,432100
2023-02-10,36.260677357277004,36.28856905105126,35.54476099409946,35.74930953979492,395500
2023-02-13,35.66563032929629,36.26997281399472,35.52616476918929,36.176998138427734,215200
2023-02-14,36.11192087188165,36.725563049316406,35.87018454909219,36.725563049316406,328100
2023-02-15,35.96315944605608,36.381552648247265,35.60984923678829,36.36295700073242,383300
2023-02-16,36.186297017811114,36.84643003429645,36.00964370171323,36.595394134521484,555800
2023-02-17,36.34436127739444,36.49312291044572,35.94456372355217,36.43733596801758,177300
2023-02-21,36.66977216564095,37.3206055679368,36.53960619453312,36.57679748535156,438000
2023-02-22,36.16770101912245,36.16770101912245,35.62843798587619,35.721412658691406,400100
2023-02-23,35.6749288108371,35.89807301287328,34.893929423845634,35.20075225830078,698300
2023-02-24,34.401159140188874,34.44764648372963,33.81540868065587,34.14082717895508,680500
2023-02-27,34.32677000850111,34.912520356357085,34.30817791203508,34.893924713134766,526900
2023-02-28,35.07058665122007,35.48897627092799,34.77306340990222,35.21004867553711,648600
2023-03-01,36.21419534853582,36.85572922705723,36.09332541313076,36.79994583129883,328400
2023-03-02,36.34435630528434,36.57679654680017,36.0096417900205,36.483821868896484,343900
2023-03-03,36.89292046811981,37.63672863345346,36.54890985666996,37.534454345703125,529100
2023-03-06,37.078870288152146,37.078870288152146,36.41873727166681,36.595394134521484,325200
2023-03-07,36.288566034001946,36.288566034001946,34.75446270910182,34.893924713134766,480700
2023-03-08,34.99620525858719,35.684229994274226,34.79165669318568,35.30302810668945,289400
2023-03-09,35.30302817152486,35.30302817152486,33.75032537511593,33.91768264770508,355400
2023-03-10,33.94557600087853,34.28029056239206,33.471399403239104,33.50859069824219,298500
2023-03-13,33.108789995241864,34.0943343917996,33.0344074123094,33.815406799316406,430300
2023-03-14,34.373268376575574,34.596409050331765,34.00136252463917,34.233802795410156,226200
2023-03-15,33.0901967999266,33.0901967999266,31.84431681760126,32.17903137207031,769100
2023-03-16,31.723446686700168,32.5416374206543,31.64906764548089,32.5416374206543,628600
2023-03-17,32.541636736854784,33.08089984808028,32.327792121052,32.746185302734375,770600
2023-03-20,33.22036701674927,34.03855786008701,33.22036701674927,33.87120056152344,648900
2023-03-21,34.18731432689263,34.35467160008738,33.79681284051923,34.066444396972656,493800
2023-03-22,34.103634188350505,34.76376365534788,33.83400264377182,33.88978958129883,297900
2023-03-23,34.289590433676004,34.577814105361554,33.861897631235244,34.02925491333008,348100
2023-03-24,33.67594354494781,33.936275482177734,33.183167817932635,33.936275482177734,254200
2023-03-27,34.08504541028611,34.25240270983108,33.74103475978034,34.168724060058594,279200
2023-03-28,34.46623703876642,34.89392621096957,34.46623703876642,34.7730598449707,501300
2023-03-29,35.098482261005145,35.42389723412615,34.95901667437774,35.35881423950195,386300
2023-03-30,35.86088213207835,36.102621982615624,35.71212051126957,36.08402633666992,367800
2023-03-31,36.009646367510754,36.22349099127811,35.86088473590054,35.991050720214844,411600
2023-04-03,36.214194051249365,36.660478935115066,36.14911106069126,36.558204650878906,355400
2023-04-04,36.325764907551715,36.41873959632598,35.74001443735419,35.981754302978516,282100
2023-04-05,35.758606391754846,35.8422850217132,35.30302549834787,35.69352340698242,460600
2023-04-06,35.77720653672513,36.0747298036069,35.535470212417614,35.925968170166016,225400
2023-04-10,35.814396466466924,35.95385849745034,35.56336055458841,35.898075103759766,186000
2023-04-11,36.63258834264253,37.31131351232295,36.54890970272263,37.16255187988281,538900
2023-04-12,37.51586151123047,37.71111405101107,37.264829118347656,37.51586151123047,487200
2023-04-13,38.03652121759704,38.89190315603686,37.99932992750038,38.752437591552734,512000
2023-04-14,39.01277280240071,39.25451266155747,38.37123895480519,38.66876220703125,433400
2023-04-17,38.668756812647445,38.68735245666205,38.129493776493106,38.56648254394531,4742000
2023-04-18,39.0592621875408,39.459059743637695,38.789634164510325,39.366085052490234,411000
2023-04-19,39.08715551284568,39.096451562801086,38.789632259675685,38.81752395629883,635500
2023-04-20,38.65947158072206,38.93839922547071,38.12950444491497,38.33405303955078,753500
2023-04-21,37.74830132584736,37.90636256588958,36.976601414545975,37.35780334472656,1090900
2023-04-24,37.13465556050033,37.236929844859425,36.89291924481635,37.21833419799805,749600
2023-04-25,36.26997987219462,36.307171168361506,35.721420667383214,35.87018585205078,519700
2023-04-26,36.46522530749582,36.76274852541799,36.07472386725014,36.176998138427734,389300
2023-04-27,36.2978737992043,36.781349991540324,36.1491121666976,36.725563049316406,222300
2023-04-28,36.455934905376395,36.790649496636604,36.353660608407175,36.716270446777344,193000
2023-05-01,37.23693093938585,37.40428821930052,36.68837175450046,36.725563049316406,310700
2023-05-02,36.40944140291273,36.40944140291273,35.91666919725348,36.2327880859375,262000
2023-05-03,36.381551524944825,36.42803886891805,36.07472867055893,36.19559860229492,304200
2023-05-04,36.1956016748257,36.3536593671031,35.8608870949944,36.037540435791016,306400
2023-05-05,36.558203902568536,37.311311623727335,36.37225098474153,37.27412033081055,285800
2023-05-08,37.74829671082337,37.81337969971993,37.42288176634056,37.63672637939453,324400
2023-05-09,37.2276296832467,37.571640245295946,37.01378508809411,37.43217468261719,226600
2023-05-10,37.329908286326855,37.38569168046358,36.046837019827144,36.418739318847656,408900
2023-05-11,35.27513248023932,35.27513248023932,34.298884100372845,34.41975402832031,651300
2023-05-12,34.345376165994416,34.52203305730888,34.15942677035848,34.512733459472656,289600
2023-05-15,34.93112464919563,35.60984983447227,34.83814995681802,35.57265853881836,2100600
2023-05-16,35.19145953698001,35.25654253638071,34.74517459247921,34.819557189941406,1586300
2023-05-17,35.34021945477049,35.38671034928674,34.745172891238234,35.00550842285156,271200
2023-05-18,34.64289405143238,34.64289405143238,34.11293055366882,34.41045379638672,405100
2023-05-19,34.735872922889705,34.735872922889705,34.33607539308851,34.41975402832031,261700
2023-05-22,34.373266489093446,34.50343246609648,34.261692611584955,34.34537124633789,211100
2023-05-23,34.066446387336384,34.066446387336384,33.37842515445475,33.44350814819336,289400
2023-05-24,33.29474611052588,33.32263780843182,32.5230426987285,32.634613037109375,367000
2023-05-25,32.71829365740264,32.72759325510542,32.37428302430352,32.448665618896484,219500
2023-05-26,33.11808395385742,33.24824991901458,32.811264685523625,33.11808395385742,481300
2023-05-30,33.00651934290068,33.15528097835051,32.35568585777374,32.56953048706055,1099800
2023-05-31,32.290601070588465,32.35568406081088,31.77923319880224,32.16973114013672,580800
2023-06-01,32.36498467810407,33.50859038818883,32.36498467810407,33.28544616699219,866100
2023-06-02,34.49413674179764,34.90323391173901,34.49413674179764,34.707984924316406,922600
2023-06-05,34.57781688636942,34.57781688636942,33.95487860039283,34.224510192871094,300600
2023-06-06,34.140829002841336,34.78236289019276,34.140829002841336,34.76376724243164,301800
2023-06-07,34.78236083395209,35.14496707696472,34.466241934215475,34.50343322753906,293000
2023-06-08,34.76376989627382,35.05199713843851,34.4662466028975,35.03340148925781,246200
2023-06-09,35.06128535213384,35.154263577253204,34.83814470536064,34.95901107788086,192700
2023-06-12,34.82884540851203,34.83814500448213,34.503430484691826,34.74516677856445,249600
2023-06-13,35.23794357224999,35.81439440330583,35.23794357224999,35.63774108886719,545000
2023-06-14,36.251382989981884,36.902212853284006,36.17700040745779,36.511714935302734,759600
2023-06-15,36.36295548430995,37.41358647116351,36.36295548430995,36.92081069946289,1865800
2023-06-16,37.227630208845305,37.246225853915455,36.66047544785399,36.78134536743164,1969300
2023-06-20,36.18629515083817,36.18629515083817,35.395999747205536,35.75860595703125,596800
2023-06-21,35.35881333431105,36.12121714904022,35.33092163640248,35.925968170166016,270800
2023-06-22,35.92596284495954,36.00964147303891,35.628439622178824,35.74930953979492,183500
2023-06-23,34.9962075193099,34.9962075193099,33.936280424226176,34.76376724243164,597900
2023-06-26,34.8195529247626,35.41459944454084,34.8195529247626,35.321624755859375,281400
2023-06-27,35.256539141306725,35.47038731503903,35.10777750746498,35.41460037231445,311600
2023-06-28,35.06128787535634,35.06128787535634,34.66149034546282,34.85674285888672,322400
2023-06-29,34.672968301655004,34.88973282024434,34.41850466804523,34.880306243896484,638800
2023-06-30,35.276129439986015,35.492893895153394,35.00281632883324,35.48347091674805,686700
2023-07-03,35.851037516086,36.124350698316405,35.766216307641585,36.011253356933594,324500
2023-07-05,35.982976672623735,35.982976672623735,35.37037872720936,35.52117156982422,254700
2023-07-06,34.9085796156822,34.918002596098994,34.10748966321708,34.37137985229492,370300
2023-07-07,34.597564766057566,35.44577674801636,34.52217014276397,35.15361404418945,206200
2023-07-10,35.03109169516667,35.6059904944135,34.87087588301446,35.558868408203125,227500
2023-07-11,35.822758990119006,35.945279304173106,35.690815695838495,35.926429748535156,192100
2023-07-12,36.64269775346124,37.321263767009654,36.64269775346124,37.23644256591797,299000
2023-07-13,37.77364918372026,38.36739404774566,37.707673936976505,38.235450744628906,588900
2023-07-14,38.12235640462026,38.12235640462026,37.556880491975086,37.566307067871094,373400
2023-07-17,37.01967748138639,37.170470325896076,36.65212014759308,37.123348236083984,281900
2023-07-18,37.076227545962055,37.35896369069337,36.859463048495215,37.34954071044922,365300
2023-07-19,37.14219752112606,37.292990364539904,36.79348974482872,37.1893196105957,246500
2023-07-20,37.377811835291276,37.556877214651216,37.08564912616031,37.123348236083984,871000
2023-07-21,37.00083271923463,37.038531834041564,36.557880703402304,36.73694610595703,164500
2023-07-24,36.859462600070074,37.245869498711784,36.64269810524035,37.04795455932617,247000
2023-07-25,38.02810088229392,38.93286143935671,37.95270626639636,38.74436950683594,625800
2023-07-26,38.452212016389765,38.55588277301391,38.00926004970261,38.348541259765625,1910900
2023-07-27,38.34853763700581,38.80091613620568,37.96213077757354,38.03752899169922,1939000
2023-07-28,38.32969350244049,38.73494997269843,38.20717677994222,38.631282806396484,407700
2023-07-31,39.11192778627316,39.63027791741575,39.04595614750145,39.34754180908203,2136100
2023-08-01,38.84804447697607,38.97998776554348,38.28256861787794,38.48991012573242,346600
2023-08-02,38.018689673136684,38.018689673136684,37.161054530090134,37.3778190612793,672400
2023-08-03,37.36838706930541,37.830188560650164,37.05737482007807,37.773643493652344,350000
2023-08-04,37.839621236428734,38.122357402559935,37.5097593799545,37.7359504699707,555200
2023-08-07,37.81134087276121,37.81134087276121,37.38723487342172,37.67939758300781,173400
2023-08-08,36.81233911299954,37.208168976759495,36.341111030322466,37.132774353027344,282300
2023-08-09,37.217600672974974,37.27414574975863,36.76521848759302,36.925437927246094,252500
2023-08-10,37.13277447771259,37.42493358903502,36.43535533112733,36.633270263671875,352000
2023-08-11,36.13377125820596,36.38823486649014,35.97355183290772,36.23744201660156,437200
2023-08-14,35.86988394925973,35.86988394925973,35.408078833459584,35.69081497192383,430800
2023-08-15,35.34210442248053,35.34210442248053,34.3336766639072,34.437347412109375,605900
2023-08-16,34.25827869286287,34.47504676529442,33.92842048731016,34.06036376953125,461900
2023-08-17,34.663533691478406,34.83317607456759,34.09806147797091,34.14518356323242,175900
2023-08-18,33.75878043252196,33.98497149996544,33.43834518416831,33.900150299072266,312800
2023-08-21,34.21116042372782,34.42792492516609,34.041518014743914,34.37137985229492,4783000
2023-08-22,34.85202916299223,35.097069783503734,34.559866452439294,34.64468765258789,628200
2023-08-23,34.974552006824844,35.28556069977599,34.729511368562456,35.16304397583008,961800
2023-08-24,34.870880092885415,34.89915262898796,34.28655824392675,34.3148307800293,326300
2023-08-25,34.62583806446023,34.66353357543246,33.956691513322106,34.333675384521484,175600
2023-08-28,34.59756723203191,34.889729956683,34.49389647182717,34.804908752441406,192700
2023-08-29,35.02166486241502,35.76620596624192,34.74835175921006,35.74735641479492,546900
2023-08-30,35.917006908915056,36.00182811202531,35.69081583555932,35.737937927246094,303100
2023-08-31,35.68138885498047,35.81333213498507,35.51174646777892,35.68138885498047,358500
2023-09-01,36.22801644855797,36.56730126903779,36.0206785211866,36.096073150634766,426500
2023-09-05,36.16204849002634,36.26571926188452,35.67197076545128,35.728519439697266,706200
2023-09-06,35.57771769685529,35.8510308280993,35.32325411899204,35.624839782714844,243600
2023-09-07,35.14419013142802,35.14419013142802,34.72008415170822,34.861454010009766,278100
2023-09-08,34.72008345338772,34.82375420136576,34.44677031693376,34.55986404418945,204000
2023-09-11,35.50232469141906,35.89815818011329,35.41750708154019,35.54002380371094,236200
2023-09-12,35.30440898247882,35.46462840866771,35.0028232810252,35.05937194824219,230900
2023-09-13,34.9933995745763,35.21958704838017,34.78605806093519,34.82375717163086,169500
2023-09-14,35.558871277326155,36.086648032947096,35.558871277326155,35.94527816772461,395800
2023-09-15,36.21859346807142,36.435357971114584,35.992402389356464,36.096073150634766,241500
2023-09-18,35.90758033346661,35.90758033346661,35.58714507673732,35.737937927246094,154200
2023-09-19,35.78506026047361,36.06779637928243,35.26670651494182,35.36095428466797,141300
2023-09-20,35.48347398235243,36.096068296789554,35.247859954833984,35.247859954833984,514800
2023-09-21,34.776634483845356,34.776634483845356,34.28655683877001,34.39965057373047,321400
2023-09-22,35.210166486823496,35.210166486823496,34.31483231982031,34.35253143310547,196200
2023-09-25,33.928425271529356,34.2582835235951,33.72108374441071,34.230010986328125,285000
2023-09-26,34.08864096960482,34.23001084572964,33.419497892342605,33.55144119262695,226500
2023-09-27,33.6645350537413,33.85302340885474,33.02366457983782,33.36294937133789,360700
2023-09-28,33.62683812848148,34.15461490455546,33.560866480870374,34.069793701171875,266700
2023-09-29,34.475050206709106,34.672965149797264,34.11691583694114,34.3148307800293,283800
2023-10-02,34.02266621341363,34.02266621341363,32.96711631231844,33.10848617553711,525900
2023-10-03,32.56185496239726,32.93883881067577,32.241419769915865,32.382789611816406,495400
2023-10-04,32.30739701956319,32.335673149968734,31.760774299251565,32.04351043701172,415600
2023-10-05,32.2225766871658,32.2225766871658,31.826746802670357,32.090633392333984,212900
2023-10-06,32.28854606058359,33.32524998087933,32.137753220655014,33.1179084777832,399700
2023-10-09,33.165026900639845,33.306396745341544,32.844591701809215,33.24042510986328,352400
2023-10-10,33.617409034496646,33.97554337697321,33.51374187829214,33.862449645996094,247600
2023-10-11,34.013238760971596,34.15460860560052,33.45718955138071,33.673954010009766,214100
2023-10-12,33.89072333870642,33.89072333870642,32.58070982494394,32.85402297973633,520100
2023-10-13,33.05193594679815,33.19330580332551,32.70322818793142,32.75977325439453,179500
2023-10-16,32.985965470741164,33.5137422125396,32.95769293651113,33.36294937133789,413600
2023-10-17,32.740928901495465,33.50431609766653,32.590136058223464,33.35352325439453,324300
2023-10-18,32.938842835150865,33.05193656537847,32.44876521058479,32.505313873291016,459500
2023-10-19,32.279128168805926,32.637262568279645,32.14718486246968,32.23200607299805,301800
2023-10-20,31.779625727614192,31.996390232513004,31.468613441116812,31.487462997436523,472200
2023-10-23,31.242422702757874,31.591130470402728,30.874861785570996,31.35551643371582,245900
2023-10-24,31.57228224927437,31.911567051660356,31.38379029292826,31.704225540161133,493700
2023-10-25,31.52515878114766,31.84559401437561,31.24242265657826,31.261268615722656,461500
2023-10-26,31.28012554441664,31.647686547713615,31.0256618937583,31.42149543762207,372300
2023-10-27,31.90214357392653,32.17545675740559,31.704228618380473,31.779626846313477,270800
2023-10-30,31.986960743031158,32.04350940683921,31.27069564405377,31.412065505981445,161400
2023-10-31,31.45918472062254,31.45918472062254,30.88428594091361,30.959680557250977,592800
2023-11-01,30.78061866760254,30.856016887624254,30.39421177795378,30.78061866760254,847800
2023-11-02,31.14817727185199,31.723076139803013,31.14817727185199,31.6571044921875,483600
2023-11-03,32.0340851882987,32.34509383925326,31.86444279861992,32.081207275390625,254600
2023-11-06,32.32624933656336,32.45819263911166,31.817322088003877,31.845598220825195,209800
2023-11-07,31.459190441590827,31.459190441590827,30.82774288840938,30.931413650512695,358000
2023-11-08,30.7994661846219,30.7994661846219,30.00780290270294,30.102048873901367,797000
2023-11-09,30.535582733083466,30.893713505417562,30.14917403204664,30.205720901489258,582100
2023-11-10,30.196296879563473,30.328240169575466,29.8287377468847,30.25284194946289,428100
2023-11-13,30.29053893312961,30.601551176483465,30.24341684645972,30.41305923461914,215200
2023-11-14,31.364939115494682,31.85501673857239,31.33666658181986,31.63825225830078,362400
2023-11-15,31.968113480626844,32.42049563315843,31.949267519857784,32.14718246459961,315400
2023-11-16,31.855019435034038,32.052934377880575,31.487462085408996,31.6571044921875,273600
2023-11-17,32.19430100344821,32.288545177632066,31.902138311182586,32.081207275390625,255100
2023-11-20,32.13775116820308,32.7126499572106,31.958685805719043,32.53358459472656,442800
2023-11-21,32.77862557399854,33.08963784652669,32.59956018978193,32.65610885620117,388500
2023-11-22,32.36393532319284,32.731492544118346,32.34508577401923,32.45817947387695,734700
2023-11-24,32.45818819011006,32.6466801372793,32.354521034592594,32.505313873291016,167700
2023-11-27,32.15660216333124,32.241423358876574,31.883292617849463,32.015235900878906,330200
2023-11-28,31.93041799262993,32.75035390385886,31.892718880687518,32.70323181152344,711400
2023-11-29,32.797478254108555,32.797478254108555,32.32625010794267,32.42049789428711,204200
2023-11-30,32.26969856643974,32.401641845703125,31.996385433574325,32.401641845703125,677900
2023-12-01,32.90113938958542,33.83417242772718,32.722074040731066,33.81532287597656,448400
2023-12-04,33.1744562712913,33.46661536870254,32.85402104544509,33.07078552246094,2535100
2023-12-05,32.76920599770198,32.77862897882476,32.279128290051204,32.35452651977539,200200
2023-12-06,32.87287648318411,33.05194188446038,32.39222176079106,32.42049789428711,271300
2023-12-07,32.919993076719436,32.919993076719436,32.5618587388378,32.816322326660156,233900
2023-12-08,32.816323791441455,33.410072189529366,32.65610796706019,33.28755187988281,222300
2023-12-11,33.127338556780394,33.127338556780394,32.73150506310605,32.938846588134766,550200
2023-12-12,32.674954138395705,32.788051468887105,32.448766667782955,32.665531158447266,303900
2023-12-13,32.51473597891868,33.89072104445756,32.43933776400351,33.88129806518555,379800
2023-12-14,34.4185036678069,35.06879720467668,34.4185036678069,35.02167510986328,1276500
2023-12-15,35.247866198227115,35.34211038785391,34.92743092023649,35.02167510986328,510700
2023-12-18,35.078218412478606,35.36095453327522,34.983970642089844,34.983970642089844,345200
2023-12-19,35.266706198525455,35.964125307502385,35.266706198525455,35.86045455932617,369500
2023-12-20,35.700240342604,35.86045616409347,35.125341509852475,35.15361404418945,467400
2023-12-21,35.53059695115126,36.020674571981914,35.53059695115126,35.973548889160156,232400
2023-12-22,36.17146383597969,36.28455755417221,35.86045161696966,35.90757369995117,539600
2023-12-26,36.08664803558563,36.33168506077951,36.058371905428054,36.256290435791016,345500
2023-12-27,36.341109165242145,36.689816921875185,36.31283303700692,36.60499572753906,134500
2023-12-28,36.520269313387786,36.78683945584452,35.987125396728516,35.987125396728516,3293700
2023-12-29,35.73007143000451,35.987122747771984,35.49206135411747,35.70151138305664,3054400
2024-01-02,35.40637761186302,35.77767638123118,35.3302162760216,35.425418853759766,725400
2024-01-03,34.911315889973636,35.330215944277484,34.48290066242908,35.187408447265625,365400
2024-01-04,34.96844051566785,35.26357432227835,34.80659540451556,35.11124801635742,232900
2024-01-05,35.13028925856574,35.64438827120787,34.90179798381154,35.11124801635742,160200
2024-01-08,34.987482081043154,35.40637851825851,34.70187070877152,35.34925842285156,168200
2024-01-09,34.85419626866093,34.911316362842946,34.61618619158102,34.70186996459961,125700
2024-01-10,34.80659461775227,34.901797194896304,34.60666339495696,34.739952087402344,235300
2024-01-11,34.920834841094525,34.920834841094525,34.41625469704266,34.80659103393555,1958900
2024-01-12,35.19693005872788,35.49206021907233,35.016040082521485,35.09220504760742,1725000
2024-01-16,34.67330102342109,34.67330102342109,33.902150815036265,34.025917053222656,257000
2024-01-17,33.41661000709442,33.46421492311706,32.99771362100962,33.21668243408203,191100
2024-01-18,33.10244147797159,33.254767779832804,32.95011517611038,33.2262077331543,151200
2024-01-19,32.96915719809261,33.62606370946381,32.83587213477778,33.597503662109375,189000
2024-01-22,33.11195984448768,33.18812481028248,32.75018715219877,32.816829681396484,306400
2024-01-23,33.17860283324312,33.683186659259015,33.15004278654721,33.568939208984375,293800
2024-01-24,34.825635210737964,34.98748031521679,34.52097897971257,34.60666275024414,818300
2024-01-25,34.8351536327538,35.196929952327515,34.61618480641181,34.92083740234375,306600
2024-01-26,34.84467346956257,35.20644979985184,34.530502059590845,34.739952087402344,761600
2024-01-29,34.654266040727904,35.13028615869535,34.416255981744186,35.03507995605469,587100
2024-01-30,34.540023255227396,34.99700219428961,34.52098201213158,34.95892333984375,679700
2024-01-31,34.89227552041882,35.33973195429261,34.416255410354424,34.4543342590332,337700
2024-02-01,34.720910405821805,35.05412305335071,34.58762534681024,34.949398040771484,337500
2024-02-02,34.3591347044565,34.43529604024184,33.921197036390595,34.08304214477539,831000
2024-02-05,33.502294483993175,33.502294483993175,32.96915427795505,33.41661071777344,358600
2024-02-06,33.54990144344389,33.9687978639386,33.54990144344389,33.94975662231445,590600
2024-02-07,33.949757928252865,33.949757928252865,33.426136474556074,33.55942153930664,478200
2024-02-08,33.34044820113064,33.65461957825869,33.321406961343314,33.35948944091797,1447400
2024-02-09,33.111960310832586,33.111960310832586,32.80730770685362,32.95011520385742,1920000
2024-02-12,32.9501149688843,33.64510394373932,32.9501149688843,33.502296447753906,196600
2024-02-13,33.159561264136684,33.159561264136684,32.27416360482199,32.50265121459961,433100
2024-02-14,32.63593820728008,33.20716452931626,32.63593820728008,33.14052200317383,432600
2024-02-15,33.28332631497166,33.6165425819853,33.27380751042628,33.54990005493164,227000
2024-02-16,33.76886842149334,34.53049988593841,33.69270345917618,34.31153106689453,362300
2024-02-20,34.52098142392186,34.70187141437698,34.206809997558594,34.206809997558594,421300
2024-02-21,34.1306446649433,34.36865474944568,34.00688203585894,34.24489212036133,311200
2024-02-22,34.60666272454034,34.63522640252662,34.187766308777924,34.26393127441406,502300
2024-02-23,34.53049956970353,34.75898719107189,34.36865084213446,34.692344665527344,143600
2024-02-26,34.111606826454626,34.25441069715556,33.949758081565456,34.17824935913086,597700
2024-02-27,34.31153669035101,34.57810683865972,34.27345420295094,34.50194549560547,298200
2024-02-28,34.21632687200382,34.21632687200382,33.78791164493655,33.84503173828125,215700
2024-02-29,34.063997208908546,34.42577350195721,34.01639592523652,34.2544059753418,426800
2024-03-01,34.311533583458385,34.84467383180022,34.1306436005605,34.70186996459961,268600
2024-03-04,34.73995023512622,34.88275409322821,34.587623940770236,34.82563400268555,353000
2024-03-05,34.80659103482371,34.968436125657625,34.03543716505436,34.2544059753418,1050000
2024-03-06,35.33021235299794,35.78719121254075,35.006518540186974,35.5301399230957,1681800
2024-03-07,36.320337601569676,36.891560308486795,36.06328629393335,36.196571350097656,5484200
2024-03-08,36.539304321214644,36.624988085488866,36.05376177974567,36.21561050415039,397400
2024-03-11,36.0347273078786,36.49170989100326,35.96808477111997,36.4631462097168,602200
2024-03-12,36.46314343297009,36.55834964376502,35.95856322686656,36.282257080078125,390200
2024-03-13,37.12005129192843,38.77659930861245,37.03436752335888,38.471946716308594,6224200
2024-03-14,38.89084437412847,38.9860505821276,38.243456686716314,38.63379669189453,4652600
2024-03-15,39.281180947173404,39.842884866113444,39.04317087358432,39.59535598754883,5208500
2024-03-18,39.842882427804795,39.9476074348543,39.071732160886235,39.10029220581055,671500
2024-03-19,38.55763358199682,38.89084624667383,38.30058225564069,38.54811477661133,1619100
2024-03-20,38.65283256881424,39.93808908108907,38.519547515336555,39.785762786865234,799000
2024-03-21,40.014256350452335,40.109462568311685,39.42399232670785,39.766727447509766,2444700
2024-03-22,39.338305836091294,39.54775586920485,39.157419482240435,39.30974578857422,606200
2024-03-25,39.37638534315444,39.74768045978334,39.10029279888078,39.12885284423828,731100
2024-03-26,39.1288531699416,39.30022070700374,38.73851680924348,38.74803924560547,818200
2024-03-27,38.61475554686885,39.47158963053103,38.557631821926506,39.423988342285156,664000
2024-03-28,39.49063386481886,40.53788044431693,39.462073816056126,40.39507293701172,1278300
2024-04-01,40.77588552504279,40.89012933780192,40.347466687514355,40.68067932128906,904400
2024-04-02,40.90917090701637,41.242383543466474,40.69020208424267,41.19478225708008,1624700
2024-04-03,41.55656448603702,42.451481145420374,41.46135826796695,42.24203109741211,1137200
2024-04-04,43.08934442751445,43.403519484681,42.22298785861748,42.432437896728516,2460000
2024-04-05,42.09922545405544,42.55620438640766,41.775531589671075,42.499080657958984,1823400
2024-04-08,43.34639299315513,43.39399791277874,42.5181189624901,43.317832946777344,1601200
2024-04-09,43.98426182242028,44.56500697641305,43.90809685650528,44.48884201049805,1642600
2024-04-10,43.870019286562936,44.5554858410904,43.02270035886629,44.098506927490234,807100
2024-04-11,44.298436984782406,44.298436984782406,43.317836571799226,44.041385650634766,1263000
2024-04-12,44.9267779280369,44.98390165025919,43.16550492458731,43.298789978027344,1078300
2024-04-15,44.41268246032789,44.584050008774796,43.279752153179416,43.61296844482422,2592700
2024-04-16,42.365791519662125,43.117904195787375,42.1182626503242,42.984619140625,1573200
2024-04-17,43.42255539507492,44.06994304087692,43.02269661067004,43.20358657836914,2477000
2024-04-18,44.20322824186141,44.33651329320054,43.508239308632184,43.993778228759766,1008000
2024-04-19,44.2889134038804,44.307954644921175,43.62248449443481,43.774810791015625,900700
2024-04-22,43.336875951601165,43.336875951601165,42.43243691813424,43.06078338623047,1136500
2024-04-23,42.42291421359689,42.7180443623704,41.937371659573884,42.27058792114258,1624600
2024-04-24,42.74660970773755,42.7942109950355,42.18490580143269,42.460994720458984,853700
2024-04-25,42.63236175078682,43.92713708759644,42.470516649558306,43.774810791015625,1331000
2024-04-26,44.42219637055978,45.269511582431434,44.26987008114179,45.24095153808594,1768300
2024-04-29,45.621769955633006,45.75505864982687,44.82205958094324,45.716976165771484,1222500
2024-04-30,44.53644155808317,44.58404647579264,43.56536007108419,43.57488250732422,2168300
2024-05-01,43.013180576130466,44.146107213364616,42.98462052960005,43.38447570800781,818300
2024-05-02,43.574886092973706,43.889057511585584,42.87037465479804,43.508243560791016,729300
2024-05-03,44.11754872458952,44.47932506431259,43.784336064150914,44.403160095214844,664300
2024-05-06,44.74589273505988,45.12671029614154,44.74589273505988,45.079105377197266,623300
2024-05-07,45.17431295236135,45.25047428783852,44.75541289612755,45.13623046875,1358600
2024-05-08,44.50788729427838,44.75541619249232,44.11755088787647,44.55548858642578,811600
2024-05-09,44.89821729151955,45.67888999288339,44.75540980371715,45.612247467041016,1057400
2024-05-10,45.99306525035764,46.39292040747242,45.64080774709523,45.678890228271484,2228700
2024-05-13,46.154912071041444,46.25963708231365,45.755056898997125,45.97402572631836,972100
2024-05-14,46.459563620020845,47.67817761344689,46.37387985198108,47.32592010498047,2444200
2024-05-15,48.087550978127524,48.106592218758216,46.392920511193765,47.297359466552734,3264900
2024-05-16,47.17359646434587,47.24976143210958,46.78326008392074,46.99271011352539,1221700
2024-05-17,47.611530767528365,49.20143985560358,47.60201196310368,49.191917419433594,3889000
2024-05-20,49.60129885832404,50.36293401417766,49.13480113869656,50.191566467285156,2713600
2024-05-21,50.0011573123049,50.02019855423641,48.97295203847649,49.230003356933594,2341800
2024-05-22,47.79242467600934,47.79242467600934,45.87882160360995,45.954986572265625,3362800
2024-05-23,46.630926808023005,46.630926808023005,45.231426604451094,45.46943664550781,1478900
2024-05-24,45.907382281539334,46.42148125937358,45.907382281539334,46.32627868652344,1123700
2024-05-28,47.6020128680322,47.71625668202677,47.068869016481905,47.66865539550781,2326200
2024-05-29,46.91654672231265,46.945110402056656,46.364365214452846,46.39292526245117,1823300
2024-05-30,45.850261424841555,46.24059780871928,45.574168861874355,46.05971145629883,1361500
2024-05-31,46.13586981623541,46.459563647717985,45.1457470809069,45.87881851196289,1907600
2024-06-03,46.17395686603965,46.26915944811671,45.202875275521706,45.45992660522461,1029100
2024-06-04,44.31747488803451,44.5078836728772,42.84181316105827,43.27975082397461,3022400
2024-06-05,43.365433504195245,44.298432531523744,43.30831341240182,44.28891372680664,4123800
2024-06-06,44.269873360587994,45.164789923244626,44.25083211903205,45.107669830322266,1689000
2024-06-07,43.889056030074826,43.93666095009463,43.21310829404149,43.27975082397461,2637200
2024-06-10,43.78433333465436,44.184188502253896,43.44159825857169,43.9461784362793,851200
2024-06-11,43.232146033315416,43.232146033315416,42.508597067624976,42.89893341064453,1102200
2024-06-12,44.146109144885955,44.45076176035812,42.80373242304122,43.022701263427734,1370900
2024-06-13,42.737088311846776,42.91797829242713,42.099223056682746,42.28010940551758,831300
2024-06-14,41.97545485339985,42.489557461067506,41.823128558358924,42.19442367553711,1040600
2024-06-17,41.66128073918545,41.99449701370811,41.26142556785277,41.84217071533203,1511300
2024-06-18,41.59463728485691,42.57524121358894,41.55655843491948,42.470516204833984,1435000
2024-06-20,43.384476726302374,43.879538124340456,43.29879295295452,43.82241439819336,2246700
2024-06-21,43.09886318870818,43.32735081829934,42.556200528747425,43.05126190185547,927300
2024-06-24,43.3749535524299,44.18418628340722,43.184544782863114,44.069942474365234,1196000
2024-06-25,43.76528858746688,43.80336743484577,43.18454349193393,43.289268493652344,1223800
2024-06-26,43.23215180795099,43.64152944576845,43.16550927451519,43.60344696044922,760700
2024-06-27,43.707576770042394,43.75534388462748,42.92418442877593,43.05793380737305,820000
2024-06-28,43.688473556940174,44.05151022394535,42.82865447537753,43.096153259277344,1044900
2024-07-01,43.73623319663871,43.936860894650344,43.229895258164476,43.4400749206543,649000
2024-07-02,43.41141735756684,43.889095820039884,43.163026160615736,43.60248947143555,744400
2024-07-03,44.43365132769062,45.58963603780657,44.37633224157418,45.11195755004883,1159700
2024-07-05,46.35392237091643,46.40168949233942,45.66606416035251,45.904903411865234,1206100
2024-07-08,45.666061437972154,45.952667793821846,44.77757918375985,45.006866455078125,924300
2024-07-09,45.389004256926285,45.51320167310285,45.02597126255989,45.10239791870117,477900
2024-07-10,45.188382963120574,45.627846285046985,45.01641842073241,45.34123992919922,637000
2024-07-11,45.474987258339205,45.589632711001364,44.854007456207384,45.15972137451172,669300
2024-07-12,45.599184875523605,46.05775575498135,45.4081127646502,45.82847213745117,2201300
2024-07-15,45.637401649913755,45.64695361581837,44.95909909436325,44.98775863647461,2835900
2024-07-16,44.24257962628986,44.54829354464042,43.755345563395444,44.500526428222656,1763400
2024-07-17,43.927313290968854,43.946420867804314,43.01017146925272,43.134368896484375,1857100
2024-07-18,42.87642177273531,43.06749389534168,41.2905293505784,41.462493896484375,1630600
2024-07-19,41.023022144220704,41.548471331301386,40.98481063966708,41.37650680541992,1553300
2024-07-22,41.16632643750247,41.35739853464241,40.79373785249802,41.00391387939453,2945400
2024-07-23,40.306507842305656,40.75552676870521,40.11543937050775,40.698204040527344,1124900
2024-07-24,40.55490061484668,41.27141828067649,40.153648826895385,40.18231201171875,843400
2024-07-25,39.83838549424289,40.33517154495163,39.179186867149795,40.07722473144531,1725600
2024-07-26,40.36383428393172,40.765082484898905,40.12499502781378,40.67910385131836,1360600
2024-07-29,40.258736952444856,40.58355842622469,40.019897740677244,40.37337875366211,770200
2024-07-30,39.95302710195934,40.52623981053478,39.83838528912376,40.06766891479492,780200
2024-07-31,41.386063547151565,42.13124081571323,41.290529308145366,41.787315368652344,2717000
2024-08-01,41.42427499979566,41.42427499979566,39.47534608524059,39.838382720947266,1713800
2024-08-02,39.46579593157403,39.60909728385927,38.84481247181228,39.34159851074219,1478700
2024-08-05,36.618834346005784,38.15695600374854,36.46597373244874,37.85124206542969,1302000
2024-08-06,37.5837404592556,38.32891767242096,37.44999107683078,37.927669525146484,1693200
2024-08-07,38.2142801535024,38.45311940446179,36.95320919998864,36.981868743896484,896500
2024-08-08,37.38312062097672,38.12829791856768,37.10606621490909,37.96588897705078,779800
2024-08-09,38.35758083899676,38.41489992035268,38.00409616344766,38.25249099731445,466100
2024-08-12,38.68240156600703,38.997667440434306,38.434006737042736,38.844810485839844,1019700
2024-08-13,38.491333720482345,38.959456601298854,38.37668825855376,38.88302993774414,565600
2024-08-14,38.873468729094185,38.93079145180374,38.35757880229678,38.730167388916016,1095200
2024-08-15,39.437130921947585,40.421150988577644,39.36070426647573,40.163204193115234,2568700
2024-08-16,40.11543988385132,40.51668805303855,39.7810627651311,40.411598205566406,1450200
2024-08-19,40.90838090620114,41.25230996270944,40.71730880320794,41.109004974365234,610400
2024-08-20,41.30963599662268,41.44338538611464,40.64088540476534,40.72686767578125,474300
2024-08-21,41.33829370932419,41.69177474368005,41.01347221590608,41.55802536010742,438400
2024-08-22,41.36695462501249,41.36695462501249,40.53579511061963,40.698204040527344,676100
2024-08-23,41.15677865381376,42.150347099964954,41.12811546747269,42.00704574584961,720900
2024-08-26,42.32231373104325,42.647135251906604,42.121689638732924,42.198116302490234,917300
2024-08-27,42.24588518977727,42.475168815256964,42.03570549608961,42.350975036621094,475600
2024-08-28,41.64400738576626,41.64400738576626,40.58356064445233,40.879722595214844,1215900
2024-08-29,40.822399626211954,41.137669150410765,40.822399626211954,40.86061477661133,402000
2024-08-30,40.96570711746,41.61535013629677,40.75552742183705,41.40517044067383,1155100
2024-09-03,39.86704731833978,40.10588656921246,38.26204726092356,38.29071044921875,4062500
2024-09-04,38.30981011524223,38.777936598347395,38.09963407607431,38.26204299926758,1685300
2024-09-05,38.73971906950383,38.73971906950383,38.004093866584185,38.05186462402344,1473500
2024-09-06,37.88945727733985,38.1282965197952,36.72392060795054,36.85767364501953,1261500
2024-09-09,37.47865577072667,37.61240517154164,37.25892409161667,37.39267349243164,923400
2024-09-10,37.34490457376124,37.34490457376124,36.71436911139004,37.230262756347656,1284400
2024-09-11,37.516866008629485,37.99454446000842,36.9340977148436,37.94677734375,1751000
2024-09-12,38.30026005722643,39.16963473109183,38.30026005722643,39.074100494384766,1079800
2024-09-13,39.16008379896296,39.77151167658327,39.16008379896296,39.50400924682617,2502700
2024-09-16,40.0485636333694,40.06767121066978,39.656867409705924,39.933921813964844,929000
2024-09-17,39.886152407438786,40.440261184206236,39.886152407438786,40.06766891479492,988100
2024-09-18,40.23963213887912,41.61534842545791,40.000792910725565,40.27784729003906,1422500
2024-09-19,41.815970154028506,41.9688271056863,41.538915790274636,41.72043228149414,3517000
2024-09-20,41.66311798524213,41.74910025819512,41.08990161742303,41.462493896484375,1992000
2024-09-23,41.54846784547096,42.245877855524654,41.54846784547096,41.73953628540039,929800
2024-09-24,43.75534411446079,44.87311355248859,43.72668457443865,44.71070098876953,7453400
2024-09-25,44.3572222518265,44.42409694492297,43.88909575575372,43.91775894165039,1410100
2024-09-26,45.71382765878395,46.7742744345597,45.694723727247016,46.23927688598633,3377400
2024-09-27,46.07686434277041,46.41124145524415,45.62784541901302,45.91445541381836,1505700
2024-09-30,45.83802390297462,45.83802390297462,44.77757715443261,45.15972137451172,3018900
2024-10-01,45.51320766295662,46.06731648159407,45.06418869919163,45.943119049072266,1575800
2024-10-02,46.04820656451029,46.71695717067075,45.9431167149768,46.40168762207031,716200
2024-10-03,44.91132787851398,45.350794838039995,44.500527749605126,44.62472152709961,3085500
2024-10-04,45.92400388752271,45.9908785760528,45.41766591882427,45.62784194946289,1869100
2024-10-07,45.8284714073086,45.91445367361189,45.3794525005695,45.771148681640625,1622300
2024-10-08,44.24257787301269,44.252129838158766,43.36364765928767,43.69802474975586,2045400
2024-10-09,43.21079279636954,43.72668640474582,42.92418645095963,43.564273834228516,722800
2024-10-10,43.564273750179964,44.28079143452106,43.53561420901349,44.20436477661133,508100
2024-10-11,44.003739458126404,44.87311407815577,44.003739458126404,44.75846862792969,556100
2024-10-14,43.64070634952925,44.49097346326452,43.6311507390392,44.080169677734375,1117600
2024-10-15,43.22990417480469,43.35410160502002,42.81910037396744,43.22990417480469,2531300
2024-10-16,43.22989959287441,43.9273096904152,43.22989959287441,43.82221984863281,1332000
2024-10-17,43.2107938224854,43.42097351482921,42.8573127762324,42.99106216430664,991100
2024-10-18,43.99418381902397,43.99418381902397,43.58338006698145,43.76490020751953,736300
2024-10-21,44.061059817832394,44.061059817832394,43.086595329007984,43.2203483581543,714000
2024-10-22,43.73623733915698,43.82221960519244,43.354096769086205,43.8031120300293,608400
2024-10-23,43.143915017802264,43.182130166296,42.456056922503585,42.962398529052734,2373600
2024-10-24,43.06749142201654,43.17257762123731,42.45605993591057,42.89552688598633,1464600
2024-10-25,43.07704443441116,43.745795019179866,42.924187470269516,42.99106216430664,525700
2024-10-28,43.258555311153934,43.54516527047032,43.0006085344074,43.163021087646484,374700
2024-10-29,43.31588394922995,43.33499152542111,42.93373971420183,43.01972198486328,919000
2024-10-30,42.513381921490975,42.694898419959245,42.13123770488718,42.50382995605469,730500
2024-10-31,42.15989559979766,42.29364496550701,41.33828818827233,41.73953628540039,1453000
2024-11-01,42.217224603567885,42.73311825926877,42.20767263708353,42.25543975830078,658600
2024-11-04,42.532489569810984,43.134365436456626,42.44650730314732,42.52293395996094,1090900
2024-11-05,43.038828943765175,43.61204528808594,42.92418713266001,43.61204528808594,761400
2024-11-06,41.558029159425125,41.94017341405248,40.70776201949684,41.89240264892578,3699300
2024-11-07,43.4305226420588,44.576951620389565,43.4305226420588,44.38587951660156,1200300
2024-11-08,42.98151185449657,42.98151185449657,41.54847639380658,42.15034866333008,1009000
2024-11-11,41.63445718873061,41.749099001083394,41.05168887230791,41.35740280151367,918400
2024-11-12,40.31606372478787,40.43070553752028,39.44668905240556,40.0581169128418,2289800
2024-11-13,39.828825361964014,40.0294530681781,39.01677350543035,39.045433044433594,3484500
2024-11-14,39.01677170801052,39.704629767577224,38.902129912881726,39.53266525268555,3348700
2024-11-15,39.73328986192712,39.933913917312516,39.217396310024384,39.26516342163086,1825300
2024-11-18,39.360705765961995,40.325614649986676,39.332042580220474,40.29695510864258,1194200
2024-11-19,40.23963280776934,41.04213277348086,40.096331455133594,40.98481369018555,1055400
2024-11-20,40.631324768066406,41.01346895739612,40.56445008159327,40.631324768066406,1196600
2024-11-21,40.63132776053729,41.00391636815627,40.43070368634205,40.879722595214844,812500
2024-11-22,40.440257047409204,40.71730776305477,40.335167211227684,40.68864822387695,1120000
2024-11-25,40.717310290832934,40.91793801072429,40.36382925623915,40.57400894165039,1282300
2024-11-26,40.50713893303102,40.50713893303102,39.62820858329204,39.99124526977539,1224800
2024-11-27,40.27784753294737,40.69820326504964,40.11543860613425,40.29695510864258,1298900
2024-11-29,40.00079435511413,40.72686767578125,40.00079435511413,40.72686767578125,1278900
2024-12-02,40.43070626624072,40.75552777850172,40.04856202438157,40.44981384277344,1323700
2024-12-03,41.166332254699164,41.41472346500314,40.63133103598598,40.83195877075195,1190100
2024-12-04,40.812848449065626,41.003916915958094,40.468919377623344,40.60266876220703,873600
2024-12-05,40.48802592991361,40.98481194895273,40.41159562957038,40.84150695800781,1188400
2024-12-06,40.736416122144746,40.74597173165288,40.01989847371753,40.10588073730469,1012100
2024-12-09,41.56757805432112,42.589813313255156,41.56757805432112,41.61534881591797,2144200
2024-12-10,41.31918233254244,41.46248731284186,40.96570133070677,41.23320007324219,3971800
2024-12-11,41.03258009052754,41.39561673744138,40.78418525259798,41.261863708496094,410600
2024-12-12,40.70775893838473,40.755526055498294,39.92436655565042,39.981685638427734,1044800
2024-12-13,39.656865488177615,39.79061852279943,38.84481353644601,39.11231231689453,1070000
2024-12-16,38.892576589159816,38.969006886667586,38.367131049183975,38.43400573730469,959100
2024-12-17,38.10919041225319,38.10919041225319,37.61240433146631,37.98499298095703,1296300
2024-12-18,37.90856443387586,38.13784806322888,36.27490490824463,36.504188537597656,2304500
2024-12-19,36.80989964568595,36.98186417669117,36.34177681248077,36.59016799926758,2830500
2024-12-20,36.50418495120016,37.53597211511234,36.38954314778677,37.172935485839844,896700
2024-12-23,36.92454876694197,37.66017043511318,36.92454876694197,37.555084228515625,451900
2024-12-24,37.583739990793624,37.64106271586005,37.3066856195685,37.564632415771484,188700
2024-12-26,37.45954030986527,37.87034403700346,37.45954030986527,37.69837951660156,303500
2024-12-27,37.62195795528946,37.765259312079785,37.30668841043512,37.47865295410156,403700
2024-12-30,37.033168230132745,37.178432095940906,36.752319584206454,36.96537399291992,634100
2024-12-31,37.1687521876577,37.265594772345345,36.83948222768879,36.97506332397461,664400
2025-01-02,37.17843441947297,37.72076249091673,37.08159183621519,37.3043327331543,879400
2025-01-03,37.67234178867579,37.85634417746742,37.149382964563394,37.730445861816406,2965500
2025-01-06,38.3308812489918,38.88289210304704,38.224352190435916,38.3115119934082,2801000
2025-01-07,38.80541590661758,38.80541590661758,37.75950194299743,37.943504333496094,1214000
2025-01-08,38.030664106844384,38.23403575317054,37.44959751037385,38.19529724121094,1100200
2025-01-10,38.52456433576147,38.805412985095195,37.788551134870815,37.933815002441406,739400
2025-01-13,37.69170752551336,37.93381768287963,37.41086255064243,37.83697509765625,578600
2025-01-14,37.99192402626094,38.321193975706876,37.78855238833166,38.030662536621094,487500
2025-01-15,38.62141152732033,38.8635216733391,38.079083470287536,38.466461181640625,576100
2025-01-16,38.60204387880568,38.60204387880568,38.117823566616565,38.379302978515625,998900
2025-01-17,38.485830616733544,39.279951603846584,38.253403249972514,38.57299041748047,1366400
2025-01-21,39.27995264858875,39.40584726855459,38.940996216976394,39.06689453125,628400
2025-01-22,38.921624553213505,39.02815360529171,37.91444918426392,37.97255325317383,2593200
2025-01-23,37.92413409437113,38.28245608523547,37.49802155643266,38.20498275756836,1118300
2025-01-24,38.72794082357416,39.00878578702918,38.52456549197944,38.67951583862305,629100
2025-01-27,38.0693993404543,38.16624191770586,37.56580981126963,37.866024017333984,887100
2025-01-28,37.488332260433076,37.61423056451415,36.50052247043552,36.79105758666992,847200
2025-01-29,36.810423943863576,37.55612361602569,36.810423943863576,37.323699951171875,777500
2025-01-30,37.66265346134594,38.253402804607575,37.54644162647225,37.85634231567383,602000
2025-01-31,37.740132303653525,37.827292107595525,36.97506332397461,36.97506332397461,425100
2025-02-03,36.364941013528046,37.06221937444731,36.13251735609324,36.82979202270508,906800
2025-02-04,37.15906651654454,38.214666967432215,37.08159318597984,38.011295318603516,864200
2025-02-05,38.08877248174529,38.49551578087924,37.87571435688013,38.3696174621582,470600
2025-02-06,39.21215846000389,39.57048041964,39.0378388700604,39.17341995239258,1066700
2025-02-07,39.977226076683934,40.64545244318751,39.75448518595196,39.870697021484375,1865400
2025-02-10,40.43239389831096,40.558292207131,40.05470266615848,40.45176315307617,1440900
2025-02-11,39.27026609020375,39.40584718483754,39.01847315649923,39.212162017822266,2662800
2025-02-12,39.02815232404349,39.86101176461402,38.95067900327113,39.57048034667969,1338100
2025-02-13,39.81259131887321,40.89724369276481,39.62858525132306,40.75197982788086,2006000
2025-02-14,41.02314583521341,41.17809618883533,40.296815359927926,40.35491943359375,1509600
2025-02-18,40.4130236490281,40.442075683307166,39.9772246633045,40.06438446044922,1357900
2025-02-19,39.560792399445745,39.560792399445745,38.76667149598718,38.86351776123047,1925800
2025-02-20,39.5123725827111,39.92880230296835,39.444582041674565,39.82227325439453,850300
2025-02-21,39.48332342635769,39.59953526313047,37.85634293430809,38.030662536621094,992700
2025-02-24,38.137193199146594,38.30182633364942,37.633603626178434,37.943504333496094,505300
2025-02-25,38.19529477897042,38.408352886705714,37.3043312271821,37.89508056640625,789300
2025-02-26,38.15656280517578,38.77636422549692,37.982243193921974,38.15656280517578,686800
2025-02-27,38.66014899453742,38.66014899453742,37.3624420694082,37.46896743774414,1307500
2025-02-28,36.858851223714176,37.11064415871215,36.5392640467433,37.01380157470703,666200
2025-03-03,37.82729038679186,38.20498162192302,36.33589100687755,36.558631896972656,546900
2025-03-04,36.50052343362301,37.05253425814306,35.619242670414884,36.529579162597656,1479100
2025-03-05,37.701390763500534,39.38647524527254,37.701390763500534,39.30900192260742,2816700
2025-03-06,38.74730700187247,39.56079725829234,38.74730700187247,38.85383605957031,1200300
2025-03-07,38.563306849263846,38.97973662929537,37.88539764728408,38.689205169677734,702200
2025-03-10,38.12750803253918,38.301827648176534,36.86853590406451,37.39149475097656,879700
2025-03-11,37.56581017485903,38.32119262879342,37.37212132417372,38.07908248901367,744100
2025-03-12,38.56330287745837,38.62141064112029,38.08876907096243,38.33087921142578,359000
2025-03-13,38.35024317451075,39.20247186785535,38.17592358509237,38.92162322998047,1750400
2025-03-14,39.70606760286158,40.151549425918304,39.55111724291541,40.015968322753906,1669000
2025-03-17,40.393656244887374,41.00377485284563,40.3355521736679,40.83913803100586,923700
2025-03-18,41.43957431852501,41.546103376020135,40.85850773972643,41.303993225097656,754200
2025-03-19,41.265253977539466,42.059374962841815,41.0812479017668,41.778526306152344,1383000
2025-03-20,41.14904313559625,41.652629001697754,40.89724650823776,41.265254974365234,779600
2025-03-21,40.37428543547219,40.60671279432567,39.99659420985439,40.42271041870117,1121600
2025-03-24,41.40083313739132,41.56546625613206,40.887560832720176,41.14904022216797,871800
2025-03-25,41.78821339824705,42.069058364778336,41.71073637692276,41.95284652709961,1395800
2025-03-26,41.981896066656404,42.049686609130404,40.490500437920765,40.75197982788086,2179200
2025-03-27,39.98691025181282,40.3549149922207,39.58984978346201,39.928802490234375,800500
2025-03-28,39.70606464429543,39.79322444616498,38.60204295015304,38.74730682373047,897600
2025-03-31,37.62391697699543,38.050033218317076,36.94601149181613,37.83697509765625,1089100
2025-04-01,37.83697411524514,38.28245590659857,37.56581192821396,38.098453521728516,678600
2025-04-02,37.71107367714698,38.01129157751885,37.57549259127178,37.866024017333984,571700
2025-04-03,36.26809775625041,36.41336161583712,35.154389694548904,35.25123596191406,3376400
2025-04-04,32.985085788076816,33.236878700429834,30.96104308506261,31.63895034790039,2291900
2025-04-07,30.341244330841047,33.07224841105965,30.157240097171375,31.29031753540039,1791900
2025-04-08,32.578342720310985,32.781714369212,29.798919102406888,30.254085540771484,1905400
2025-04-09,30.74798942537563,34.234374150214805,30.176609316627836,33.84700012207031,3890400
2025-04-10,33.256247343821265,33.256247343821265,31.571159226738214,32.36528015136719,2353800
2025-04-11,33.32403637859794,34.61206397517468,33.2756150940267,34.39900588989258,2095100
2025-04-14,34.796073778538535,35.473982990489354,34.62175416134238,35.19313430786133,1853000
2025-04-15,34.980075312226674,35.32871453799999,34.75733440560659,35.057552337646484,1757000
2025-04-16,34.980075312226674,35.41587434444332,34.68954385551822,35.057552337646484,1693800
2025-04-17,35.212498669048394,35.54176860082801,34.76701690673111,35.20281219482422,1418100
2025-04-21,35.51271504915789,35.76451167411503,34.76701903771978,35.183448791503906,871900
2025-04-22,35.822616319598275,36.55862948641225,35.822616319598275,36.1131477355957,1899700
2025-04-23,36.67484363713853,37.53675516006238,36.67484363713853,36.955692291259766,1799800
2025-04-24,37.14938172423095,38.37930172018317,37.14938172423095,38.28245544433594,1779100
2025-04-25,37.517390717719096,38.02097658206015,37.43023091537012,37.95318603515625,1427200
2025-04-28,37.95318489568396,38.166243004875405,37.498020336467185,37.85634231567383,1505200
2025-04-29,38.23403336617507,38.29214113048673,37.585179955745666,37.749813079833984,1066500
2025-04-30,36.28747122177325,36.82979560473874,35.88072424024135,36.61674118041992,2127500
2025-05-01,36.89758612454074,37.333385142169185,36.674845225376814,36.868534088134766,1393200
2025-05-02,37.60454807204492,37.84665820788562,37.17843186860849,37.65296936035156,2002700
2025-05-05,37.65297168132082,37.953185903912015,37.33338450904381,37.34307098388672,1483500
2025-05-06,37.420544789627904,38.243721529339105,37.38180627837632,38.16624450683594,2062600
2025-05-07,37.798235818661404,37.953186168458515,37.07190536130476,37.3043327331543,1094500
2025-05-08,37.59486293336904,37.84665955240072,37.39149129867181,37.604549407958984,985000
2025-05-09,37.817604244948896,38.10813568265953,37.70139240872617,37.92413330078125,787700
2025-05-12,38.91193993788381,39.493002765422276,38.75698960425306,38.99909973144531,1448400
2025-05-13,39.057208051852115,39.83195973111281,39.057208051852115,39.57048034667969,1690800
2025-05-14,39.512374712641815,39.512374712641815,39.00878517043319,39.154052734375,881900
2025-05-15,38.90225817017022,38.96036593767658,38.30182601650243,38.88289260864258,1083300
2025-05-16,38.33088042941339,38.49551355689216,37.80792162276139,38.28245544433594,843000
2025-05-19,37.99192496612055,38.698886173297865,37.92413441846709,38.66983413696289,635900
2025-05-20,38.45677671269192,38.75699463936375,38.45677671269192,38.69888687133789,728200
2025-05-21,38.73762573168038,39.570485276000774,38.73762573168038,38.91194534301758,922700
2025-05-22,38.83446520937217,39.26058142266473,38.69888412125457,38.94099426269531,1232500
2025-05-23,39.17342266705785,40.09344196789186,38.960364554738405,40.08375549316406,2269100
2025-05-27,40.1612360723221,40.45176753666867,39.96754719798838,40.12249755859375,1396600
2025-05-28,39.764172119664785,39.957857283018996,39.493006241215056,39.68669509887695,1196700
2025-05-29,40.10312494941043,40.33555231804332,39.75448574361495,39.93849182128906,886700
2025-05-30,39.72543271164737,39.909435090399285,39.2702644605729,39.80290603637695,1173900
2025-06-02,40.53892275524569,40.75198086231935,40.29681261331929,40.59702682495117,1195100
2025-06-03,40.55829300784258,40.7713474258508,40.14186325793842,40.73261260986328,751100
2025-06-04,41.04251230899061,41.35241299522673,40.91661400073607,41.24588394165039,1726900
2025-06-05,42.00126781827344,42.388645536279476,41.865686725263636,41.95284652709961,1842300
2025-06-06,42.1271652470657,42.340223356930444,41.80757808226857,41.817264556884766,819900
2025-06-09,41.943162076261714,42.41769588289839,41.943162076261714,42.185272216796875,1112500
2025-06-10,42.36927440947478,42.466116987544844,41.8172635869988,42.07874298095703,1140700
2025-06-11,41.99158415689999,42.20464226676474,41.730104756877154,41.817264556884766,1269500
2025-06-12,41.83663582079409,42.224009854968045,41.4976793847956,42.04969024658203,1187000
2025-06-13,41.187775906797505,41.826946529745264,41.03282556469828,41.536415100097656,1287800
2025-06-16,42.04000491248667,42.514542416340156,41.97221436826583,42.14653396606445,1046400
2025-06-17,42.25306499431227,42.25306499431227,41.546103789892975,41.62357711791992,817500
2025-06-18,41.604208559678,42.03032480104565,41.5267352303525,41.65262985229492,658700
2025-06-20,41.60420745690335,41.60420745690335,40.59702834221366,40.65513610839844,1335500
2025-06-23,40.29681219681208,41.22651424556625,40.19996592445796,41.17809295654297,637200
2025-06-24,41.21683199703695,41.797894861425085,41.21683199703695,41.749473571777344,1310100
2025-06-25,41.32335919783457,41.6429463735036,41.25556865044558,41.62357711791992,670000
2025-06-26,42.76633662079673,44.2480495522032,42.76633662079673,44.151206970214844,2268400
2025-06-27,43.96619186890974,43.99540409574972,43.38192132936496,43.73248291015625,1158100
2025-06-30,43.58641281459778,43.86881004638465,43.138474683632374,43.82012176513672,1913000
2025-07-01,44.06356884785395,44.45308254453488,43.88828805581533,44.23884963989258,2932400
2025-07-02,44.63809647223186,45.923486383330136,44.58940819212677,45.39764404296875,3375700
2025-07-03,45.44633337251896,45.602141815937436,44.97891918629677,45.24184036254883,935400
2025-07-07,44.30701276480293,44.45308132572285,43.82985868518527,44.14147186279297,1664500
2025-07-08,44.62836383231576,45.582668313638955,43.96619276940939,44.45308303833008,3377600
2025-07-09,44.40439013022098,44.40439013022098,43.333233046405695,43.73248291015625,2252200
2025-07-10,44.07330372275067,44.37517701453611,43.75195808991387,44.28753662109375,1100600
2025-07-11,43.878552691632535,44.00514148790472,43.53772727210178,43.975929260253906,1005700
2025-07-14,43.69352973580239,43.80064618451568,43.54746489047519,43.742218017578125,625200
2025-07-15,43.820120334168855,43.820120334168855,42.86581593709716,43.177425384521484,998800
2025-07-16,43.11900126881201,43.167693267719606,42.61263494053249,43.13847732543945,544800
2025-07-17,42.65158512514507,43.04109881072469,42.427616056074015,42.86581802368164,914400
2025-07-18,43.099523250942156,43.128739191892834,42.710013280151905,42.719749450683594,446000
2025-07-21,43.67405401746278,44.073303874591765,43.625365735311014,43.703269958496094,1137900
2025-07-22,44.38491851920687,44.959445468129985,43.96619259244621,44.89128112792969,4141400
2025-07-23,45.261319994059285,45.62161776123716,45.02761473982208,45.28079605102539,1575800
2025-07-24,45.047083651358676,45.08603576232432,44.423864734619286,44.511505126953125,592300
2025-07-25,44.083043445378685,44.151207782840494,43.64484147978291,44.03435516357422,1245100
2025-07-28,43.54746472677651,43.57667695279658,42.73922513656199,43.489036560058594,1506500
2025-07-29,43.42087047796753,43.42087047796753,42.78791169866528,43.03135681152344,978200
2025-07-30,42.89503279412976,43.196906104092406,41.346721559868776,41.7849235534668,3045900
2025-07-31,40.84035245041804,42.05757806402384,40.84035245041804,41.92124938964844,1500200
2025-08-01,41.66807198784265,41.892041075901176,41.385674727590455,41.629119873046875,965700
2025-08-04,42.184168001822904,42.427613109734935,42.0770515599932,42.310760498046875,790000
2025-08-05,42.641847981281664,42.95345743676154,42.46656719823952,42.729488372802734,1114000
2025-08-06,43.1092643737793,43.42087384522864,42.972935694354945,43.1092643737793,915400
2025-08-07,43.78117346742649,44.10252283807102,43.527992154079534,43.96619415283203,1517200
2025-08-08,44.38491581417617,45.28079206773992,44.17068292107279,45.027610778808594,2323600
2025-08-11,44.91075735859596,44.95944564254535,44.21937406835195,44.30701446533203,598100
2025-08-12,44.686786599461385,45.34895763735887,44.65757437312637,45.27105712890625,1615900
2025-08-13,45.76768129599622,46.42011241653218,45.68004090662955,46.0208625793457,3359200
2025-08-14,45.48528907715245,45.48528907715245,44.93023445499154,45.28079605102539,648300
2025-08-15,46.205886925803185,46.21562309665214,45.913753509521484,45.913753509521484,438200
2025-08-18,45.728732079658236,45.76768419176967,45.33922210257756,45.44633483886719,516900
2025-08-19,45.68004297951088,45.75794720233981,44.862067213196156,44.87180709838867,612900
2025-08-20,44.91075517105742,45.11525189716884,44.75495044120162,45.05682373046875,586900
2025-08-21,44.910756633358496,45.407386779785156,44.76469178386904,45.407386779785156,689700
2025-08-22,45.31000564072702,47.023861407165946,45.19315302041276,46.94595718383789,2015100
2025-08-25,47.033596613009394,47.345206070574356,46.89726793965944,46.95569610595703,779400
2025-08-26,47.199140130387526,47.64707825089661,47.04333540522447,47.54970169067383,662700
2025-08-27,47.27704190039159,47.27704190039159,46.83883993831088,47.20887756347656,464200
2025-08-28,47.491277480792114,47.72498273066077,47.2283562886814,47.65681838989258,655400
2025-08-29,47.958687044190214,48.64033410044417,47.77367009643058,48.504005432128906,3000400
2025-09-02,48.11449147588969,48.83509063720703,47.65681347959311,48.83509063720703,1461800
2025-09-03,49.13696202629996,49.95493777637282,49.13696202629996,49.6920166015625,1654000
2025-09-04,49.08827672053088,49.12722883353275,48.36767748870802,48.825355529785156,1618900
2025-09-05,49.6141169192164,50.1983837298275,49.331719684393995,49.72123336791992,1825200
2025-09-08,50.09126865871876,50.09126865871876,49.487525775859645,50.07179260253906,793200
2025-09-09,50.77291478968839,51.36692149037099,50.062055468853124,50.0815315246582,1142800
2025-09-10,50.33471429210268,50.67553970663754,50.169173384937295,50.43209457397461,665500
2025-09-11,50.95793566527284,51.82459972131962,50.724226709359705,51.61036682128906,979900
2025-09-12,52.068046084253524,52.21411093482462,51.70774461388673,51.999881744384766,1150400
2025-09-15,52.18489702552185,52.94444462510651,51.99988006822445,52.81785583496094,1688400
2025-09-16,52.78864224130862,52.78864224130862,52.14594723277217,52.32122802734375,1327700
2025-09-17,51.73696005372964,52.34070293585669,51.16242939849777,51.63957977294922,1671000
2025-09-18,51.357187630493286,51.52272854026784,50.95793775522045,51.29875946044922,1766200
2025-09-19,51.70774557704708,52.55493732778734,51.62984506489369,52.13621139526367,2746100
2025-09-22,52.340702947566456,53.04182611063079,52.340702947566456,52.7691650390625,1143300
2025-09-23,53.13919834007944,53.33395517111191,52.46729117342888,52.70099639892578,1741100
2025-09-24,53.62609383392683,55.36916188533098,53.53845343707752,54.47328186035156,4477900
2025-09-25,55.14519102044327,55.203615473330586,54.49275615067159,54.745941162109375,2371000
2025-09-26,54.70699067247711,55.66129514960285,54.54144605013968,55.49575424194336,1954000
2025-09-29,56.859045223173744,58.29050380785901,56.82009310999149,57.67702102661133,4713000
2025-09-30,57.93993656925869,58.27102206967013,57.46278251599489,58.2418098449707,2762700
2025-10-01,58.397617429514014,59.27401764554202,58.271024925150336,58.94293212890625,4829600
2025-10-02,59.6051043973876,60.15042282275838,58.23207402061344,59.186378479003906,3435000
2025-10-03,59.80959824930904,60.8710191734622,59.66353339890946,60.34518051147461,3716000
2025-10-06,60.52046128773206,61.11446428935169,60.03357102383937,60.053043365478516,3351200
2025-10-07,61.0365596614927,61.20210055700412,59.76090591886003,60.09199142456055,2532100
2025-10-08,61.2702662403442,62.66277262895909,61.104725341190274,62.44853973388672,3871300
2025-10-09,64.43505290014551,64.46426512599442,61.72794434093139,62.30247497558594,3313000
2025-10-10,61.71821225370475,61.77663670926784,58.67027809433722,58.87477111816406,5356700
2025-10-13,61.79610764024354,62.58486744234447,61.56240240802018,62.45827865600586,2607300
2025-10-14,60.666524029760296,61.10472599497054,59.42008618620918,60.510719299316406,2950700
2025-10-15,61.84479831657806,62.185623722567286,60.997610316262694,61.81558609008789,1346500
2025-10-16,61.766897701248936,61.766897701248936,60.520459844112395,60.97813415527344,1730600
2025-10-17,60.043307123370646,60.35491659471776,58.79686923798217,59.507728576660156,2119600
2025-10-20,60.004354778387004,60.939186903485684,59.93619043896119,60.676265716552734,2117100
2025-10-21,59.24480487629009,59.27401710215322,57.26803167975954,57.745182037353516,3268200
2025-10-22,57.74518187083243,58.10547960925714,56.82982955454236,57.492000579833984,1639200
2025-10-23,58.88450595469264,59.46877274829234,58.61184489829213,58.63132095336914,2251600
2025-10-24,59.19611788827411,59.56615180621743,58.78712814386592,59.2642822265625,1283300
2025-10-27,60.4230775415545,60.71521094020392,58.96240683362968,59.4298210144043,2048700
2025-10-28,58.43656958067758,60.36465835210998,58.43656958067758,60.218589782714844,1937100
2025-10-29,60.97813465226534,62.2051001782274,60.83206980419796,61.19236755371094,2732300
2025-10-30,60.40360212602995,60.53993079919823,59.47851363962302,60.48150634765625,2188000
2025-10-31,59.975141318022864,60.140682220458984,59.47851489603668,60.140682220458984,2105500
2025-11-03,59.410344583061296,59.42008446793864,57.67701654266153,58.63132095336914,2503200
2025-11-04,56.6058591296846,57.190125919295134,55.90473601040984,56.411102294921875,4655000
2025-11-05,57.209603513355525,57.94967504775094,57.09275089522525,57.745182037353516,2990300
2025-11-06,58.71896346130297,59.18637765597339,58.32945348974987,58.465782165527344,2183200
2025-11-07,58.436565518973524,59.274017333984375,58.04705555212325,59.274017333984375,1679500
2025-11-10,60.65679005351184,61.25079677065391,60.4230810920528,60.89049530029297,1538600
2025-11-11,60.72495505178531,60.72495505178531,59.81933885266405,60.374393463134766,1821500
2025-11-12,60.861282678105454,61.844799371725365,60.724953999254964,61.65978240966797,2355300
2025-11-13,62.136933477998234,62.21483398440464,59.54667756179456,60.12120819091797,1900100
2025-11-14,58.689752550332585,60.160159505187444,58.07626978090669,59.54668045043945,1089700
2025-11-17,58.95266904453855,59.312966769156546,57.89124821067251,58.387874603271484,1900400
2025-11-18,57.76466184982746,57.87177830452945,56.61560050522466,57.19987106323242,2049600
2025-11-19,58.066532533703075,59.00136092666555,57.813347522268764,58.28076171875,1150500
2025-11-20,58.8066027462184,59.020835641073994,55.69050445915611,55.92421340942383,2770400
2025-11-21,55.875526445249065,57.19986852706684,55.437324474842036,56.85904312133789,1966900
2025-11-24,56.91747021661602,58.553421732195424,56.85904205010327,58.43656539916992,1666800
2025-11-25,59.011097779244395,59.38113541540608,58.5047351798794,59.040313720703125,1666200
2025-11-26,59.79012301271812,60.99760872880624,59.653790625063756,60.62757110595703,1065300
2025-11-28,61.981131146416494,62.886747320799,61.7668982448316,62.61408996582031,2151200
2025-12-01,63.83131568692921,64.38637028293051,63.12045264254226,63.15940475463867,2971600
2025-12-02,63.451540409338776,63.451540409338776,61.88374950857484,62.95491027832031,1671900
2025-12-03,64.54217230330187,65.90546653040415,64.40584362352722,65.70097351074219,6293300
2025-12-04,65.47700142952905,66.02232358389232,64.92194681890203,65.43804931640625,2696600
2025-12-05,66.70396463757235,67.28823145509602,65.93467714657987,66.22681427001953,2157400
2025-12-08,66.31445183816452,66.47999274329955,65.37962343172723,65.67176055908203,1773000
2025-12-09,64.40584450705005,65.31146070903682,63.76315321206109,65.14591979980469,1583200
2025-12-10,65.65227598799022,66.88898131676517,65.13617353950745,66.66500854492188,2239300
2025-12-11,66.46051777384092,67.81407204697437,66.4118257780886,67.33692169189453,2278100
2025-12-12,68.11594147206779,68.57361948547647,65.66201793614643,66.35340118408203,2517100
2025-12-15,67.85302192011592,67.8822341448618,66.7234330342405,66.95714569091797,2007000
2025-12-16,66.50920940531016,67.15190065545903,66.03205162348834,66.53842163085938,1439800
2025-12-17,67.63879385945387,67.9017187596392,66.87924624443986,66.9474105834961,1425400
2025-12-18,67.31744192185141,67.70695559980362,66.79159957101925,67.33692169189453,1399000
2025-12-19,68.06725816625767,69.23579178988687,67.80433327185996,68.45677185058594,3456500
2025-12-22,70.62829397347855,71.12492407703604,70.05376708119753,70.64777374267578,2937000
2025-12-23,71.31968431184661,72.10845159725446,70.75489724778845,72.00133514404297,2938700
2025-12-24,72.12792417233715,72.12792417233715,70.79384216034185,71.81631469726562,1125600
2025-12-26,72.96537456427721,74.49420968148108,72.74140177605688,73.72492218017578,3002700
2025-12-29,72.18634708370725,72.18634708370725,70.11219725611525,71.0665054321289,3738400
2025-12-30,72.8125642025201,72.93216053405536,71.89568180475095,72.25446319580078,3768800
2025-12-31,72.32422450251654,72.32422450251654,71.20801490588055,71.54686737060547,2495000
2026-01-02,73.29093873693179,73.81914253867929,72.07506936499308,72.81256103515625,2286100
2026-01-05,74.79583160908004,76.6694618858864,74.68620353720539,76.39041137695312,5575100
2026-01-06,77.39698792310776,78.42349834446834,77.11792982872275,77.80559539794922,6775100
2026-01-07,76.24091843232532,76.24091843232532,74.82572935294478,75.64295196533203,3927400
2026-01-08,74.49684293708474,75.38382815106121,73.27100525288984,75.36389923095703,3123100
2026-01-09,76.7292567925204,77.80560099476364,76.22098947775788,77.27739715576172,2987700
2026-01-12,79.0015268754422,79.89848029723701,78.55305396632254,79.79882049560547,5973500
2026-01-13,81.00472856486567,81.00472856486567,79.17096372542596,79.5696029663086,3531100
2026-01-14,81.31367585849299,82.34019394903993,80.79544028575562,82.11096954345703,5410300
2026-01-15,81.5927311943541,82.60927338471498,81.02466193430271,81.76215362548828,3951300
2026-01-16,80.78547109894507,80.78547109894507,79.03143717779277,80.49645233154297,4701800
2026-01-20,81.2738169140641,82.32025630737225,80.62601675426993,81.97144317626953,5245000
2026-01-21,84.29355022830467,85.29016347497588,82.85842471996031,83.68561553955078,5752700
2026-01-22,83.21721074617294,83.34676773819817,81.3336122130171,81.9515151977539,3961800
2026-01-23,84.20385538272892,85.85823710640271,83.54609456018159,85.71871185302734,5750400
2026-01-26,90.49248949119182,92.4358823592083,87.41295048084726,87.78170013427734,16169300
2026-01-27,88.39959350012126,90.13370605452681,87.45281394047856,90.11376953125,8367300
2026-01-28,91.83791761529083,92.50564670506968,90.02408170356617,91.66849517822266,9110600
2026-01-29,99.40220715185518,99.65136047369408,90.97085965325324,93.91087341308594,18336200
2026-01-30,87.45281146030267,88.1903031259581,82.15082934884592,84.52276611328125,15178200
2026-02-02,84.47294095933772,85.4994513873565,83.34676312375716,84.91144561767578,6741900
2026-02-03,88.81817632449503,90.56224952666767,87.75180044216599,90.45262145996094,8428500
2026-02-04,91.38943101800582,91.43926472140157,84.2038504738515,86.3166732788086,8498900
2026-02-05,83.83511063912239,84.61246776971748,80.82533431903458,81.03462219238281,9581200
2026-02-06,83.51619443110823,84.70215904295434,83.37666918265575,84.3932113647461,5515900
2026-02-09,86.1970788807273,88.91783643089981,85.65890680694957,88.72847747802734,4473400
2026-02-10,88.28000360789892,88.47932321669802,86.85484635467388,87.93119049072266,2321700
2026-02-11,90.6519402985695,91.03065059625185,88.00095300768176,89.81478881835938,5597500
2026-02-12,91.25987973796606,91.25987973796606,85.80840376077317,86.85485076904297,4338000
2026-02-13,86.41633609424802,87.94115318721907,84.64236568272469,87.64217376708984,3538300
2026-02-17,84.11416382973788,84.7320592079122,81.50303425300687,84.49287414550781,4051400
2026-02-18,86.04758494229762,87.30331977485965,85.57918309858901,86.36650848388672,3317000
2026-02-19,84.16398866263013,85.82833862304688,83.52615677013789,85.82833862304688,5685700
2026-02-20,85.56921256690056,89.03742235055847,85.44961624197751,88.78826904296875,4001000
2026-02-23,89.12712362597982,90.85126790128581,88.7185085420569,90.54231262207031,4701900
2026-02-24,89.60549875425353,93.67167493558418,89.42610806952163,93.05377960205078,5832600
2026-02-25,95.64497406825141,96.91066954025115,94.42910469622713,94.73805236816406,5975500
2026-02-26,92.65513595757741,94.26964457178397,91.2100421690864,94.13011932373047,6070700
2026-02-27,95.01710363138267,96.3824665215376,94.26964369367742,95.37588500976562,5134700
2026-03-02,93.47235607884325,93.95072617291397,92.45580632272073,93.28299713134766,3727200
2026-03-03,85.55924509627651,87.59233701742369,83.11754570075502,86.72528076171875,8541200
2026-03-04,88.2301693414119,88.30990022584548,86.64555793196138,87.8614273071289,2533300
2026-03-05,84.85165652951906,85.35993144616195,80.87517155515752,82.02127838134766,6996700
2026-03-06,80.1974729066951,81.02466376476346,78.84207821988979,79.67922973632812,8377100
2026-03-09,77.19766143880175,81.97143981911358,75.92199769526772,81.96147155761719,7219900
2026-03-10,82.75876523338667,84.57260104514216,82.42988103587054,82.77869415283203,5096700
2026-03-11,81.68242255929546,82.99795176933908,80.82533454025354,82.01130676269531,3317200
2026-03-12,80.87516854886674,80.90506573045978,78.70255131162064,79.46994018554688,2832400
2026-03-13,79.47990779608473,79.72906111205992,75.8622043854051,76.13128662109375,4238600
2026-03-16,77.56640965661171,78.59292006880693,76.64952730819999,78.39360046386719,4793600
2026-03-17,77.7258643326146,78.65271494845446,77.06810354912972,77.6461410522461,2205900
2026-03-18,76.29074759212752,76.5797587444956,74.48687243298623,74.67623138427734,6505900
2026-03-19,69.3842176922642,72.79263320648072,68.3178418113758,72.1348648071289,7091900
2026-03-20,70.96882997345554,72.06510304865043,68.25804066519163,68.8460464477539,5274500
2026-03-23,71.42727308727108,73.95867177110559,71.30768435804735,73.30091094970703,8727900
2026-03-24,70.9190046839601,73.04178823396158,70.61004939661377,72.75276947021484,4286000
2026-03-25,75.3638982896174,76.11135824286063,74.36728501862643,75.38382720947266,4079300
2026-03-26,71.89567648784035,73.04178320207157,70.52035299289611,70.64990997314453,4774000
2026-03-27,70.44062676468492,72.62321227575983,70.2811649905626,71.36747741699219,4436400
2026-03-30,73.22118063792982,73.22118063792982,69.92239303588735,70.51039123535156,3301200
2026-03-31,72.4936484559196,76.15122500237906,72.45378301196419,76.09142303466797,5228000
2026-04-01,77.69597124179697,79.26065380428032,77.0681076058452,77.88533020019531,6566800
2026-04-02,73.74937885849727,77.16776253405361,73.60985361488726,76.59969329833984,3108000
2026-04-06,76.6794307058916,77.22756346569727,75.76254067958126,76.46017456054688,1368500
2026-04-07,76.32064836485732,76.63956431682374,74.6164405337034,76.4801025390625,1657000
2026-04-08,83.29693555412524,83.93476741277946,80.7456005159528,81.75218200683594,5526900
2026-04-09,81.44323710144027,82.3501512172833,80.2971303278216,81.28377532958984,4756000
2026-04-10,82.89829197923196,83.75537999843945,82.46974796962822,83.23713684082031,4014200
2026-04-13,82.12093688606858,84.79186081617146,81.96147510943867,84.58257293701172,2217200
2026-04-14,85.70873932443092,86.197077686935,85.26026640427187,86.13728332519531,2907700
2026-04-15,86.0376283626311,86.46617238751057,85.15064313031995,85.7884750366211,1902700
2026-04-16,86.20704854820701,86.6953869254382,85.27022963373601,85.91802978515625,1573700
2026-04-17,87.34318729024834,88.70855022174332,86.51599644262242,86.89471435546875,2650400
2026-04-20,85.6589063532151,86.43627108025797,85.14067080540893,85.95789337158203,1956600
2026-04-21,85.34995967054289,85.6090812492407,81.04459065655651,81.19408416748047,6985700
2026-04-22,84.07429284715943,84.87158647406173,83.73544039448151,84.61246490478516,2810500
2026-04-23,83.45638880096254,84.9114431877685,81.01468945668617,82.18072509765625,2910500
2026-04-24,82.3302189801289,82.83849385297677,81.58275906269901,82.09103393554688,2513100
2026-04-27,81.63259717609529,81.86181397183454,80.69577826249342,81.42330169677734,2401700
2026-04-28,79.98818257905329,80.14763674720788,78.10458412117018,78.42350006103516,5734700
2026-04-29,78.73244657780005,78.75237549719196,77.30728932927485,77.46675109863281,3027100
2026-04-30,78.60289372386123,79.55964157962414,77.94512529602393,79.34038543701172,3377900
2026-05-01,79.4300724939238,80.1675717689375,78.68261256103158,78.78227996826172,1542600
2026-05-04,77.77570326312626,78.34377254304216,76.2708150430291,76.39041137695312,5167800
2026-05-05,78.44342839266237,78.9018695775593,77.73583389400262,77.94512176513672,2344800
2026-05-06,82.38005790906264,83.845073053182,82.20066721335635,83.28697204589844,5764400
2026-05-07,84.85165344739302,85.39979378891664,82.17076131012345,82.3302230834961,4670400
2026-05-08,84.72209284841452,85.9578911251604,84.53273390149378,85.67884063720703,3708600
2026-05-11,86.46616700754369,88.52915611440417,86.46616700754369,87.29335021972656,6562000
2026-05-12,86.5757996812356,90.69180985265274,85.79843492408294,90.46258544921875,10519400
2026-05-13,90.29316340203857,92.4558124368139,90.02408115677385,91.5987319946289,6202700
2026-05-14,90.14366931542294,90.48252178891084,88.02088573849547,89.0772933959961,4763700
2026-05-15,84.83172702447614,84.83172702447614,82.47971902289063,82.76873779296875,7719800
2026-05-18,83.55605026890795,83.66567833343103,80.45659009234117,81.57279205322266,4496700
2026-05-19,79.79882252175196,79.92837950680695,78.07467825588277,79.1011962890625,5198700
2026-05-20,80.36689242706343,82.21062543159279,79.16099129865715,82.03123474121094,5544800
2026-05-21,80.31706000923957,83.59591858934134,80.1775347593251,82.73883056640625,2703300
2026-05-22,83.11754457919308,83.53612030931053,81.75218172212749,83.06771087646484,1968400
2026-05-26,86.16718368587404,87.24352785824267,85.90806210284694,87.21363067626953,3500300
2026-05-27,85.3997921776856,86.15721277624786,84.76196030334069,85.79843139648438,1951000
2026-05-28,85.20046633255131,88.44942772209957,84.21382132413987,88.1404800415039,3483100
2026-05-29,87.49267858063303,89.017495644419,86.59572513030136,87.84149169921875,2380100
2026-06-01,87.16379661499201,90.06394491144923,86.3166768471335,89.75498962402344,4065400
2026-06-02,91.11038472134604,93.57202075271604,90.89112858200127,93.34280395507812,4070100
2026-06-03,91.49905776494077,91.68841671085093,89.53572849488954,89.94434356689453,4311000
2026-06-04,89.39620843402572,90.44265542248512,88.89790179257952,89.9144515991211,1796100
2026-06-05,86.52595999575807,86.7651450410539,80.23733297148543,80.36688995361328,6743300
2026-06-08,82.11096729804696,82.71890200540732,80.64594456403285,81.01469421386719,3280100
2026-06-09,82.51957852187701,82.91821773120868,77.4169160447428,79.86858367919922,4314300
2026-06-10,78.96166865085938,79.97821078821056,77.15779355487581,77.18769073486328,3984500
2026-06-11,78.76234682307307,82.99795329110393,78.76234682307307,82.87836456298828,3190100
2026-06-12,83.71551135667796,86.27680705475791,83.71551135667796,85.67884063720703,4247500
2026-06-15,90.0240796518156,91.36950606275944,89.18692054049227,89.5058364868164,3534200
2026-06-16,89.06733275001281,90.34299654873196,88.52916065926142,89.48590850830078,3671600
2026-06-17,89.02746711862777,90.49248987311063,86.29674122645925,86.46617126464844,3416700
2026-06-18,87.00434183543717,87.52257739219662,85.05097312785591,85.19050598144531,4625200
2026-06-22,84.55266720999624,84.93138512349843,83.69558678259743,84.60250091552734,2181100
2026-06-23,79.66926423357306,80.5662100599154,78.74241362327116,79.21082305908203,4007200
2026-06-24,76.71929010095516,76.81894990364674,74.62639622665422,75.44361877441406,5555900
2026-06-25,76.62959289503898,77.1677649674578,74.86559077174043,76.22098541259766,5494500
2026-06-26,75.45358763006153,76.80898224729836,75.31406238448324,75.9219970703125,2484900
2026-06-29,76.02999877929688,76.05000305175781,74.04000091552734,75.73999786376953,1940400
2026-06-30,76.75,77.55000305175781,76.25,76.97000122070312,2591100
2026-07-01,75.87999725341797,77.22000122070312,75.2300033569336,75.29000091552734,4564100
2026-07-02,76.6500015258789,78.61000061035156,75.43000030517578,76.6500015258789,2635300
2026-07-06,78.33999633789062,78.62999725341797,77.4000015258789,78.4800033569336,2335800
2026-07-07,76.66000366210938,77.0,74.12999725341797,74.62999725341797,2167400
2026-07-08,72.73999786376953,73.5,71.05000305175781,73.04000091552734,2735900
2026-07-09,74.13999938964844,75.87000274658203,74.12999725341797,75.4000015258789,3997800
2026-07-10,75.66999816894531,76.80999755859375,75.23999786376953,76.54000091552734,1244400
2026-07-13,75.7300033569336,76.11000061035156,74.06999969482422,74.3499984741211,1740700
2026-07-14,77.98999786376953,79.18000030517578,77.41999816894531,78.72000122070312,5014900
2026-07-15,78.38999938964844,79.02999877929688,76.05999755859375,77.26000213623047,1485700
2026-07-16,75.77999877929688,76.12000274658203,74.22000122070312,74.68000030517578,3430300
2026-07-17,72.20999908447266,74.0999984741211,71.76000213623047,73.3499984741211,2234500
2026-07-20,73.58000183105469,74.38999938964844,73.44999694824219,73.86000061035156,1550800
2026-07-21,76.12000274658203,78.4800033569336,76.0199966430664,78.23999786376953,3561100
2026-07-22,79.25,80.44000244140625,79.19000244140625,79.98999786376953,2974800
2026-07-23,78.4800033569336,79.51000213623047,77.58000183105469,78.37000274658203,2421900
2026-07-24,78.19000244140625,78.8499984741211,77.37999725341797,77.72000122070312,2120900
2026-07-27,78.70999908447266,78.80000305175781,76.33000183105469,77.9000015258789,2225900
2026-07-28,76.29000091552734,76.95999908447266,75.0199966430664,76.5199966430664,2440000
2026-07-29,76.33000183105469,78.5,74.8499984741211,76.13999938964844,2943400
2026-07-30,78.83000183105469,79.6500015258789,77.9000015258789,79.5,3078500
2026-07-31,79.26000213623047,79.44999694824219,77.23999786376953,78.86000061035156,1574900
2026-08-03,78.33000183105469,79.55000305175781,77.63999938964844,79.36000061035156,1996600
2026-08-04,82.69000244140625,84.18000030517578,82.33000183105469,83.98999786376953,3942600
2026-08-05,86.16999816894531,87.4000015258789,86.01000213623047,86.72000122070312,3738800
2026-08-06,86.66999816894531,87.44000244140625,85.44999694824219,86.08999633789062,3171800
2026-08-07,87.94999694824219,88.55999755859375,87.12000274658203,88.02999877929688,4404400
2026-08-10,88.93000030517578,89.81999969482422,88.16999816894531,89.51000213623047,2145500
2026-08-11,89.26000213623047,89.4800033569336,87.62999725341797,88.58999633789062,1690500
2026-08-12,89.91999816894531,90.25,88.23999786376953,88.30000305175781,2021900
2026-08-13,86.76000213623047,87.12999725341797,85.0,85.5199966430664,4882800
2026-08-14,85.47000122070312,86.58000183105469,85.47000122070312,85.69999694824219,1626500
2026-08-17,86.3499984741211,87.58000183105469,86.22000122070312,87.33999633789062,2302900
2026-08-18,86.41999816894531,87.05999755859375,84.93000030517578,85.56999969482422,3183900
2026-08-19,88.11000061035156,89.06999969482422,87.29000091552734,88.27999877929688,3437400
2026-08-20,87.23999786376953,89.95999908447266,87.19999694824219,89.93000030517578,2541800
2026-08-21,93.08999633789062,94.8499984741211,92.83000183105469,94.58999633789062,5556400
2026-08-24,95.58000183105469,96.08999633789062,93.56999969482422,94.52999877929688,4030200
2026-08-25,93.93000030517578,96.33999633789062,93.62999725341797,96.31999969482422,3035100
2026-08-26,96.37999725341797,97.1500015258789,95.30999755859375,95.54000091552734,3252000
2026-08-27,95.06999969482422,96.5,94.75,96.44999694824219,2142700
2026-08-28,97.11000061035156,97.58999633789062,93.83000183105469,94.41999816894531,2591200
2026-08-31,94.4000015258789,94.6500015258789,92.27999877929688,92.86000061035156,2752600
2026-09-01,91.19999694824219,92.44000244140625,89.1500015258789,89.23999786376953,5080700
2026-09-02,90.23999786376953,91.30000305175781,89.05000305175781,89.9000015258789,3660400
2026-09-03,92.0,92.37999725341797,90.0999984741211,91.25,3371000
2026-09-04,90.05000305175781,91.18000030517578,89.76000213623047,90.66000366210938,1357900
2026-09-08,93.86000061035156,95.80999755859375,93.5199966430664,94.37999725341797,4478900
2026-09-09,95.66999816894531,96.5,94.19999694824219,95.2699966430664,2935900
2026-09-10,89.66000366210938,89.69999694824219,88.19999694824219,88.61000061035156,5834700
2026-09-11,89.66999816894531,90.05000305175781,87.98999786376953,88.52999877929688,3050900
2026-09-14,84.95999908447266,86.37000274658203,84.25,85.62000274658203,3769400
2026-09-15,85.51000213623047,85.55999755859375,83.66000366210938,84.58999633789062,2577900
2026-09-16,86.12999725341797,86.12999725341797,83.0999984741211,84.19000244140625,2304200
2026-09-17,86.6500015258789,87.23999786376953,86.0999984741211,86.61000061035156,2029800
2026-09-18,86.9000015258789,87.41999816894531,85.91999816894531,87.27999877929688,2064100
2026-09-21,87.94000244140625,88.38999938964844,86.54000091552734,87.48999786376953,2136100
2026-09-22,88.47000122070312,90.38999938964844,88.16999816894531,89.9800033569336,2134700
2026-09-23,87.33999633789062,87.7699966430664,86.16999816894531,87.02999877929688,2317000
2026-09-24,86.0,86.62000274658203,85.19999694824219,86.25,1302200
2026-09-25,86.11000061035156,87.05000305175781,85.44000244140625,86.7300033569336,938200
2026-09-28,83.87000274658203,85.7300033569336,83.44999694824219,85.26000213623047,1776400
2026-09-29,85.52999877929688,86.04000091552734,84.63999938964844,85.4800033569336,1682800
2026-09-30,86.44000244140625,86.8499984741211,84.55000305175781,84.69999694824219,2484700
