date,open,high,low,close,volume
2017-01-03,114.92925309558333,116.72207968958935,114.41418952212327,115.75138092041016,20663900
2017-01-04,116.43482621035429,118.5248096045857,116.17729067007032,117.56401062011719,19630900
2017-01-05,117.73239635334396,119.80256525765193,117.19751833305479,119.52522277832031,19492200
2017-01-06,119.83228759949638,122.70476977008299,118.89129554618714,122.2392349243164,28545300
2017-01-09,122.37790426191401,124.2400662870745,121.87274043302412,123.71509552001953,22880400
2017-01-10,123.63586103060373,124.30941032908981,123.1009829797163,123.17031860351562,17324600
2017-01-11,123.17030807175566,124.92352057036867,122.88305835285817,124.893798828125,18356500
2017-01-12,124.4183495022728,125.52772688059171,123.61603631979202,125.41876983642578,18653900
2017-01-13,126.28052470997191,128.04364453931612,126.16166796344295,127.1224594116211,24884300
2017-01-17,126.8252916148747,127.1224485698857,126.19137138774744,126.65691375732422,15294500
2017-01-18,127.191808343016,127.21160772564517,125.63669530677141,126.70645141601562,13145900
2017-01-19,127.01349989356672,127.13237175182299,126.240900828043,126.33995819091797,12195500
2017-01-20,126.88474987506089,127.2611346221496,125.57726516634511,125.83480072021484,19097200
2017-01-23,126.1022443418211,128.02384253977368,125.74565895339657,127.70687103271484,16593600
2017-01-24,128.152584481309,128.66764039017448,127.16207142175713,128.14266967773438,15162700
2017-01-25,128.76672585811252,130.4902243991115,128.53891203660052,130.23268127441406,18731300
2017-01-26,130.38124071797256,131.87691001809807,130.1930408157387,131.52032470703125,20020100
2017-01-27,131.42129729907418,131.68874012182005,129.8364850885819,130.92604064941406,19539500
2017-01-30,130.3317101212662,130.3317101212662,128.3704984963089,129.73739624023438,18956100
2017-01-31,128.93507791910505,129.4204347396521,128.29125050211925,129.0836639404297,19790500
2017-02-01,130.99535063892102,132.22359225987537,129.440237898341,131.96604919433594,50139800
2017-02-02,131.956165806725,134.20463493609086,129.16291141068046,129.59873962402344,54366400
2017-02-03,129.9949393085621,131.58966593816666,129.5194821581247,129.73739624023438,24804900
2017-02-06,129.7374034469653,130.80715942382812,129.06386178414277,130.80715942382812,17058500
2017-02-07,130.98544767627803,131.73823213313108,130.41094830893124,130.5892333984375,14596400
2017-02-08,131.34205261766644,133.16459322629117,131.18356688282128,132.92686462402344,22390600
2017-02-09,133.21410198570945,133.22400167489496,132.04528875856013,132.86741638183594,16470600
2017-02-10,132.82781911402196,133.65984653048346,132.41179029176004,132.91696166992188,15061900
2017-02-13,133.42211729203137,133.42211729203137,132.43160414938225,132.77828979492188,13526200
2017-02-14,132.82781321237496,132.95656963827702,131.29251487928937,132.58018493652344,14364900
2017-02-15,132.18395669577566,132.43158494552947,131.40145807672636,132.17405700683594,13226500
2017-02-16,131.80758253572353,132.5999809068485,131.7580538590207,132.5702667236328,12831100
2017-02-17,132.23351518256953,132.81791435638317,131.90664400551302,132.2632293701172,12276500
2017-02-21,132.233517153129,132.63963120770865,131.6392031652547,132.45143127441406,14759100
2017-02-22,132.3325765440908,135.49230112293012,132.19390529333936,134.8286590576172,27360100
2017-02-23,134.6008221649879,134.8286359420152,133.05562417466334,134.0758514404297,18422500
2017-02-24,132.88724994775075,134.33339070592473,132.88724994775075,134.1551055908203,12625700
2017-02-27,133.97679141246869,135.8785746790657,133.73907795041274,135.1158905029297,14306700
2017-02-28,135.49230727088732,135.51212176876027,133.47166679481768,134.25416564941406,16112100
2017-03-01,135.1753332621181,136.17574612086545,135.0069478372219,136.11631774902344,16257000
2017-03-02,135.78947192816452,136.51255755792067,135.01687272198842,135.4626007080078,12294800
2017-03-03,135.33382762540373,136.02718386448876,134.78904232539674,135.8686981201172,11160600
2017-03-06,135.58144728841384,136.52243177531918,135.21494713866895,136.11631774902344,12748200
2017-03-07,135.73002424182576,137.0573083186416,135.69041036351683,135.99746704101562,13527100
2017-03-08,135.84886767694059,136.68091018020576,135.74982543385877,136.41346740722656,10184500
2017-03-09,136.41350242445037,137.2554448339404,136.09653089154864,136.92857360839844,15535300
2017-03-10,137.59219950453718,138.16669900455585,136.90874294220407,137.47332763671875,16314100
2017-03-13,137.39404838842336,138.3548319781915,137.35441940932392,138.27560424804688,10955500
2017-03-14,138.13696224372617,138.13696224372617,137.20587752046242,137.998291015625,12944000
2017-03-15,137.96855700001052,138.77088527162044,137.17615864597522,138.3944854736328,19344800
2017-03-16,138.86995610796893,138.9194847938036,138.40441366638223,138.66195678710938,13612900
2017-03-17,139.0086080017419,139.0086080017419,138.3746802078235,138.5133514404297,20592800
2017-03-20,138.38459770830974,138.86003978450432,137.92895501285122,138.61241149902344,12099500
2017-03-21,139.81093824443678,140.9599372340183,137.0870268253958,137.19598388671875,29894800
2017-03-22,136.62146122038135,138.4638161449869,136.29460520588125,138.26571655273438,17055400
2017-03-23,138.1567854010615,139.05815609586577,137.7704858338644,138.20631408691406,13022800
2017-03-24,138.75109322050858,139.68217806252883,138.43412173640286,139.0086212158203,16664700
2017-03-27,137.73085934944007,139.31567135345995,137.4535168708858,138.9888153076172,12800500
2017-03-28,139.02841833071955,140.60333052113933,138.68173270257566,140.41513061523438,14679400
2017-03-29,140.64299509203087,141.50473686443038,140.08829492385294,141.29672241210938,16527600
2017-03-30,141.04907567339183,141.59386096407363,140.50430549674223,141.05899047851562,12404000
2017-03-31,140.95992054984674,141.27689200491736,140.54390685058968,140.702392578125,11478300
2017-04-03,140.58352065926172,141.11840621093384,139.4840655993342,140.93020629882812,13564000
2017-04-04,140.51419329638375,140.7420070844686,139.92979417675994,140.3854217529297,12948600
2017-04-05,140.91040190244345,142.07921533368807,139.94960289265177,140.50430297851562,17158100
2017-04-06,140.76180363636595,140.87076067139296,139.57319105409002,139.83071899414062,15103400
2017-04-07,139.8604564663982,140.20714212122624,138.9095722878363,139.44444274902344,11818300
2017-04-10,139.66235145696885,140.0882648485212,139.29586643502554,139.70196533203125,9039400
2017-04-11,139.4642620462068,139.69207585103482,137.4931353306058,138.5926055908203,16638100
2017-04-12,138.39450009543208,139.06804179032977,138.11715761941167,138.25582885742188,11612500
2017-04-13,138.2954560289682,139.24635540533404,138.00821383477236,138.06764221191406,10965600
2017-04-17,138.43409858953768,140.20712541497667,138.42419890007673,140.07835388183594,11519700
2017-04-18,139.9298136529537,140.5637415401419,139.27607126846908,139.6227569580078,14807500
2017-04-19,140.00907858433146,141.68303357577506,139.92983569669533,140.92034912109375,15563900
2017-04-20,141.59384881011073,142.88151890100218,141.3363208375448,142.435791015625,15968200
2017-04-21,142.53483915540878,142.80228194330894,140.92031296541953,142.31692504882812,12382000
2017-04-24,143.5848094963839,144.28806545043943,142.97068099474762,144.0899658203125,14407200
2017-04-25,144.4069094464886,145.75400797197355,144.4069094464886,145.10028076171875,17767500
2017-04-26,145.6946028164302,146.18985948392563,144.7040894814394,145.1696319580078,12395000
2017-04-27,145.278570213639,146.3483262905635,144.75359942320827,146.29879760742188,11275100
2017-04-28,148.0817153600607,150.09245583776712,147.65580196192056,148.82460021972656,30652200
2017-05-01,150.30044030751174,151.12256786878416,149.9834689091294,151.01361083984375,25218300
2017-05-02,151.8852665514777,151.9843239014973,150.22121189216173,151.33058166503906,21870400
2017-05-03,152.14282042767405,152.14282042767405,149.904251116,150.35989379882812,29782500
2017-05-04,148.74537318330678,150.08257211861783,147.30913199125263,149.41893005371094,36225500
2017-05-05,150.0132250640894,150.19152530407717,148.36896948146082,148.81471252441406,17148500
2017-05-08,149.28025205344616,149.6467371034877,148.31945303368613,149.62692260742188,15827500
2017-05-09,150.05285725182128,151.14241275526678,148.78500150459178,149.05242919921875,17453900
2017-05-10,148.80479891912418,149.09205622085634,147.4478006249686,148.86422729492188,12080700
2017-05-11,148.88400462801312,149.220775416159,147.9925489855025,148.61656188964844,11841900
2017-05-12,148.97315190452386,149.0325953814055,148.21046776254508,148.90382385253906,9598200
2017-05-15,148.7453679988461,150.04293789500736,148.34916875761732,148.7651824951172,15064700
2017-05-16,148.68594100257752,148.7849983708192,147.61618490450311,148.35906982421875,14550800
2017-05-17,146.59594033007863,147.25958230032165,143.04990158138358,143.475830078125,28300100
2017-05-18,143.34705954903322,146.7445122867383,143.13904514422052,146.25917053222656,23031600
2017-05-19,147.04169508690077,147.97277999907084,146.55635324709158,146.6553955078125,16187900
2017-05-22,146.67520870541915,147.18036503850809,146.2889091297551,146.8336944580078,12586700
2017-05-23,147.11099577389942,147.39823789525354,145.85304002528463,146.66526794433594,12817800
2017-05-24,147.1010782289632,148.8047617753855,147.01193568751788,148.61656188964844,17862400
2017-05-25,148.87411627141267,151.1423845336767,148.52743065403084,150.51837158203125,19891400
2017-05-26,150.7857945540688,150.80560904662713,149.71603866635994,150.68675231933594,14996200
2017-05-30,150.5282884366413,151.44945843479545,150.20141727515806,150.9344024658203,13226000
2017-05-31,151.25134360607066,151.89518617356381,149.65661694995416,150.0231170654297,18023900
2017-06-01,150.3103823810478,150.8452528741076,148.87414122294805,150.09246826171875,14530600
2017-06-02,150.40942752086053,152.1725397146089,149.86464226683015,152.15272521972656,16854400
2017-06-05,152.18243081779664,153.24228708074472,151.95461703861383,152.1725311279297,12520400
2017-06-06,151.95463501591854,153.05410528243988,151.03344987227692,151.36032104492188,13457100
2017-06-07,151.81594442927226,152.29138647707714,150.89475940299326,151.6673583984375,12066700
2017-06-08,152.61829659106763,153.2621242137127,151.64759775393023,153.24232482910156,17799400
2017-06-09,153.30175353472737,154.1139666124865,145.2191610703053,148.18080139160156,35577700
2017-06-12,146.76434125762947,147.78456865999001,143.18858794680213,147.0317840576172,33170200
2017-06-13,148.7255176119938,149.7457447702863,147.487376389403,149.25048828125,20483400
2017-06-14,149.8250130563587,150.95419743848956,147.63598746706742,148.82460021972656,20808800
2017-06-15,146.26906280423094,148.61657393675642,144.98139279420147,148.3788604736328,18994200
2017-06-16,148.17084995318598,149.399091629546,147.19025166410412,149.2108917236328,22882400
2017-06-19,150.2707701576018,152.11312538693284,150.2707701576018,151.4197540283203,19026500
2017-06-20,151.42964637070307,152.3805304753498,150.7660044126185,150.8056182861328,14743900
2017-06-21,150.91457654982588,152.6182602912787,150.4391344936622,152.4498748779297,15039800
2017-06-22,151.5584178674162,153.0838166449466,151.45937561676567,151.94471740722656,13005500
2017-06-23,151.27116507278504,153.72763338133495,151.201821899569,153.598876953125,18027000
2017-06-26,154.76768806043194,155.01531636132862,151.74661976668588,152.13291931152344,18049700
2017-06-27,151.3900128200629,151.85555516848322,148.96325884014576,149.15145874023438,19360800
2017-06-28,149.48825690303843,152.0140686969001,148.43831528311955,151.7862548828125,16719100
2017-06-29,150.8353124350786,151.0532264955387,147.50718828281248,149.60707092285156,23973500
2017-06-30,150.45893872490697,150.47875321947822,148.63639818915553,149.54766845703125,17666000
2017-07-03,150.28064711349998,150.7065604871525,146.39783761723663,147.0218505859375,13862700
2017-07-05,147.5864732059758,149.41892875112615,146.7247315210622,148.91375732421875,14334300
2017-07-06,147.6162024634037,148.61661549990123,146.59597492809442,147.408203125,14951800
2017-07-07,147.83408497948366,150.5480964027377,147.77465660979715,150.00331115722656,13615900
2017-07-10,150.2509509771395,152.5192195738496,150.07265074035845,152.0437774658203,13378700
2017-07-11,151.91501282064127,153.94556801269292,151.4593851879861,153.7969970703125,13667700
2017-07-12,155.0054221884616,157.65009072250334,154.7181648853373,157.39254760742188,22739400
2017-07-13,157.23405904686712,158.2641860476325,156.9170875918434,157.74911499023438,13929200
2017-07-14,158.6108630382055,158.7990629401094,157.81844955788767,158.45237731933594,16371200
2017-07-17,158.72973171259443,159.25470247107054,157.30339036351555,158.21466064453125,12858800
2017-07-18,158.1453029543817,162.1766828456879,157.90757440273094,161.31494140625,23722900
2017-07-19,162.0380394622111,164.12802277304417,161.6220257609023,162.58282470703125,26273600
2017-07-20,163.2365589750693,163.43465856871018,161.26543250037156,162.9691162109375,18523100
2017-07-21,162.60264374041788,163.48419984699584,162.19652971803117,162.8700714111328,14744000
2017-07-24,163.0780573744251,164.59354103354775,162.75118627543392,164.42515563964844,17367000
2017-07-25,163.44459331132407,163.9695641483729,162.30550906807474,163.7120361328125,15383200
2017-07-26,164.4350938949455,164.4350938949455,162.54322513504806,164.0388946533203,35236900
2017-07-27,173.04267082478947,173.82518479717487,165.91097807368266,168.82308959960938,68910700
2017-07-28,167.46605612108485,171.7846787031002,167.4462416272688,170.81398010253906,24557600
2017-07-31,170.36825926652511,171.08142993304233,166.9509919726481,167.64434814453125,25478900
2017-08-01,168.20893654247342,168.85276399136757,167.44623724782238,168.24855041503906,14385000
2017-08-02,168.68439131707103,168.93201960288175,165.32655236603887,167.69387817382812,17433800
2017-08-03,167.69385621694227,168.0900553767509,166.65381452990817,166.99058532714844,10793800
2017-08-04,167.366991045412,168.4466466411114,167.0896486009026,168.0108184814453,10777700
2017-08-07,168.33775442933884,170.42773837149383,168.0505121847741,170.34849548339844,12787800
2017-08-08,170.24940291053002,171.40830146772498,169.0013466842962,169.60556030273438,14393500
2017-08-09,168.36743269252366,169.8234883332202,167.95141895432926,169.55604553222656,10815000
2017-08-10,168.44667366681978,168.9716444577271,165.26713473427026,165.81190490722656,20832700
2017-08-11,166.35670207014098,167.21845889981728,165.26714653241476,166.4854736328125,13791200
2017-08-14,168.4763694214737,169.45698283076706,167.68395591927978,169.13011169433594,12954200
2017-08-15,169.86310346065667,169.87300315098457,168.39713313445253,169.37774658203125,8729200
2017-08-16,169.62539437237908,169.7541659316048,167.63446817729377,168.3872528076172,15779900
2017-08-17,167.7334775613831,168.24854858330878,165.26710972072104,165.3265380859375,17216000
2017-08-18,165.2572081186095,167.06984897266207,164.63319511995803,165.82180786132812,15093600
2017-08-21,165.57418014658464,166.4062075570022,164.24689616605696,166.18829345703125,11907500
2017-08-22,166.68355638061843,168.2584687062321,165.56427165301582,168.03065490722656,11391000
2017-08-23,167.23823824473413,167.75330931967105,166.60431042713154,167.10948181152344,9856500
2017-08-24,167.27788139239973,167.68398033555448,164.83131247192532,166.14869689941406,14030400
2017-08-25,166.26754060750437,166.78261168562366,164.60347062974654,164.74215698242188,12614500
2017-08-28,165.32654073727198,166.10903941522068,164.75204134091663,165.65341186523438,8553700
2017-08-29,163.6822944705618,166.83211896418632,163.43466618845807,166.4557342529297,11121000
2017-08-30,166.5746307859755,168.56555720866402,166.03976021902625,168.3080291748047,11138300
2017-08-31,168.78340362159494,170.5168013147734,168.44663284000137,170.33851623535156,17226500
2017-09-01,170.76446150276178,171.27953257416357,169.68480579354153,170.38807678222656,11677600
2017-09-05,169.64520338450853,170.7545733541774,167.9415194373557,169.1004180908203,13210900
2017-09-06,169.28861440011377,170.84371226261933,167.96133034135727,170.45741271972656,13906300
2017-09-07,170.30881665242774,171.6658146977623,168.65466166855933,171.5667724609375,18049500
2017-09-08,171.44791404639867,171.844128366822,169.17964562884495,169.32821655273438,10998500
2017-09-11,170.76446713744502,172.24033722491615,170.56636752314805,171.8639373779297,12372000
2017-09-12,172.11156655204925,172.34929515883704,170.12064048005897,171.3191680908203,11186300
2017-09-13,171.36869620046926,171.52718195177596,170.42771161238954,171.4083251953125,9119300
2017-09-14,170.62582051897022,170.64563501746886,168.88252250193793,169.33816528320312,15615700
2017-09-15,169.25890362735308,170.70504446262106,168.64477515429186,170.01168823242188,15660500
2017-09-18,170.35836748390363,170.4376103520873,167.73349848517728,168.3971405029297,12954000
2017-09-19,169.00134726271233,170.92294517429016,168.7438192871313,170.88333129882812,13168600
2017-09-20,170.86352277292534,171.40830804225402,169.08059603422763,170.53665161132812,12264100
2017-09-21,170.06122435911936,170.63572386472308,168.39715421977874,169.48672485351562,11161400
2017-09-22,168.59524784668682,170.10081693414384,167.6146343991463,168.92210388183594,12097100
2017-09-25,167.63446989285967,167.69389827033118,160.02732018181425,161.32489013671875,41251600
2017-09-26,162.93943336102112,163.9299466337325,161.2357493228349,162.65219116210938,23363300
2017-09-27,164.32613634342874,166.742991006576,163.99928028278623,166.08924865722656,19242500
2017-09-28,166.34677375588447,167.4660584042805,165.57417474085923,167.1292724609375,12178700
2017-09-29,167.22833747865513,170.03149151606613,167.20852298366117,169.2489776611328,15340400
2017-10-02,169.7640422794156,170.23948434297864,167.14908825877293,167.8622589111328,13392300
2017-10-03,167.69389860963565,169.11032532234913,167.5948412376274,168.34764099121094,8190300
2017-10-04,168.21883160534153,169.0508589326055,166.69343305799472,166.82220458984375,12127900
2017-10-05,167.57500871557787,169.68480657734727,167.0005243846287,169.615478515625,14580600
2017-10-06,168.63487268616444,170.7347558384828,168.13961608503033,170.59608459472656,13124500
2017-10-09,171.06160972947256,173.22093615159395,170.36825358072917,170.86351013183594,14570400
2017-10-10,171.35875468928324,171.55685427305457,169.17962903973986,169.96212768554688,11341100
2017-10-11,170.31871304650755,171.14084067779814,169.77392785540786,171.10122680664062,11283700
2017-10-12,170.97246852949064,172.2007102269979,170.65549707954145,170.9130401611328,10351000
2017-10-13,171.80450906965623,172.9931218699168,171.55688077318396,172.09176635742188,13658300
2017-10-16,172.83461992537605,173.33977611758255,172.4086914733349,172.8643341064453,11498800
2017-10-17,173.0525728040124,174.4590997748197,172.70588712841925,174.4392852783203,15990100
2017-10-18,174.97415976592686,175.06331744519318,174.0827038855259,174.36004638671875,12752400
2017-10-19,173.270461476635,174.36003200863937,170.99229327813202,172.9039764404297,14048400
2017-10-20,173.83507845527473,174.21147833343485,172.97333674899556,173.32000732421875,12602200
2017-10-23,173.53791231857943,173.67658356417678,169.62538814048133,169.64520263671875,13852700
2017-10-24,170.66542260175078,171.5965074019123,169.87300904114323,170.170166015625,12267900
2017-10-25,170.26922252334685,170.61590820828016,167.28778306624528,168.9815673828125,15868200
2017-10-26,169.75416116310623,170.65551671026833,168.77354763030905,169.0112762451172,11833100
2017-10-27,172.49783469597168,176.51933021352372,172.25020644339978,176.1924591064453,30285300
2017-10-30,177.55937587174606,178.97581748802799,175.92503527468227,178.16358947753906,24353200
2017-10-31,178.8569474480088,179.08476121599443,177.24240635125994,178.35177612304688,20174200
2017-11-01,180.6300127758387,181.1648833277502,178.85700055243075,180.9271697998047,40918300
2017-11-02,178.9163637961795,180.21393337725505,175.65756763937446,177.2225799560547,35529900
2017-11-03,177.58906492090026,178.1536645722847,175.03355474166835,177.2225799560547,17822100
2017-11-06,176.865997355969,178.7380663054696,176.61836910807725,178.46072387695312,13312700
2017-11-07,178.787621570857,179.03524985558118,177.2622379871297,178.5399932861328,12928200
2017-11-08,178.08436593366667,178.6390660350212,177.41082419592757,177.85655212402344,10494100
2017-11-09,176.61841597808413,177.6980717980383,175.40998859856433,177.59902954101562,12610300
2017-11-10,176.6580412307752,177.40092615586002,176.27174167429243,176.76699829101562,11070200
2017-11-13,175.81607974345226,177.34146330626413,175.6179801411954,177.07403564453125,9523400
2017-11-14,176.44011990165387,177.2721473563877,175.49912027709934,176.3806915283203,9585900
2017-11-15,174.98405500185467,176.8759387272934,174.72651191238342,176.26181030273438,10253700
2017-11-16,177.06413322114716,178.12398959407756,176.80660523160918,177.88626098632812,15607600
2017-11-17,177.5990216098869,178.27256333808072,177.20280725739158,177.30186462402344,13018000
2017-11-20,177.17309848473337,177.7971266627141,176.41041417168202,177.04434204101562,10052400
2017-11-21,177.45042259496506,180.16443403364494,177.29195197957733,180.1347198486328,14504000
2017-11-22,179.58002700054226,180.00594037631197,178.72818513497248,179.1540985107422,10376300
2017-11-24,178.68857894754575,181.41249030414878,178.57962188872034,181.04600524902344,9426300
2017-11-27,180.82808247741278,181.98698107634905,180.26349782799684,181.2936248779297,12344500
2017-11-28,181.76906305679282,182.50204823022054,180.36253619483526,180.6894073486328,14379700
2017-11-29,180.16444596746075,180.24368883741906,172.3492973969533,173.4685821533203,41933500
2017-11-30,175.17225894674615,176.58868551529983,173.53790315914793,175.49911499023438,25307600
2017-12-01,174.36004334375133,175.79628451001298,170.70504709263614,173.43887329101562,20182500
2017-12-04,174.61757348138207,174.89493109516295,169.1697506285625,169.8433074951172,24459400
2017-12-05,168.83294280633046,173.71617989963949,167.40660162602092,171.19036865234375,20184900
2017-12-06,170.8635156507025,175.09301096569496,170.26920172456593,174.38973999023438,20255800
2017-12-07,174.13222191282136,178.67867382985173,174.13222191282136,178.43104553222656,20404500
2017-12-08,179.80786183668175,180.55074674432433,177.0443366304256,177.30186462402344,19883800
2017-12-11,177.5989889831683,178.51025915544983,177.10373246905687,177.34144592285156,13168600
2017-12-12,176.9056604976893,177.48014484337835,174.92463413204453,175.28121948242188,16854100
2017-12-13,175.61797688329423,177.4603318667641,175.5684482051411,176.60848999023438,14615700
2017-12-14,176.59857448002737,178.6489438579294,175.9943608826487,176.6976318359375,13591000
2017-12-15,177.32168870813896,178.7777444149715,176.6679463266972,178.47067260742188,28463100
2017-12-18,179.29279908072078,179.5800563889044,178.04475781884219,179.1046142578125,17265400
2017-12-19,178.24285032833433,178.37162188299996,176.5292666953149,177.80702209472656,14920600
2017-12-20,178.10417610881552,178.10417610881552,175.6774217911442,176.202392578125,11860500
2017-12-21,176.25189737070264,176.9848673665153,175.37034134658177,175.76654052734375,11600700
2017-12-22,175.45950778342427,175.84580732717117,174.55813714333746,175.51893615722656,8509500
2017-12-26,174.95434713969757,175.3208321783826,173.0129346642715,174.32041931152344,8897300
2017-12-27,174.87511050526595,176.74717987035547,174.58785321008585,175.93495178222656,9496100
2017-12-28,176.26181562641523,177.24242910603206,175.99437283851398,176.2321014404297,12220800
2017-12-29,176.31133324334516,177.15327543084976,174.78594970703125,174.78594970703125,10261500
2018-01-02,175.99437360151487,179.85738405072726,175.86561716636325,179.6988983154297,18151900
2018-01-03,180.15452025569974,183.02700208514668,179.60973504969294,182.9180450439453,16886600
2018-01-04,183.1458834892984,184.44346846897233,182.35348502547834,182.581298828125,13880900
2018-01-05,183.82935146199546,185.1269214084631,183.1756090859936,185.07740783691406,13574500
2018-01-08,185.42403380057166,187.10790290703792,184.56229231208056,186.49378967285156,17994700
2018-01-09,186.9098352780466,187.0088926423137,185.32502324799526,186.08770751953125,12393100
2018-01-10,185.16652762376015,186.10751207792646,183.8689578369167,186.0579833984375,10529900
2018-01-11,186.6126757411536,186.6126757411536,185.60236318683116,185.98866271972656,9588600
2018-01-12,176.37076518129746,179.7583182659089,175.71702288934677,177.6683349609375,77551300
2018-01-16,179.77812819076473,180.0257564665096,176.3509462042825,176.6976318359375,36183800
2018-01-17,177.55938625737724,177.61882974364633,174.13221913674,175.91514587402344,27992400
2018-01-18,176.44011363895262,179.26306707032057,175.40007180043543,178.09426879882812,23304900
2018-01-19,179.13430106537524,180.63987010270947,178.46074429475263,179.5701141357422,26826500
2018-01-22,179.08479727732941,183.63124943330374,178.69849771729304,183.61143493652344,21059500
2018-01-23,184.2849538521958,187.75174948725555,183.78969733290154,187.55364990234375,25678800
2018-01-24,188.08855342418838,188.85125283017678,184.75052873265253,184.78024291992188,24334500
2018-01-25,186.16694314552277,186.83058514100517,184.82975946412904,185.70140075683594,17377700
2018-01-26,185.96882488853055,188.19747924804688,185.0377402045323,188.19747924804688,17759200
2018-01-29,186.95939392298487,187.04853649669252,183.8689971221793,184.21566772460938,20453200
2018-01-30,185.84007469644357,186.39475964915283,180.11490982678794,185.34481811523438,20858600
2018-01-31,186.58299040282247,188.02914650911777,183.46287947118998,185.11703491210938,43275100
2018-02-01,186.4343994261462,193.4670493318211,186.1075282499524,191.25819396972656,54211300
2018-02-02,190.2181513345879,192.36757831347683,188.17769652804336,188.474853515625,26677500
2018-02-05,185.15659719486212,188.80169307841538,178.89656257771477,179.54039001464844,33128200
2018-02-06,176.87593783502504,184.00762938677275,176.05381011899692,183.55198669433594,37758500
2018-02-07,182.403011473625,183.324196668208,178.242858788689,178.47067260742188,27601900
2018-02-08,179.29278739220896,180.1149151550205,169.85319788423868,169.95225524902344,38478300
2018-02-09,173.10208637421223,175.2217840786728,165.5939942883854,174.4392852783203,39887600
2018-02-12,175.38026246242566,175.86561936508068,170.20978241744464,174.73643493652344,32092100
2018-02-13,173.9539235523314,174.3006092183524,171.45784116749542,171.50735473632812,21809400
2018-02-14,171.80450296923473,178.1041672123626,171.5667894860424,177.81692504882812,28929700
2018-02-15,178.78764762237705,178.78764762237705,175.16236537840018,178.25277709960938,20922100
2018-02-16,177.29195522108674,178.17351132530382,174.62747241338818,175.6774139404297,20645300
2018-02-20,174.10251172153176,176.26182327163974,173.4487693734316,174.34022521972656,21204900
2018-02-21,175.0335857268245,179.55032328135707,174.72651395394152,176.22219848632812,23200800
2018-02-22,177.0046891463297,178.50037361044184,175.72693388884682,177.2919464111328,18464200
2018-02-23,178.193323484886,181.65022008803572,177.80702393093205,181.55116271972656,19007300
2018-02-26,182.8289123643203,183.89866834093976,181.48181392495104,183.1755828857422,17599700
2018-02-27,182.70015007802155,182.94777836902296,179.738525390625,179.738525390625,15849800
2018-02-28,180.57056483921158,181.1450643262554,176.4500261753312,176.62832641601562,18783000
2018-03-01,177.31177237523283,178.41124269308435,172.75542046965717,174.27090454101562,23201600
2018-03-02,171.64603186241595,175.42979967528012,171.34888998310834,174.94444274902344,20025900
2018-03-05,174.52844567086657,179.43148363008976,174.22138895690406,178.6885986328125,16189300
2018-03-06,180.05547387325277,180.64978779129012,177.41080565464497,178.07444763183594,15086800
2018-03-07,177.04434160152326,182.07615066425714,176.38069954574584,181.96719360351562,19097300
2018-03-08,181.81859573801384,182.65062317651714,179.72861233703884,180.61016845703125,17225900
2018-03-09,182.1652782950504,183.75009027751676,181.4719221080944,183.47274780273438,18526300
2018-03-12,183.47275983056593,184.3345166110198,182.47234691766238,183.00721740722656,15301200
2018-03-13,183.8491509246032,184.22555076740557,179.3918416393266,180.154541015625,18067500
2018-03-14,180.86769948072936,182.50204006254287,180.12481465008128,182.44261169433594,16821700
2018-03-15,181.50162463376256,182.25440914352183,180.4615828631266,182.11573791503906,15614300
2018-03-16,182.7397771041381,183.57180452559163,181.6700210848273,183.33407592773438,24403400
2018-03-19,175.33075482087276,175.48924057717088,168.44669036828049,170.9229736328125,88140100
2018-03-20,165.8812373698132,168.58533401994507,160.4136005851466,166.55477905273438,129851800
2018-03-21,163.23658318396647,171.75498788609298,161.7508133402666,167.7830352783203,106598800
2018-03-22,164.553971242539,168.65469549755176,162.16683068000845,163.3257293701172,73743000
2018-03-23,163.8704754081584,165.01947413144111,157.51138367375648,157.87786865234375,53609700
2018-03-26,159.29436476304082,159.57170729289535,147.60630416904883,158.54156494140625,126116600
2018-03-27,154.82712015527957,161.30508512627642,149.31986902922947,150.7759246826172,79117000
2018-03-28,150.21133389803396,154.40121598331385,149.36940667267154,151.5782470703125,60029200
2018-03-29,153.6780982834858,159.8886195256846,152.67768551395085,158.27407836914062,59434300
2018-04-02,156.3128724470169,157.68968507395377,152.64797693993603,153.91583251953125,36796000
2018-04-03,155.06482597696663,155.89685333830263,149.3792754464435,154.62899780273438,42543900
2018-04-04,150.58771834083862,154.08422867556507,149.0821340673657,153.62860107421875,49885600
2018-04-05,160.02730964650257,160.03722445145036,155.16388622315873,157.828369140625,41449600
2018-04-06,156.23363470007635,159.88863063673318,155.3223644170287,155.7086639404297,41644800
2018-04-09,156.32280549050142,159.00708788470257,154.5596780330655,156.43174743652344,34915200
2018-04-10,156.43171040754632,164.4053430585504,155.5204402637214,163.47425842285156,57889300
2018-04-11,163.7912576931272,167.05003935827375,161.70127430883156,164.74215698242188,56144600
2018-04-12,165.39591148725887,165.86145396113196,161.55273004728818,162.31541442871094,38263000
2018-04-13,163.01865688668843,164.12802678395565,162.21634364926973,162.959228515625,19990600
2018-04-16,164.14786789194642,164.20729627264484,161.8399700526108,163.2663116455078,18119400
2018-04-17,164.25681275217087,167.39673791596394,164.08842731469673,167.05996704101562,22743000
2018-04-18,165.2968245640235,166.5250510874858,164.1973544610349,164.78175354003906,20969600
2018-04-19,164.6232802545601,166.7330780716805,163.63276711811383,166.50526428222656,22235000
2018-04-20,166.19818396649725,166.83211173665842,164.23697228912835,164.7025146484375,19119400
2018-04-23,165.6831347440789,166.85193297750297,163.52380827106558,164.26669311523438,23088100
2018-04-24,163.86058468957233,164.52424180665622,156.68927908916314,158.175048828125,35079900
2018-04-25,158.6207767270073,159.5320470198868,154.70825277054732,158.175048828125,41083600
2018-04-26,171.57669715918277,174.59776543223558,169.17965703660553,172.50778198242188,77556900
2018-04-27,175.13261432041594,175.41987157593735,170.9625627397631,171.9431610107422,29804700
2018-04-30,172.1412828567825,174.05298119739814,170.08102869539832,170.36827087402344,20750500
2018-05-01,170.36827709525525,172.3691180698147,168.6150644304273,172.21063232421875,26025900
2018-05-02,172.59693210996105,176.3905996337233,172.54740342514305,174.39967346191406,30424500
2018-05-03,173.4685650002837,174.44916330173547,170.48711087979078,172.3690948486328,24026100
2018-05-04,171.43801439551038,175.30100955783146,171.41819990097693,174.9345245361328,17677800
2018-05-07,175.66748772469057,177.7970846427667,175.48918752424953,176.28160095214844,18697200
2018-05-08,176.55893807542935,177.3414366767552,175.429753886689,177.2225799560547,15577200
2018-05-09,177.96552948053284,181.27384039940324,177.08397321498873,180.9271697998047,23282800
2018-05-10,181.41250153114493,184.36424199325836,180.76867394353468,183.76992797851562,21071400
2018-05-11,183.09638194255353,186.53346415985783,182.43272475878047,185.21607971191406,21207800
2018-05-14,185.92924115423364,186.0778120900049,184.43355653531984,184.869384765625,15646700
2018-05-15,183.126065529248,183.53216441084558,181.4619956731768,182.57138061523438,15429400
2018-05-16,181.9572315881597,182.57135991392346,180.92710473808515,181.46197509765625,16975500
2018-05-17,180.94692191802673,182.31383480278882,180.49129436579278,182.0166778564453,14840700
2018-05-18,181.74928890940464,182.44264518916404,180.87763237825948,180.94696044921875,13130500
2018-05-21,182.02660593371087,183.54208984513974,181.39267812183232,182.73977661132812,13532900
2018-05-22,183.17558977360343,183.66094665868152,181.6898200469906,182.0563201904297,12731400
2018-05-23,180.7686405014484,185.13680689380962,180.4516690551496,185.12689208984375,16628100
2018-05-24,184.11660886494886,185.02787924680064,183.2746665517212,184.16612243652344,12354700
2018-05-25,184.25526573260586,184.56232239975597,182.70015278732095,183.1656951904297,10965100
2018-05-29,182.59117789035727,185.03774641177642,181.96716492629983,183.9779052734375,16398900
2018-05-30,184.77031795542266,186.2164738171552,183.492562631,185.8896026611328,13736900
2018-05-31,186.08769194404735,190.89168654230556,185.7013924381896,189.96060180664062,30782600
2018-06-01,191.23835751374176,192.70431256281697,190.24784448603674,192.14962768554688,17307200
2018-06-04,190.0200544046621,192.13975211217618,189.653569346074,191.44639587402344,18939800
2018-06-05,192.45670233023714,193.15005849176038,190.79263242855058,191.10960388183594,15544300
2018-06-06,189.2177236187795,190.7034933263744,187.31594020674177,189.5247802734375,22558900
2018-06-07,188.94040168775933,189.15831581101725,184.99816320033185,186.394775390625,21503200
2018-06-08,185.75091747646246,187.6824149679042,184.66134703819776,187.3060302734375,12677100
2018-06-11,187.01880346237152,190.77285712662987,187.0089037709684,189.722900390625,12928900
2018-06-12,190.3469389806264,191.44640934780253,189.74272526327672,190.5747528076172,11562700
2018-06-13,190.91151165900177,192.6548093773548,190.08938392355344,190.5846405029297,15853800
2018-06-14,191.26810608174208,195.40844402716732,191.0799061543987,194.94290161132812,19120900
2018-06-15,193.93256091038194,195.2004316337057,192.79347684569947,193.99200439453125,21860900
2018-06-18,192.95195437195974,197.68660576781141,192.2883124104692,196.42864990234375,16826000
2018-06-19,194.37831359224552,196.08199748593825,191.95154418869626,195.616455078125,19994000
2018-06-20,197.21119678108076,201.61897778023717,196.9239394708472,200.08367919921875,28230900
2018-06-21,200.83646596662777,201.46049416564964,198.19179733910784,199.5884246826172,19045700
2018-06-22,199.25164187926148,200.32139796472921,197.4191863866114,199.82614135742188,17420200
2018-06-25,198.10264132855517,198.10264132855517,191.27800593934774,194.48727416992188,25275100
2018-06-26,195.72539403291194,197.21116367856453,194.3683808123419,197.1121063232422,17897600
2018-06-27,197.2904274197409,198.84554052064072,193.94250281828087,193.98211669921875,18734400
2018-06-28,193.32836628179732,195.46787850040866,191.42658268104253,194.368408203125,18172400
2018-06-29,195.44807157784726,195.72541406429775,192.11994662640956,192.47653198242188,15811600
2018-07-02,191.53553304007485,195.57682871804158,190.39644890335302,195.48768615722656,13961600
2018-07-03,192.70433726558656,193.54626437864485,190.69359677071088,190.90159606933594,13489500
2018-07-05,192.89254161176345,196.76543664881044,192.18927060562154,196.5673370361328,19684200
2018-07-06,196.56733496527244,201.70810072016715,195.82445009003405,201.30198669433594,19740100
2018-07-09,202.98588380627737,203.84764065690896,200.20254384477624,202.79769897460938,18149400
2018-07-10,202.55995390876976,202.9660679571771,200.34119885033112,201.6090545654297,13190100
2018-07-11,200.3016043885319,202.55997354460084,199.83606191991794,200.61856079101562,12927400
2018-07-12,201.50008903300315,205.1154712098636,201.26237554268863,204.9569854736328,15454700
2018-07-13,205.83852167006242,206.45263494595787,204.49142327059192,205.35317993164062,11486800
2018-07-16,205.5314655926191,206.73989276811741,204.87772332770425,205.26402282714844,11078200
2018-07-17,202.95614030185897,208.46340616354058,202.89671193054397,207.99786376953125,15349900
2018-07-18,207.8294983381178,208.98839703233375,206.4625852102582,207.3738555908203,15334900
2018-07-19,206.78946265453317,207.99789007084834,205.78903456412203,206.11590576171875,11350400
2018-07-20,206.86866285136333,209.49351646835717,206.52197722767124,207.9483184814453,16163900
2018-07-23,208.58224752019137,209.61237447973772,206.81913543575513,208.90911865234375,16732000
2018-07-24,213.0692968578593,214.14895262761908,210.58311414589252,212.6334686279297,28468700
2018-07-25,213.67348761862766,216.54596956943473,212.23724664322413,215.4365997314453,58954200
2018-07-26,173.230876930797,178.42117225855105,172.10169233099955,174.58787536621094,169803700
2018-07-27,178.1636173395232,178.22304571757837,171.35879599961297,173.23086547851562,60073700
2018-07-30,173.63696082555492,173.63696082555492,164.97987032348806,169.4371795654297,65280800
2018-07-31,169.0508503248679,172.58698895673083,168.3872084347204,170.94273376464844,40356500
2018-08-01,172.2799446976345,173.41904388705146,169.27869106621378,170.02157592773438,34042100
2018-08-02,169.06081488056995,175.11285218097572,168.65471588519102,174.69683837890625,32400000
2018-08-03,176.00428700779494,177.15328590852553,174.4788882672312,176.0934295654297,24763400
2018-08-06,177.27214088016572,184.0274327501901,176.68774174502605,183.9283905029297,49716200
2018-08-07,184.73070598693096,186.51363271363255,181.97708058670403,182.06622314453125,33398600
2018-08-08,182.99730437387876,185.0773880334839,182.0166909148024,183.4232177734375,22205200
2018-08-09,184.0868839617967,184.80005467374224,180.74884420576404,181.35305786132812,19732100
2018-08-10,180.31300845057646,180.37245193578295,177.71786881571973,178.54989624023438,21500400
2018-08-13,178.39143236905315,180.8776150461129,177.20280444446766,178.34190368652344,17423300
2018-08-14,178.9956464699601,180.26350215292612,176.92546240168247,179.391845703125,19102000
2018-08-15,177.63864332523445,179.15412739456326,173.12190530574208,177.82684326171875,33020200
2018-08-16,178.70836911621774,178.78761197676087,172.35917660923255,173.04263305664062,31351800
2018-08-17,172.84455556670554,174.54823950118475,170.4078864139864,172.1511993408203,24893200
2018-08-20,172.38889365907139,172.9138795081526,169.28859792668374,170.86351013183594,21518000
2018-08-21,171.17057601645882,172.51767451275782,169.76404914906348,170.9823760986328,19578500
2018-08-22,170.5762645868043,172.5870049351487,170.497021726521,171.99269104003906,16894100
2018-08-23,171.44791976786053,173.88458879917863,171.19039178651448,171.2597198486328,18053600
2018-08-24,172.0521338018383,173.16151882459326,171.27953474197275,172.9931182861328,14631600
2018-08-27,174.32043356073072,176.97500183506332,174.12231881808142,175.7764892578125,17921900
2018-08-28,176.4104313932454,176.549102655886,174.16196188596984,174.58787536621094,15910700
2018-08-29,174.62746125371294,175.11280299612287,173.09216293732828,174.2312469482422,18494100
2018-08-30,174.23127445489305,178.08437038897284,174.033174827898,175.95477294921875,24216500
2018-08-31,175.46942379074258,175.93496624752592,173.32001175884434,174.06289672851562,18065200
2018-09-04,171.85403683933038,172.24033637521487,167.19862791317502,169.53623962402344,29809000
2018-09-05,167.88207692261227,169.50651786168052,165.0888226233438,165.59397888183594,31226700
2018-09-06,165.3958942359582,165.3958942359582,158.48211615080825,160.9881134033203,41514800
2018-09-07,158.78912896972417,163.06815217852187,158.640558072486,161.49322509765625,24300600
2018-09-10,161.9587945477962,163.44456422538946,160.62161090638074,162.6224365234375,20197700
2018-09-11,162.3847118152826,165.60387922738684,162.166797735187,164.36573791503906,20457100
2018-09-12,161.70123010800208,162.92947153884626,160.2649894330642,160.4630889892578,24078100
2018-09-13,160.46310557018612,161.7705899814178,159.3339213577719,159.8291778564453,25453800
2018-09-14,160.18579164105753,161.29516155898105,158.8188786250221,160.7801055908203,21770400
2018-09-17,160.3838941566865,160.52256539893756,158.2542968405385,159.05661010742188,21005300
2018-09-18,157.8778957329582,160.2254071416523,157.36282464554583,158.77926635742188,22465200
2018-09-19,158.5613367565544,161.88946133292998,157.9670228588326,161.5130615234375,19629000
2018-09-20,162.93940789429544,164.87090545139128,162.90969370988094,164.4449920654297,18936000
2018-09-21,165.0591340769923,165.66334778858527,161.26546636178196,161.3843231201172,45994800
2018-09-24,159.502352056605,164.12804725435333,159.35378111041635,163.84080505371094,19222800
2018-09-25,160.45323855085576,164.0190769989209,159.62119597701178,163.3455352783203,27622800
2018-09-26,162.74131139430173,167.69387707815736,162.65216883935977,165.3661651611328,25252200
2018-09-27,165.96048016905473,170.14044684255902,165.62370932772794,167.2382354736328,27266900
2018-09-28,166.73307649759457,167.188704072201,161.01781152232743,162.89979553222656,34265600
2018-10-01,161.4833707361607,164.3063394882943,159.73015808649774,160.8989715576172,26407700
2018-10-02,160.04712083309903,160.7404770336718,157.164723862827,157.81846618652344,36031000
2018-10-03,158.4820834396429,162.10736472569178,158.01654111041663,160.88902282714844,23109500
2018-10-04,159.9282729751568,159.9282729751568,155.8572629899707,157.34303283691406,25739600
2018-10-05,157.69960238585955,159.37355688304703,154.71814818574944,155.83743286132812,25744000
2018-10-08,154.0643947278823,156.83783431915012,152.92531075430458,155.7581787109375,24046000
2018-10-09,156.19405449082208,159.066537195354,155.92661165112025,156.4020538330078,18844400
2018-10-10,155.33231928678254,156.1940611118643,149.874580757171,149.9439239501953,30610000
2018-10-11,148.70573404040778,153.34132801576942,147.7449351404321,151.8951873779297,35338900
2018-10-12,155.2431187281612,155.4016044564258,149.86463968369813,152.281494140625,25293500
2018-10-15,151.86546852745758,154.09412289651334,151.10276924478575,152.06356811523438,15433500
2018-10-16,153.9257273190115,157.94722313873748,153.53942782053406,157.27366638183594,19180100
2018-10-17,158.04630981609318,158.96749510317963,156.45158269675815,157.9076385498047,17592000
2018-10-18,157.00622524895226,157.15481128162196,151.82584599397953,153.45028686523438,21675100
2018-10-19,154.38140392975896,155.8572741915126,152.09332061926568,152.5885772705078,19761300
2018-10-22,153.29181575330617,155.8473415956889,152.99467388770617,153.31163024902344,15424700
2018-10-23,149.78541358335914,153.30173861336405,149.4189285205078,152.9253387451172,19095000
2018-10-24,152.8163591014322,153.18284411012593,144.21871269078167,144.65452575683594,27744600
2018-10-25,146.32852091990304,150.76603124477543,145.60545046584542,149.51797485351562,22105700
2018-10-26,144.43663350770439,147.58645804205494,142.43579273050756,143.9908905029297,31303300
2018-10-29,147.09121301416127,147.41808419009885,137.7110516215767,140.7420196533203,31336800
2018-10-30,138.61243294024788,145.2488689948845,138.4143333040264,144.83285522460938,50528300
2018-10-31,153.5295448429382,154.91625726687457,147.5468518102003,150.34999084472656,60101300
2018-11-01,150.0825499871798,151.30087687509652,147.9331383617868,150.31036376953125,25640800
2018-11-02,150.3598859376111,152.66778318733878,147.54683246696743,148.92364501953125,24708700
2018-11-05,148.67604282845093,148.76518539235863,146.04127399227332,147.26950073242188,15971200
2018-11-06,147.89351947181757,149.53777496669238,146.5959496331744,148.51754760742188,16667100
2018-11-07,150.13209725470534,151.55842360754224,148.4085987965662,150.09246826171875,21877400
2018-11-08,149.06231761151173,149.5080454710016,145.34789359237936,146.4671630859375,24145800
2018-11-09,145.35783587623666,146.3582489308231,142.70326732076322,143.58482360839844,17326900
2018-11-12,143.10933430847302,143.66401924891179,139.15719655083137,140.20713806152344,18542100
2018-11-13,140.65285461495708,143.50553706617254,140.27645481541342,140.81134033203125,15141700
2018-11-14,142.33673557452363,144.1989051191763,140.20713836346064,142.851806640625,22068400
2018-11-15,140.97973684219755,143.4659193792365,139.49396713417556,142.48532104492188,30320300
2018-11-16,139.73171297258784,140.4250692324246,136.46301618874836,138.20631408691406,37250600
2018-11-19,136.30452491138834,136.44319615773145,129.96524634422826,130.30201721191406,44362700
2018-11-20,125.82489486219124,132.8872590546485,125.64660217785253,131.1736602783203,41939500
2018-11-21,133.12497151099802,135.8885118750269,132.85754382211707,133.54100036621094,25469700
2018-11-23,132.38209993376316,133.224042306219,130.01477368990916,130.48031616210938,11886100
2018-11-26,131.73827228176955,135.7003255834769,131.52035814105295,135.08621215820312,24263600
2018-11-27,134.4621536254883,135.31399549795316,132.4415135471461,133.71926879882812,20750300
2018-11-28,134.98715853052275,135.49231489947348,130.5991916317031,135.4626007080078,29847500
2018-11-29,134.6305536071476,138.66194962411655,134.3730256137567,137.36436462402344,24238700
2018-11-30,136.94833493640036,139.63263207133355,136.05687919740592,139.2760467529297,25732600
2018-12-03,141.64336362163564,142.31690522887854,139.42460898819022,139.75148010253906,24819200
2018-12-04,139.394899568996,142.0296679523531,135.8587757820946,136.6214599609375,30307400
2018-12-06,132.55050902988364,138.3747174822597,132.4019229530464,138.30538940429688,28218100
2018-12-07,137.92895866036224,139.53358515622253,135.36353318230547,136.11631774902344,21195500
2018-12-10,138.27564828624187,141.69291579158858,137.6912340136036,140.50430297851562,26422200
2018-12-11,142.5150280226962,142.5150280226962,139.7614028455408,140.7321014404297,20300300
2018-12-12,141.7225933115072,145.7936021006927,141.15799368080397,143.12911987304688,23696900
2018-12-13,144.18900792660162,144.4663504022227,141.83158176979117,143.63430786132812,18148600
2018-12-14,141.9801733284071,144.6248420356657,141.15804547263227,142.69334411621094,21785800
2018-12-17,141.7226288984203,143.54516953884632,137.10683381022747,138.86004638671875,24334000
2018-12-18,139.74159346487667,144.54557305188973,138.5034520588376,142.297119140625,24709100
2018-12-19,139.87039015836078,143.53528635643283,131.24301263957685,131.9759979248047,57404900
2018-12-20,129.46009266833508,134.28390299190647,128.7667363416102,132.1344757080078,40297900
2018-12-21,132.12455151669133,133.6202209665845,122.24913397464364,123.76461791992188,56901500
2018-12-24,121.93215737114097,128.5091711065362,121.85291451187976,122.88304901123047,22066000
2018-12-26,124.80468203083599,132.96651747136522,124.695724957835,132.90707397460938,39723400
2018-12-27,131.1835812711433,133.70939315890683,128.43985525257457,133.2438507080078,31202500
2018-12-28,134.0560222323863,134.63052157081228,130.94581209954814,131.9363250732422,22627600
2018-12-31,133.17451518868472,133.36271514103345,128.7172051704496,129.8463897705078,24625300
2019-01-02,127.76630172518523,136.2054632156757,127.34037319450194,134.392822265625,28146200
2019-01-03,133.41219893786487,135.86866695605673,129.87606025856311,130.4901885986328,22717900
2019-01-04,132.7386866843616,136.6908403351027,132.48115865811585,136.6413116455078,29002100
2019-01-07,136.25496910513067,137.552538747773,134.62062866183885,136.74032592773438,20089300
2019-01-08,138.5628870171809,141.78205482596397,138.21620136139165,141.17784118652344,26263800
2019-01-09,141.59385395230558,143.3272519915252,139.92979908938983,142.86170959472656,22205900
2019-01-10,141.72263078246374,143.18858608977013,139.50387576851548,142.83200073242188,16125000
2019-01-11,141.79194841316382,143.9809890790824,141.21746409851912,142.435791015625,12908000
2019-01-14,140.6528576671611,145.179509707381,139.92978734911048,144.0106964111328,20520300
2019-01-15,144.62481527713746,149.25050973599636,144.60501589683045,147.53692626953125,24069000
2019-01-16,147.5864604251384,148.23028793171605,145.605434110707,146.1403045654297,18025700
2019-01-17,145.5558981825559,147.58645307654942,145.11017030680867,146.89309692382812,15787900
2019-01-18,148.3293197736484,150.98388732354485,147.14070721229135,148.61656188964844,31029600
2019-01-22,147.7845702253746,150.09246785452942,144.9814159834578,146.1700439453125,22378700
2019-01-23,146.8732834984095,147.38835455019185,141.70280382844732,142.93104553222656,20098400
2019-01-24,143.26783528105898,145.05076214646866,141.1679520362613,144.44654846191406,20955500
2019-01-25,146.08087534037048,148.40858729183395,145.1497905597851,147.5963592529297,22237200
2019-01-28,146.64548336062506,147.54685400661765,144.82294268659737,146.07098388671875,15508500
2019-01-29,146.68507746147048,146.69499226518704,142.0692829105164,142.82208251953125,17632100
2019-01-30,144.83282889649075,149.51795169890255,144.31775784471924,148.99298095703125,44613200
2019-01-31,164.02897169214566,170.05127790345932,163.4346577999882,165.10862731933594,77233600
2019-02-01,164.26671115483558,167.4957939717502,164.0884260273908,164.13795471191406,30806500
2019-02-04,164.1280234915148,167.69387682410095,162.06775435646844,167.64434814453125,20036000
2019-02-05,167.54529845797657,170.34845257284368,167.08967085874446,169.53623962402344,22557000
2019-02-06,169.57584497033957,170.8338008783856,167.66416188262832,168.87258911132812,13281200
2019-02-07,166.60431611863686,167.6344583037022,163.68230522071042,164.8015899658203,17517600
2019-02-08,162.90968572798542,165.782167583539,162.65215777100067,165.7425537109375,12561400
2019-02-11,166.3071618212297,166.70337617342943,163.51392242987427,164.21717834472656,12811200
2019-02-12,165.27699933265635,166.74295433671998,162.93938805448676,163.47425842285156,16292300
2019-02-13,163.81107387053356,164.64310131094078,162.17671806184268,162.5135040283203,14205100
2019-02-14,161.64185346156196,163.3059084027501,160.71076862416908,162.39463806152344,12755200
2019-02-15,162.94931530245077,163.13751522201042,159.33394829649333,160.95838928222656,15504400
2019-02-19,158.97735439157256,162.59272120284032,158.80896897630566,160.7503662109375,14345400
2019-02-20,160.71073513460138,162.16679046173826,159.72022212914928,161.01779174804688,11770700
2019-02-21,160.39379789021493,160.70086968311145,158.0760005910145,158.521728515625,15607800
2019-02-22,159.0566170920967,160.86925812585469,158.78917428671406,160.35418701171875,15858500
2019-02-25,161.52298999215196,164.49452950409318,161.35458945279422,163.0582733154297,18737100
2019-02-26,162.7809210423928,164.66290502180388,162.2460506125999,162.5729217529297,13784100
2019-02-27,161.35456918253428,162.3747964110116,158.88820137044212,161.2654266357422,12697500
2019-02-28,160.82962053353194,161.94890526574252,159.33395106968263,159.91835021972656,11114200
2019-03-01,161.0574347008058,161.58240543010436,160.15606416030062,160.74046325683594,11097800
2019-03-04,162.3450989525824,165.91095233189532,162.2757708915011,165.7821807861328,18894700
2019-03-05,165.78218869781378,170.24941288259268,164.96997573678337,169.63528442382812,28187900
2019-03-06,171.25972789190405,171.9233850426753,169.64520163781978,170.87342834472656,21531700
2019-03-07,169.8729933425381,170.11072192296047,166.01989806311988,167.52548217773438,18306500
2019-03-08,164.62330412886877,168.01085773310734,164.3954903063764,167.99105834960938,13184800
2019-03-11,169.97204919977483,172.64643147135249,169.95223470640653,170.43759155273438,18884000
2019-03-12,170.45743269101766,172.15121710924666,169.5956909437616,170.28904724121094,12155300
2019-03-13,170.68525391957655,172.37902314720412,170.48713917437513,171.72528076171875,11973300
2019-03-14,168.14951949564056,169.52633227268862,166.56470740537296,168.55563354492188,18037400
2019-03-15,165.5741783422534,165.99019204292867,160.96828322200295,164.40536499023438,37135400
2019-03-18,162.01825947252323,162.34511554450353,157.76894916838668,158.94766235351562,37524200
2019-03-19,159.948043266469,162.26585529280368,159.29431613937794,160.03720092773438,25611500
2019-03-20,159.96787441123985,164.54404034738099,159.71034643218633,163.87049865722656,20211500
2019-03-21,163.32572713667582,164.81149699301554,162.19654265041893,164.5044403076172,16223000
2019-03-22,164.078514771019,165.83172746564327,162.53331651027878,162.78094482421875,16389200
2019-03-25,161.45363613682204,164.96004587882254,160.46312303168816,164.71241760253906,12631200
2019-03-26,165.76239259658405,167.84246127992475,164.77187938146022,166.08924865722656,15437900
2019-03-27,166.25765966658372,167.3373155116427,163.22667634178086,164.2964324951172,10620300
2019-03-28,163.00877814386112,165.13837565546734,161.78053623259882,163.97947692871094,10443000
2019-03-29,164.8114703732572,165.60388385812377,163.246457897004,165.10862731933594,13455500
2019-04-01,166.23782200382072,167.29766320371212,165.6930367543293,167.0995635986328,10381500
2019-04-02,168.52589778293864,173.24073468539598,167.94149868285427,172.54737854003906,23946500
2019-04-03,172.84454551905162,176.27172768496132,171.30924710624808,171.89364624023438,27391100
2019-04-04,174.35011291503906,176.3113245403574,173.86475607497275,174.35011291503906,17847700
2019-04-05,175.20197744048605,175.3208341864952,173.4388651758687,174.052978515625,9594100
2019-04-08,173.5478196293826,173.83506179927588,172.5771058380873,173.2704620361328,7297400
2019-04-09,173.9539123080629,177.49005146238812,173.88458424775922,175.89532470703125,19751000
2019-04-10,176.48964215696606,177.09385583898353,174.86520104508787,176.13307189941406,11701500
2019-04-11,176.5490742715074,176.70754489330878,175.32083248984918,175.82598876953125,8071000
2019-04-12,176.311323759118,177.92586487497474,176.26179508357072,177.40089416503906,12329800
2019-04-15,176.80657948984256,178.7876055905691,175.19203838126094,177.94566345214844,10834800
2019-04-16,177.30185198897428,178.46075054862632,176.60849581405824,177.17308044433594,11215200
2019-04-17,177.89616663109658,179.02535101020712,176.66792489201643,177.0839385986328,9973700
2019-04-18,177.10373985131613,177.1829827105606,175.65758411965734,176.5886688232422,11655600
2019-04-22,176.55899491054132,179.94654856723065,176.55899491054132,179.71873474121094,13389900
2019-04-23,181.0063872066905,182.47234250750287,179.75833090448435,182.03651428222656,19954800
2019-04-24,182.73978421451994,183.38361174364164,179.92671526286225,180.847900390625,37289900
2019-04-25,195.11128500313959,196.597054796279,190.29739026880657,191.42657470703125,54148800
2019-04-26,190.67375253287204,191.0699516873288,187.2960995749228,189.67333984375,22075000
2019-04-29,189.13846214574502,193.55615695853513,188.84130521065546,192.93212890625,19641300
2019-04-30,192.34776047285834,195.51739968587646,190.45587663598292,191.56524658203125,23494700
2019-05-01,192.93214368194594,194.31885599985915,191.1789312332744,191.19874572753906,15996600
2019-05-02,191.16903358994222,192.15954671735122,187.94986592586287,190.7034912109375,13209500
2019-05-03,192.5359904346672,194.29910299426942,191.87234830169643,193.6156463623047,14575400
2019-05-06,189.42572601664747,192.43687911626412,188.74226957624643,192.04067993164062,13994900
2019-05-07,190.71337579077806,191.06996109295397,186.06788228708203,187.96966552734375,16253000
2019-05-08,187.59328088291394,188.9106651580705,186.76125348198272,187.74185180664062,12505700
2019-05-09,185.42404955316715,187.96967547841595,184.49296481963694,186.86029052734375,12967000
2019-05-10,186.4640953613572,188.1974933262038,182.83881370465346,186.55323791503906,12578500
2019-05-13,181.75916143058086,183.6708445385763,179.12439284732596,179.8177490234375,16833300
2019-05-14,180.78846894172523,181.7492679306445,176.410402521696,179.01544189453125,17628100
2019-05-15,178.70840564700927,185.50332740876135,178.31220637733452,184.50291442871094,16746900
2019-05-16,183.29448157151535,186.79099216610493,183.29448157151535,185.21607971191406,12953100
2019-05-17,183.08645627680912,185.80046788610042,182.5317713030052,183.54209899902344,10485400
2019-05-20,180.15455999753047,182.48225713445717,179.64938855232506,180.98658752441406,10352000
2019-05-21,182.81905257569926,183.9383223610737,182.14549565199104,183.06668090820312,7502800
2019-05-22,182.97749065985175,184.9684317718643,181.86812076414452,183.56190490722656,9213800
2019-05-23,180.68939682955207,182.15535197703366,177.96548582051304,179.1540985107422,12768800
2019-05-24,180.60027165643046,181.88794182559548,179.1145018721705,179.34231567382812,8807700
2019-05-28,179.81775198262014,182.9576919925962,179.72860942580263,182.5614776611328,14843300
2019-05-29,181.75914807063717,182.80908950500748,179.62955101896375,180.46157836914062,12797700
2019-05-30,181.34313162061707,181.73933079634435,179.1739056155404,181.27378845214844,8581500
2019-05-31,178.56970109703798,178.82722906290735,175.47930505048348,175.78636169433594,15226500
2019-06-03,173.33980139311865,173.3893300734658,159.4825169721261,162.5927276611328,56059600
2019-06-04,162.15691158472936,166.68354874132064,159.31412861668574,165.91094970703125,46044300
2019-06-05,165.89114370501332,167.11938549334087,163.0681902010638,166.57460021972656,19758300
2019-06-06,166.70336381797102,168.09007616281156,165.64350750767568,166.7330780029297,12446400
2019-06-07,168.55561993683688,172.22051554761427,167.23823564135145,171.70545959472656,16917300
2019-06-10,173.09218636041325,176.17268309991522,172.15120181788413,173.16152954101562,14767900
2019-06-11,176.78680040639986,178.27257027953686,175.1128305977536,176.41041564941406,15266600
2019-06-12,176.68773509588837,177.56929116769706,171.23991293854624,173.37940979003906,17699800
2019-06-13,173.8647638552238,176.34104661407335,172.9534936136508,175.78636169433594,12253600
2019-06-14,178.79752840862753,180.11491274970635,178.29237212864777,179.60975646972656,16773700
2019-06-17,183.25482082018078,187.70223002271987,182.66052203628425,187.2168731689453,29459900
2019-06-18,192.15955882531534,192.68452960679804,185.50330898059423,186.68202209472656,37571400
2019-06-19,185.22595867772026,186.31552918614284,182.79920448790395,185.70140075683594,21417100
2019-06-20,189.13847565747807,189.34649006110985,185.85987967597572,187.73194885253906,14635700
2019-06-21,186.95936475251648,190.17853262242735,186.95936475251648,189.32669067382812,22751200
2019-06-24,190.59454217749877,192.13974030299266,189.75261505221377,190.77284240722656,15509000
2019-06-25,191.0501738677409,191.30770183579463,186.3452365860194,187.04849243164062,16750300
2019-06-26,187.74186954661943,188.95029688721868,185.53302929232473,185.8797149658203,12808600
2019-06-27,188.07865510923213,196.99327409203536,186.48392821996939,187.70225524902344,11159000
2019-06-28,188.74228268431094,191.36713647130404,188.13806906167824,191.16903686523438,16378900
2019-07-01,193.35807756448665,193.42740562529704,190.10918054601342,191.16903686523438,14181800
2019-07-02,191.16904382950221,193.1500701904297,190.88180165734167,193.1500701904297,9050000
2019-07-03,192.31802472024478,195.52727745116385,192.31802472024478,195.3291778564453,10246100
2019-07-05,194.31887482449994,195.20044609332712,192.32794870790414,194.5367889404297,11164100
2019-07-08,193.33826265824044,194.81411756724523,191.80296426491321,193.90284729003906,9723900
2019-07-09,193.12034823722047,197.56775767968807,193.04110537228655,197.32012939453125,14698600
2019-07-10,198.10263543596233,201.0345610905885,197.77576427380922,200.80673217773438,20571700
2019-07-11,201.33169381846955,201.86657937373758,198.31064085635603,199.32095336914062,13678500
2019-07-12,197.78564163297608,203.35233533774465,197.2705857210992,202.92640686035156,15366300
2019-07-15,202.31232628919219,203.38208238631464,199.90538640619093,201.97555541992188,16030300
2019-07-16,201.95576343080754,203.5207763150487,201.17326454570397,201.90623474121094,12132700
2019-07-17,202.24293925217162,202.42123945337704,199.67751418205165,199.88552856445312,12083700
2019-07-18,198.25120076136693,200.54919852218333,197.4885165186062,198.87522888183594,11937900
2019-07-19,200.2619632352463,200.41054929235676,196.1909682545911,196.47821044921875,12098300
2019-07-22,198.013509440369,200.64827833942206,196.9239388087206,200.40065002441406,13589000
2019-07-23,200.91568867382836,202.30241618644806,199.05353418344316,200.44024658203125,14583700
2019-07-24,195.75513790467008,202.8670157657039,195.34902384590035,202.71844482421875,32532500
2019-07-25,204.73904108566796,206.68045328229766,196.3791086612524,198.80587768554688,39889900
2019-07-26,198.29082391860058,200.95530662974704,194.38819980740698,197.85499572753906,24434000
2019-07-29,197.11208302326182,197.73611103716132,193.4471880200069,194.08111572265625,16530800
2019-07-30,193.53637458881624,196.8248856853143,191.66430523526563,195.17071533203125,11903600
2019-07-31,195.08158746736086,196.87441408586193,190.85209152995802,192.38739013671875,14593500
2019-08-01,192.32793743031857,196.58714701824408,189.06915580159875,190.90159606933594,17777000
2019-08-02,189.28710673448722,190.7926761404364,186.28585250097632,187.22683715820312,15297000
2019-08-05,182.93786100126556,183.90855957626422,177.6386100402864,180.0059356689453,23086700
2019-08-06,181.94736956625567,184.02743818857002,181.35305560900483,182.75958251953125,18035700
2019-08-07,181.85821044498942,184.60192083841193,179.50078444035964,183.39349365234375,15833200
2019-08-08,184.84954749748073,188.53425739100123,182.30393672266274,188.35597229003906,14828900
2019-08-09,188.19749884208662,189.1681974989223,185.3448161284113,186.06790161132812,11058800
2019-08-12,185.07740541761308,185.81037554412526,182.71007937246026,183.61143493652344,10930900
2019-08-13,183.75998961846972,189.56439683345099,183.6114035890341,186.6621856689453,13577000
2019-08-14,184.03734848097963,184.2255483999623,177.60891261999535,178.005126953125,18903700
2019-08-15,179.23334716352673,181.46200169748224,178.32207690110417,180.8577880859375,12925900
2019-08-16,182.00677354851908,183.3439722161201,180.62996100895813,181.95724487304688,12654600
2019-08-19,184.24533812759105,185.72120810236217,183.09635440679435,184.40382385253906,9691200
2019-08-20,183.69066413685238,184.23544940251557,180.65969625847538,182.06622314453125,10083400
2019-08-21,183.24492629684948,184.13638205484352,181.4025712981686,181.80868530273438,8398200
2019-08-22,181.6898315615164,182.3633884062302,178.20323593087247,180.31301879882812,10821400
2019-08-23,179.12440285338127,181.39268653754945,174.9840649461528,176.063720703125,17323400
2019-08-26,177.69805700357497,178.7876275383409,176.54907321076817,178.64895629882812,8773600
2019-08-27,180.20404533901944,182.29402863457622,179.29277507890413,179.5800323486328,14399600
2019-08-28,178.81736319177548,180.22389025112795,177.22263618891225,180.0356903076172,9386100
2019-08-29,182.02662814213915,184.3147113811425,181.72947113787166,183.80955505371094,10128700
2019-08-30,185.0080395046506,185.0278539989964,181.71954380269955,183.9085693359375,10774500
2019-09-03,182.25440991889056,183.9085649778403,180.3823407693936,180.65968322753906,9779400
2019-09-04,182.89825597798117,185.96885293761042,182.1454713884996,185.36463928222656,11308000
2019-09-05,186.74144735596775,189.5446014501332,186.15704821107946,189.08895874023438,13876700
2019-09-06,188.4055159908817,188.4055159908817,184.58213456483298,185.71131896972656,15226800
2019-09-09,185.94901104666624,187.1871523618436,184.08685678617974,186.96923828125,14722400
2019-09-10,185.66177973401432,186.31552201390195,182.79919745102447,184.40382385253906,15455900
2019-09-11,184.69110262365604,187.64282780286598,184.31470276158421,186.70184326171875,11761700
2019-09-12,188.0588544869452,189.11869585157152,185.45379968884768,185.6915283203125,11419800
2019-09-13,185.55282528549793,186.18675308013576,184.77031145387932,185.41415405273438,11441100
2019-09-16,185.15659441417847,186.00843622900695,184.00761078001523,184.45333862304688,8444800
2019-09-17,184.88915818353271,186.53341337290132,183.7797733581366,186.29568481445312,9671100
2019-09-18,186.30563488856038,187.286248454078,184.24536550024126,186.35516357421875,9681900
2019-09-19,186.87022631789495,189.28708097490235,186.36505490648454,188.336181640625,10392700
2019-09-20,188.85124406340918,191.2680986093367,186.33533215516076,188.12815856933594,19934200
2019-09-23,187.54376610361308,188.29656581037167,183.4529568554923,185.0476837158203,13327600
2019-09-24,186.1966616637178,186.2560900357363,178.67867032274856,179.5602264404297,18546600
2019-09-25,179.72859718115086,181.67990917782794,176.1825585048044,181.0657958984375,18068300
2019-09-26,179.60974864537337,179.67907670555124,175.9844669426517,178.4013214111328,16083300
2019-09-27,178.77773045476368,179.04515813298937,173.9935499507578,175.41989135742188,14656200
2019-09-30,176.18256481707957,176.97497834037966,175.17225231105203,176.3905792236328,10740000
2019-10-01,177.45044631530277,178.1339028900037,173.22096553354325,174.1421356201172,17073000
2019-10-02,173.1813322804418,174.85530208420636,171.44793410017033,172.94361877441406,16151700
2019-10-03,173.9044154360935,178.1338960555815,171.98281734733607,177.6782684326172,16086300
2019-10-04,177.84664233893517,179.26306891445384,176.41040126812752,178.73809814453125,10430200
2019-10-07,178.2923743077581,179.46117261792924,176.40049048634702,177.97540283203125,9178300
2019-10-08,176.56887699236094,178.65886044183696,176.03400651634828,176.063720703125,9466900
2019-10-09,177.4603119253142,179.00550978025998,176.2518848615173,178.14376831054688,7556900
2019-10-10,178.60932451566862,179.8870797292188,177.4702254136987,178.3220672607422,8605000
2019-10-11,180.42195649111605,184.7207948644628,180.41205680109175,182.44261169433594,14930500
2019-10-14,182.45253010436787,182.86854383853097,180.83800385097976,181.541259765625,7006000
2019-10-15,182.05631431212092,188.5738924494373,181.9176430800091,187.0980224609375,15039100
2019-10-16,186.53342792098678,187.90032567509164,185.1268860663388,187.7517547607422,10516900
2019-10-17,188.49465871186456,189.02952917189614,186.97917477540506,188.58380126953125,9603000
2019-10-18,188.42533668479342,189.67339308833803,182.17520031743962,184.08689880371094,16874200
2019-10-21,185.26559578132512,188.10837915006954,184.9783535825629,187.9597930908203,8122600
2019-10-22,188.19750299460227,188.8413305118659,179.77814101852795,180.61016845703125,19537600
2019-10-23,180.28329408304498,184.61184685231916,180.27339439253623,184.38401794433594,12300400
2019-10-24,182.86853409560763,184.95851746014466,181.06580801028028,184.61184692382812,11413500
2019-10-25,184.0670738673444,187.20699896756088,183.33408864197534,186.10752868652344,8061200
2019-10-28,185.42408424135684,187.7319820129762,183.3242009101123,187.60321044921875,13657900
2019-10-29,189.87147962073865,190.70350708967274,186.68202587579245,187.51405334472656,13574900
2019-10-30,187.76169657679014,188.64325279912046,184.2156571897667,186.46412658691406,28734600
2019-10-31,194.83391149007446,196.21072400789714,186.46407934443178,189.83181762695312,42286500
2019-11-01,191.02045788294004,192.26849895117104,188.10834694303716,191.78314208984375,21711800
2019-11-04,192.7043410145422,195.49758030578133,191.97135582476872,192.8727264404297,16371300
2019-11-05,193.5165587495952,193.89295860150597,191.76336127039724,192.47653198242188,9942000
2019-11-06,192.1892563518245,192.52602717980284,189.53468848795202,189.7327880859375,10973000
2019-11-07,190.08938015013123,191.60486404381646,187.67252567250665,188.61351013183594,13473000
2019-11-08,188.1974831472892,190.51528010184126,187.90032620372435,189.02951049804688,10760800
2019-11-11,188.1281746429696,188.2767606991461,186.75136182765092,187.81121826171875,8631200
2019-11-12,188.19748169957504,193.2094753729084,187.93995374461585,192.6250762939453,17615500
2019-11-13,192.8529081920363,193.84342134670933,190.91151087273465,191.35723876953125,10860700
2019-11-14,191.0996975890043,192.18926811566243,189.6337423373446,191.31761169433594,9040500
2019-11-15,192.4170572929833,193.44719931621074,191.54541609720948,193.2490997314453,11524300
2019-11-18,192.7142441368938,196.7456400813876,191.2185746586491,195.5272979736328,16167200
2019-11-19,195.52727870763368,198.1026187976148,194.99240828705348,197.4290771484375,19056800
2019-11-20,196.69610204688033,197.6965148817659,193.57597657331223,195.63624572753906,12355400
2019-11-21,195.54710508495742,197.20126023875787,194.99242013686043,196.05226135253906,12131000
2019-11-22,196.49802489778352,197.40929528117786,195.74522514895523,196.93385314941406,9959800
2019-11-25,197.62719512458756,199.06343622164064,197.35975233240896,197.89462280273438,15272300
2019-11-26,198.10264010715585,198.25121104162343,196.16122758393166,197.08241271972656,11735500
2019-11-27,198.0035953005444,201.21286371489063,197.5281531660596,200.08367919921875,12736600
2019-11-29,199.68745216518892,201.86657801868765,199.3011526507688,199.72706604003906,7985200
2019-12-02,200.21243586725922,200.26194943551795,196.17114023966585,197.80548095703125,11503400
2019-12-03,195.72542576590502,197.04279509828882,193.22932812458748,196.93385314941406,11595300
2019-12-04,198.1026455503442,198.13235973805416,196.17114777903484,196.82489013671875,8456300
2019-12-05,197.96396080373682,199.38038736809924,196.32962013500614,197.4687042236328,9740400
2019-12-06,198.59789964536313,199.65775604035065,198.16207141243487,199.14268493652344,12270600
2019-12-09,198.74649029489927,201.21287388640184,198.31067713277668,199.42994689941406,11954800
2019-12-10,199.74686925764857,200.13316875025987,198.25118484946296,198.96435546875,9475700
2019-12-11,198.37998980579962,200.70770195728977,198.37998980579962,200.34120178222656,8036800
2019-12-12,200.43034849471852,201.7279183453557,192.25861474030722,194.8834686279297,23734800
2019-12-13,194.53679282222905,194.9330071836584,191.33743931310352,192.26852416992188,18798000
2019-12-16,193.4175196836503,197.23098649216615,192.9618769546735,196.04237365722656,14911500
2019-12-17,196.95363194930803,197.11211768134396,194.26934976534423,196.50790405273438,10175700
2019-12-18,198.19180822611133,202.3618759883016,198.19180822611133,200.57894897460938,23274400
2019-12-19,200.85622116903323,204.34283109566047,200.58877843211408,204.1051025390625,16514600
2019-12-20,205.511678593546,205.73950751618258,201.50009703091317,204.34288024902344,27306900
2019-12-23,204.73907010600487,206.61113940087975,203.72874243628507,204.2239990234375,13348900
2019-12-24,204.34288575567714,204.82822757343354,203.05521551254714,203.174072265625,6046300
2019-12-26,203.6198153423568,205.84847014703232,203.36227222528004,205.81874084472656,9350700
2019-12-27,206.69039339627366,206.9479213944063,204.63012406911534,206.1258087158203,10284200
2019-12-30,205.88806198966603,205.9276758651125,201.9656233030976,202.47079467773438,10524300
2019-12-31,202.06469964458358,203.60989787067933,201.66850039677584,203.30284118652344,8953500
2020-01-02,204.78860219802792,207.7997556478878,204.31316009837255,207.78985595703125,12077100
2020-01-03,205.24422797698392,208.40395209907635,204.98668489565065,206.69036865234375,11188400
2020-01-06,204.73907761292955,210.7613997472001,204.56079248975286,210.58311462402344,17058900
2020-01-07,210.8010438096557,212.5443417439287,209.7411873437847,211.03875732421875,14912400
2020-01-08,210.97931264976435,214.18858087478415,210.59301310440352,213.17825317382812,13475000
2020-01-09,215.47623471940113,216.3082772934537,214.22819352937026,216.22903442382812,12642800
2020-01-10,217.1204715769008,217.7940283537506,215.3573594430147,215.9912872314453,12119400
2020-01-13,217.516680970494,219.86419216119907,217.1303814693143,219.8047637939453,14463400
2020-01-14,219.5076385536006,220.27033797627362,216.55591334602727,216.98182678222656,13288900
2020-01-15,218.51713144155715,219.57697277311985,218.05158899906618,219.052001953125,10036500
2020-01-16,220.45855135423187,220.51797973369497,218.29922451152746,219.6661376953125,10015300
2020-01-17,219.9236357212685,220.1811637018355,218.43786598116318,220.0325927734375,15905900
2020-01-21,220.0524193808545,220.26041869206054,217.0412507446405,219.33924865722656,14275800
2020-01-22,220.20096573161942,220.63679391562357,219.1807384436236,219.22036743164062,12212800
2020-01-23,218.6557997147795,219.38878496008468,217.18984433820188,217.67518615722656,11195000
2020-01-24,218.70530471330136,219.67600336025257,214.0597956604168,215.8724365234375,11905800
2020-01-27,211.078360813354,214.01027130825997,210.48404687069478,212.83155822753906,13810700
2020-01-28,214.08953611437505,216.6648766444392,211.4943962011496,215.723876953125,13413800
2020-01-29,219.3392317847875,222.07304260571092,216.3775920599305,221.11224365234375,33181300
2020-01-30,204.57071167192285,209.42422082079509,202.80759919815074,207.54225158691406,48775500
2020-01-31,206.45265722028634,206.71020032302016,199.15257983645841,199.99452209472656,31359900
2020-02-03,201.50999904351116,203.19386838731398,200.578914257847,202.2528839111328,15495600
2020-02-04,204.6598319730783,208.60208538011636,203.25330504670993,207.83938598632812,19628900
2020-02-05,210.49395537848,210.71186949231432,206.7300172974115,208.11672973632812,12538200
2020-02-06,208.47331633057124,209.18648705025322,207.35403156778628,208.84971618652344,10567500
2020-02-07,208.3049029747221,210.80100015899873,207.93840285894004,210.31564331054688,12242500
2020-02-10,209.51337352098403,211.77174259353234,208.66153149438892,211.03875732421875,11856400
2020-02-11,208.19598126156143,208.85962332163467,204.550884662822,205.2244415283203,25030800
2020-02-12,205.87816207419172,209.21618651754935,205.4324190702276,208.7605438232422,13813700
2020-02-13,207.5323130419285,212.29667872876232,207.19552709461504,211.1179656982422,15396600
2020-02-14,211.96983193816124,212.89100199044663,210.63263302751778,212.1481170654297,10741700
2020-02-18,211.52408380863525,215.91204975868246,211.37549776940006,215.7337646484375,15609200
2020-02-19,215.92196861481477,216.24883977042865,214.05979904248056,215.4267120361328,12135100
2020-02-20,214.4659094344447,216.69456400079267,210.92977026777103,212.5443115234375,13109200
2020-02-21,211.45476239091698,212.20756212682346,206.848881867314,208.18606567382812,14092300
2020-02-24,199.88558257019105,201.71802306650187,196.29001453371527,198.81582641601562,23080100
2020-02-25,200.33131367182662,201.56945528908142,194.09107689805575,194.90330505371094,21433500
2020-02-26,195.31927816661997,199.30114501079282,193.63540894046696,195.3291778564453,16524500
2020-02-27,190.0002289788113,194.02170972290483,187.70223134559762,187.94985961914062,21682600
2020-02-28,180.96675545927118,190.91151627759012,180.0951141360233,190.64407348632812,32568900
2020-03-02,192.18926049743837,194.70517229961789,187.05840976299632,194.57640075683594,24949000
2020-03-03,194.3585144831364,195.36884224752663,182.22472696093342,184.1265106201172,27984100
2020-03-04,187.37537047141788,190.01013907356133,184.62174512795494,189.9407958984375,23062500
2020-03-05,185.00804156624832,187.19708223791014,182.14545921963264,183.41331481933594,19333400
2020-03-06,176.638213655293,182.03650735506156,174.5878441591396,179.3720245361328,24559600
2020-03-09,167.9910556630542,173.3398212444114,163.6228885403271,167.89199829101562,29949000
2020-03-10,173.0129466417694,176.5985997511697,167.89199498024468,176.4995574951172,24517800
2020-03-11,172.35917769838207,174.21144745796823,166.06942863258158,168.6249542236328,20373900
2020-03-12,158.0265033001907,165.0195406935457,152.8758365740827,153.00460815429688,43266300
2020-03-13,161.97861740448548,169.1697375742382,156.1048815638944,168.66458129882812,35028600
2020-03-16,150.87496745030987,157.6203594578256,141.74243516842478,144.62481689453125,39120400
2020-03-17,149.3099411329436,152.47957983903552,138.67182563927966,148.00245666503906,34255600
2020-03-18,138.4242195990498,146.7742386142249,135.79936566657685,145.56582641601562,37553100
2020-03-19,145.22904123462826,158.412769570759,143.4263150613957,151.6772918701172,39862300
2020-03-20,154.53987639561885,157.75904435185518,146.59595616091588,148.30953979492188,32568400
2020-03-23,148.24022087913343,150.86507502139386,140.90051385850353,146.6950225830078,29830800
2020-03-24,153.73755450355938,159.7796757225296,151.1226003607916,159.4528045654297,30440400
2020-03-25,157.41237094305384,161.44376730627164,151.60796243291432,154.72808837890625,35184300
2020-03-26,156.74871203168718,162.44416286380218,155.53038504213757,161.79042053222656,26556800
2020-03-27,156.6991938445821,158.57126329109138,153.28192613924398,155.3025665283203,24879900
2020-03-30,157.6699070652535,165.16810034463074,156.56053695490195,164.3756866455078,22515200
2020-03-31,163.91013604372594,169.30843048588375,162.64228023355423,165.21762084960938,23676300
2020-04-01,160.0867481430365,162.5927454801223,156.54070886080467,158.08592224121094,19507600
2020-04-02,157.590640569695,159.8192950491368,154.44080104612146,156.68927001953125,20886300
2020-04-03,155.65914104365785,156.4119407375599,149.39910557107916,152.71731567382812,25983300
2020-04-06,158.63069613518147,164.62330451667566,157.00625495656138,163.97947692871094,28453600
2020-04-07,170.16025842869152,171.74508561713102,164.43509325935295,167.2283477783203,31411900
2020-04-08,169.62534903123148,173.33977273264532,166.14865388775848,172.62660217285156,21664200
2020-04-09,174.23128638660555,175.40009995977474,169.9423770250365,173.5280303955078,23534300
2020-04-13,172.02243540934728,173.33981985392103,167.84246825860438,173.13180541992188,19355400
2020-04-14,177.28201895146265,179.51067328246404,174.94440758194003,176.47970581054688,21011800
2020-04-15,173.528010147399,176.4995497511861,171.18049869689742,175.29112243652344,17423000
2020-04-16,176.26179581311075,176.3608531646153,170.87340235430747,174.5779266357422,23593200
2020-04-17,177.49996756461005,178.5697236653163,174.9840706138243,177.5395965576172,20974800
2020-04-20,175.72694452361762,178.7876265812138,175.09301670151973,176.549072265625,16110700
2020-04-21,173.58746899665155,173.71624057191335,166.7430179469331,169.1796875,24850500
2020-04-22,176.75709817809042,183.02704928066032,176.4500414684441,180.55076599121094,33242000
2020-04-23,182.33366117995732,185.2754864238355,181.41247609765682,183.3737030029297,21426600
2020-04-24,181.4917241255104,188.60361655396258,179.11449856026314,188.266845703125,28792000
2020-04-27,190.83228925725072,191.9119450887044,185.63209461613744,185.7212371826172,29197800
2020-04-28,186.87020936699446,187.4050798031105,180.828073272555,181.1747589111328,21731000
2020-04-29,189.11866531471034,195.04194473483852,188.1974953553375,192.34774780273438,45954500
2020-04-30,204.9569698337117,207.7006953659654,199.65773379139367,202.7679443359375,46230100
2020-05-01,199.68747792902982,205.31358595354908,197.16166611007887,200.3511199951172,30415600
2020-05-04,198.3007346340291,203.9565715140758,196.874393243627,203.31272888183594,19250700
2020-05-05,205.05604687872122,208.3841718350032,204.54097578283546,205.10557556152344,21071200
2020-05-06,206.14560863533606,209.59260555857895,204.69946778308397,206.49229431152344,21857000
2020-05-07,209.15675609529208,209.592584290606,207.0568579827823,209.25579833984375,15152000
2020-05-08,210.2265074311247,211.18730635477021,208.84969481590548,210.33546447753906,12506000
2020-05-11,208.88933933289755,212.96034940752835,208.37426820937807,211.15760803222656,12911900
2020-05-12,211.2665356647496,213.23766220480525,208.00775416631745,208.1068115234375,14704600
2020-05-13,207.44317527623556,208.780374161541,200.19262640475492,203.15426635742188,20684600
2020-05-14,200.6383266214866,204.96686393499513,198.78607200248504,204.84800720214844,17178900
2020-05-15,203.3226454828138,209.33505264954582,202.1835462529561,208.87942504882812,19383200
2020-05-18,210.1373687971041,212.60375209984952,208.9388562920264,211.16751098632812,20151900
2020-05-19,211.24674146908606,218.3982475445858,210.81091326951062,214.82249450683594,31843200
2020-05-20,221.37969340297735,229.1453130251818,221.07263673865003,227.78831481933594,50162900
2020-05-21,232.4932501138746,234.94971851863545,229.00663955890252,229.19483947753906,47782600
2020-05-22,229.31368856096068,233.75119825144705,226.56997808162896,232.6814422607422,33925600
2020-05-26,237.4953382827712,238.6146078462338,229.47217585474306,229.9971466064453,33178300
2020-05-27,226.89685846103117,228.37271340715165,219.03218149536397,226.9661865234375,34697600
2020-05-28,222.17210705247058,229.43257040221073,221.87495007866607,223.32110595703125,29377200
2020-05-29,223.06357742170158,225.3318611929218,220.7655945765968,222.95462036132812,23241500
2020-06-01,222.45935143006128,230.23488593731878,221.37969569141703,229.7099151611328,18223800
2020-06-02,228.74912522802344,230.78958004104243,224.41067249204914,230.51223754882812,20919000
2020-06-03,229.9079990102644,230.44286944052297,226.36196025593873,227.97650146484375,15380300
2020-06-04,227.3822322563946,229.4326020558968,222.47919441128238,224.14324951171875,17041500
2020-06-05,224.55923810894672,229.1552184226013,223.17251066003203,228.58071899414062,16750400
2020-06-08,226.85724614811966,229.35334374484927,225.2526195358098,229.2047576904297,15466500
2020-06-09,229.32361384245348,237.49534751248987,228.22414361683278,236.40577697753906,27462900
2020-06-10,238.6740581935946,238.92168648412354,233.04793557348057,234.4841766357422,20720700
2020-06-11,227.75861027109283,230.6806212222183,221.42923145415418,222.30087280273438,26708200
2020-06-12,227.71896853012632,229.46228135775317,222.37020353307253,226.4114990234375,22091400
2020-06-15,222.95462009483168,231.55228282066503,222.6673779072991,230.29432678222656,15340300
2020-06-16,234.8902834595126,236.19776804816235,230.78955969861352,233.41441345214844,15236700
2020-06-17,232.77060720431487,235.33603282230533,229.53162473596834,233.2955780029297,19578100
2020-06-18,232.76069094379193,233.89977502255985,229.9476221064844,233.70167541503906,15782500
2020-06-19,235.53411453869936,238.54528296897328,233.31537476274084,236.52462768554688,30081300
2020-06-22,236.29681920445782,238.41651678179036,234.66247852104016,236.9505615234375,18917800
2020-06-23,238.99102571857034,242.8639359908621,237.5844987762971,239.94192504882812,24017900
2020-06-24,238.91177354502253,240.9126143800484,230.47259710597137,231.79989624023438,20834900
2020-06-25,232.3941808369778,235.04876382884933,230.532026469279,233.44412231445312,18704300
2020-06-26,230.43298621933891,230.87871412874867,213.35653350849708,214.03009033203125,76343900
2020-06-29,207.76012670382838,218.6557710124916,205.14517267431043,218.54681396484375,58514300
2020-06-30,218.49726665619764,225.34171535206025,216.3973838595162,224.91580200195312,33927100
2020-07-01,226.33225494067122,236.73264302328414,225.4011701607447,235.29640197753906,43399700
2020-07-02,236.73263132792454,237.723144429715,230.4032532120446,231.20556640625,30633600
2020-07-06,231.54235343261277,238.1193602840796,230.066498480671,238.00050354003906,26206200
2020-07-07,237.13875590935973,245.3005745593555,236.5543567805918,238.5749969482422,27887800
2020-07-08,235.85108740206294,244.6468490348312,234.34550317797846,241.26919555664062,29791300
2020-07-09,242.67572227431222,244.19120618796399,236.97037195903678,242.1804656982422,22174900
2020-07-10,241.3781583911203,243.1610851315645,237.04962064645625,242.7450714111328,22982700
2020-07-13,244.6666559122793,247.77686670259865,236.15815129696398,236.73265075683594,24674900
2020-07-14,234.51390872770133,238.05004824119032,229.82878534509166,237.4557342529297,23378100
2020-07-15,239.2584594992504,242.49744180063882,235.7916634004404,238.00050354003906,19133600
2020-07-16,235.74213652693155,239.4664606377342,234.08798133221208,238.6443328857422,18880700
2020-07-17,238.71367461878876,241.84369987186327,235.6034638610969,239.73390197753906,18152400
2020-07-20,237.78259966850712,243.71577925976968,233.4045330775278,243.0917510986328,20872200
2020-07-21,243.8841532950984,244.56760979887397,237.80240305160552,239.45655822753906,19364200
2020-07-22,237.9806904035096,239.60513140880883,235.86099280983828,237.59439086914062,15427900
2020-07-23,237.35670946425967,240.12023495076002,229.55145973995508,230.39340209960938,21771800
2020-07-24,228.00621496217153,231.27491124443705,224.74741836994428,228.5212860107422,18325800
2020-07-27,229.26419550601724,232.72107695507452,228.64016734377225,231.2848358154297,13163100
2020-07-28,232.4041293505194,232.7310005376408,227.64966271407718,227.93690490722656,14170100
2020-07-29,228.9472154561437,231.48292677466168,228.12508770436878,231.07681274414062,13588300
2020-07-30,228.0359495718187,232.66164439115454,226.82752226156467,232.2753448486328,20615300
2020-07-31,253.39310127845968,253.4228154661814,246.63779380778402,251.26348876953125,53005100
2020-08-03,250.25315883281732,252.97707018613488,247.95517602313345,249.56971740722656,23124900
2020-08-04,249.17349876929944,250.40174058128656,245.08267440703182,247.4599151611328,17183500
2020-08-05,247.816509250645,249.876778597849,245.41946903013726,246.75665283203125,13050100
2020-08-06,246.67739663614861,264.0708208389535,246.31091159464353,262.7633361816406,45241600
2020-08-07,261.574658174132,276.24418342614825,260.9308307735969,265.893310546875,72766400
2020-08-10,265.49713830768127,271.2619015442158,257.2263479231797,260.50494384765625,30248800
2020-08-11,257.72163069060684,263.39728218149816,252.70963634088181,253.7001495361328,28238300
2020-08-12,256.5132140339025,261.3964370345098,255.66135693202366,257.42449951171875,21415700
2020-08-13,259.06867318155076,262.6444409698594,257.1074767108766,258.821044921875,17374000
2020-08-14,259.8215140895644,260.15828494892105,256.225946350694,258.76165771484375,14792700
2020-08-17,260.0097181587884,261.59454534365483,256.93912115587176,258.68243408203125,13351100
2020-08-18,258.4744291902361,262.6345664541101,256.8004594797997,259.8512268066406,18690400
2020-08-19,258.91021840510547,265.3683525530342,258.87058941959225,260.09881591796875,23291500
2020-08-20,259.01921316359085,267.0720906693738,258.9795841699943,266.4579772949219,20299700
2020-08-21,266.14098356617495,267.92389516420616,263.8925295734932,264.4769287109375,15538600
2020-08-24,268.49839720097054,274.61976099381667,266.22019890079457,268.81536865234375,23685600
2020-08-25,269.82569495992783,280.40436830954553,267.69609770035703,278.1559143066406,42127200
2020-08-26,281.305706478762,301.77962454289684,281.305706478762,301.0268249511719,69015200
2020-08-27,297.31239528148285,298.37225148034645,289.2496046923754,290.438232421875,30301300
2020-08-28,292.20136841708177,294.4102235417943,288.2195165838053,290.87408447265625,17157400
2020-08-31,291.16140305781613,294.06359983618796,288.7841469028503,290.41851806640625,17345100
2020-09-01,291.9141215506927,298.62979948886294,289.9330952535562,292.63720703125,17295900
2020-09-02,296.0445960038457,300.71981961095383,290.2698870040415,299.6302490234375,24341400
2020-09-03,293.18201007035765,294.7767521370946,280.93928068973946,288.35821533203125,32294100
2020-09-04,284.52486802575464,286.2582658292188,268.5677176130474,280.0477600097656,30333700
2020-09-08,268.7064116756068,276.6503164206625,266.8640716880054,268.5875549316406,24864000
2020-09-09,273.1538311094905,275.83814381106316,268.7757794234972,271.123291015625,22918800
2020-09-10,272.8962507391963,276.5116172023564,264.4966894805517,265.546630859375,24814700
2020-09-11,267.4980017450848,268.81540127495344,260.1484104713204,264.0807189941406,18913900
2020-09-14,268.37954215146976,274.0155642266359,263.17934826766725,263.62506103515625,24093800
2020-09-15,268.1022038186588,271.9156552097692,266.74517543078093,269.8356018066406,18478500
2020-09-16,264.75427352603526,269.855410303088,259.30645109406254,261.02001953125,29183400
2020-09-17,255.82975519397576,259.0192089957032,247.81650681073077,252.402587890625,31281400
2020-09-18,255.94861575696277,256.74104448761796,247.6778392524276,250.13430786132812,28130800
2020-09-21,245.19163898459442,247.5787795028881,241.81400034758389,245.7958526611328,24709400
2020-09-22,250.90691044631254,252.89785176375196,245.86520160089765,252.333251953125,30293100
2020-09-23,252.83838525489884,255.54248196553817,245.7958360416711,246.6575927734375,19641300
2020-09-24,244.16151161992903,249.84706301107562,243.28985513952165,247.1627655029297,20006800
2020-09-25,247.03399289713417,253.32375793748028,244.27046764253592,252.402587890625,18351300
2020-09-28,256.9391012873282,257.1372160056408,252.4025644273637,254.3835906982422,18826300
2020-09-29,255.36417407171507,260.8317953769784,254.46280354389455,259.3064270019531,20200200
2020-09-30,259.49466325844844,263.5557432623585,257.6324935755289,259.4154052734375,20142500
2020-10-01,262.83266928483647,265.78437911337403,262.28786891780663,264.10052490234375,20009800
2020-10-02,258.73200121620226,262.6346264978124,256.721260188617,257.47406005859375,16367600
2020-10-05,259.71257353718573,262.3572268576038,258.3654598644868,262.1393127441406,12822300
2020-10-06,259.29654256724893,263.16945278093186,255.7901173986453,256.2061462402344,18696900
2020-10-07,256.7509204187862,257.71171944055556,252.40258315024641,255.6712646484375,23133400
2020-10-08,257.28581421510955,262.1096088597648,256.69150022520756,261.2577819824219,16312800
2020-10-09,262.01056661961593,262.23839556018595,259.6828845525268,261.9412536621094,14107800
2020-10-12,267.6366667626113,277.5219687105833,265.3287541821045,273.1340026855469,31019300
2020-10-13,274.9465745264862,276.4521735737783,270.7963530280109,273.520263671875,18063300
2020-10-14,274.9862357307587,276.10552034478957,268.9243005331314,269.24127197265625,15577800
2020-10-15,265.06135376876864,266.48769527790085,261.16864392129213,264.189697265625,15416100
2020-10-16,264.8434524289495,268.79559084443355,262.78316782604185,263.4071960449219,16622700
2020-10-19,263.010897709862,266.00223588336894,257.414505687864,258.9200744628906,13587000
2020-10-20,260.564388789371,267.1414106645317,260.386103675759,265.0216979980469,18763200
2020-10-21,276.90789765648015,280.3647794245517,273.7481577892493,276.0857849121094,28998600
2020-10-22,277.2149043218122,279.77044511999674,272.43073921348895,275.48150634765625,16720000
2020-10-23,276.1550324603238,282.53393906404915,274.1938359231687,282.0882263183594,17535200
2020-10-26,280.47373286217623,282.52410252514767,271.65817106561593,274.4811096191406,21322900
2020-10-27,276.11545467815995,281.8109052764516,273.688685375489,280.60247802734375,16287200
2020-10-28,276.14520978329614,276.14520978329614,264.7245927090761,265.1307067871094,23121800
2020-10-29,273.9264368689556,280.90957366487805,271.1827259516753,278.16583251953125,32368100
2020-10-30,271.89588234789227,274.0750235508318,256.64198461151057,260.6139221191406,47247800
2020-11-02,262.0897762109649,267.90408335811304,254.89864132483157,258.8804931640625,27165700
2020-11-03,260.66345954252125,267.48807982961034,258.4050906365558,262.78314208984375,17961900
2020-11-04,278.3342373494032,286.1989153710445,275.97681085849405,284.6537170410156,35364400
2020-11-05,289.13077414517744,294.5587969335678,286.2087785733373,291.8843994140625,23823600
2020-11-06,291.16141155218514,291.80523918457664,285.32727340663456,290.62652587890625,13891000
2020-11-09,287.1200375347447,289.8043196660716,275.88762221399816,276.1253356933594,25117700
2020-11-10,270.50917720371734,271.4006330916168,261.49550049703225,269.84552001953125,29067700
2020-11-11,270.8756923023238,275.75891595806905,269.89509373973243,273.8571472167969,14957000
2020-11-12,274.5504512711215,277.09607754025734,271.82653987438977,272.4703674316406,12899500
2020-11-13,275.08528548484037,275.1249144707013,270.5091200298355,274.3226013183594,10391200
2020-11-16,272.44065767533334,276.75931116953984,272.02465903750937,276.3135681152344,12970400
2020-11-17,275.0457120545683,275.0457120545683,270.69737460488284,272.3911437988281,15040300
2020-11-18,271.9156584966269,274.75845662285235,269.2610905148217,269.3898620605469,12152900
2020-11-19,268.44887882996005,270.87564828150806,266.6362529591288,270.3506774902344,12963700
2020-11-20,269.9742408194019,270.4100689898648,266.8541306843616,267.1413879394531,18114700
2020-11-23,268.32013762686375,268.3795660011434,262.02045790064136,265.8834533691406,20990800
2020-11-24,265.9428886912123,275.1843940979705,265.32877532223586,274.2929382324219,16930400
2020-11-25,275.5013516597804,277.5219767920536,270.06341372152616,272.97552490234375,12467000
2020-11-27,274.7584703788838,276.48195366964677,272.2128442064356,275.1744689941406,7808400
2020-11-30,273.4113529330627,275.0655232504647,268.4389876321645,274.3424377441406,16693300
2020-12-01,276.5116662012387,286.5554542457171,276.31355147168836,283.83154296875,20738900
2020-12-02,282.6528461537701,289.01195451109254,278.16582234605613,284.7923583984375,17361600
2020-12-03,283.5344304267989,283.9306296988125,278.4035788182657,279.1761779785156,12921700
2020-12-04,277.6407924293493,280.7708172564489,276.65027939145926,277.0465087890625,10880300
2020-12-07,276.54142400015206,285.7531860437853,275.56082545877786,282.87078857421875,13007700
2020-12-08,283.2967116671015,283.7127103151947,278.8790006930977,280.7114562988281,10747700
2020-12-09,280.96895232474276,284.9012905793724,269.1719375608537,275.2834167480469,25189700
2020-12-10,272.9260301926563,276.08576988793885,269.28091844832414,274.49102783203125,20065100
2020-12-11,271.92557828685716,273.8570910520238,267.68618314496956,270.9548645019531,14391400
2020-12-14,270.7766389578525,274.590121532011,268.9838121509901,271.5888671875,16376900
2020-12-15,272.2227423390629,273.4608838976601,264.93257935151405,272.9359130859375,23979500
2020-12-16,272.15346927375305,275.22403660666475,269.92481414163143,273.0548400878906,15885000
2020-12-17,274.4415244257095,277.77954937543234,271.014326679217,271.8760986328125,16377800
2020-12-18,273.1538647985093,275.36272052511436,268.5678132259464,273.77789306640625,26693200
2020-12-21,270.3902873168251,272.0642569384354,265.24952171191364,270.20208740234375,16553700
2020-12-22,268.9243189417739,268.9243189417739,262.1194984702345,264.55615234375,17312900
2020-12-23,264.35810063458706,269.5880094810701,263.70435825026846,265.5664978027344,14329000
2020-12-24,266.32922130050764,267.83479063643875,263.67465290765534,264.8632507324219,6702000
2020-12-28,266.1904833897249,274.66927318929925,263.1397163126322,274.37213134765625,23299700
2020-12-29,274.32263638023176,277.84886087106366,273.6589792514903,274.15423583984375,16383000
2020-12-30,275.31317000900395,275.4419113399665,269.13234677211716,269.29083251953125,11803800
2020-12-31,269.4195437400925,274.4612514275676,267.25031778952865,270.56854248046875,12900400
2021-01-04,272.1732040488789,272.3911181525234,262.68410130594947,266.38861083984375,15106100
2021-01-05,265.74484543633827,269.81584095316805,265.66558743754763,268.3994140625,9871600
2021-01-06,259.5145026588575,265.20995453018736,257.543390727675,260.81207275390625,24354100
2021-01-07,263.37743704138484,269.03325858891054,262.26806716460874,266.19049072265625,15789800
2021-01-08,265.7646168858987,266.3985598973074,260.6832789010712,265.0316467285156,18528300
2021-01-11,258.00890997150753,260.9705350047507,253.47234222288486,254.40342712402344,30412300
2021-01-12,254.19539817099584,257.25608022107684,247.92544802778156,248.70794677734375,26383500
2021-01-13,249.16357351275425,251.54079890890665,246.83586168041427,249.25271606445312,19528900
2021-01-14,250.99603885687142,252.61058020950628,242.28943447826555,243.30966186523438,29739400
2021-01-15,245.54819035350545,251.45165505345187,244.81522033574126,248.97537231445312,24942900
2021-01-19,254.46281857766618,259.7125563349914,250.3224809241671,258.62298583984375,28028500
2021-01-20,266.37863896305737,267.7554664656554,261.0992182681586,264.9424133300781,25199900
2021-01-21,266.7056032844539,271.0044270962668,264.95237551283566,270.2813415527344,20838700
2021-01-22,269.4295058227628,275.8282126455766,269.41959101775956,271.8958740234375,21954000
2021-01-25,275.50136066601914,277.4427581073414,268.9342532012916,275.3725891113281,19087000
2021-01-26,275.5012968450638,282.6825160042393,275.1744106314857,279.3741760253906,19373600
2021-01-27,279.84964208936856,280.7609273673259,265.57634585614994,269.5582275390625,35346200
2021-01-28,274.550435696971,284.06928306563213,262.18885056916974,262.4859924316406,37758800
2021-01-29,262.78307261316525,264.03112859872346,252.43223045915525,255.8791961669922,30389500
2021-02-01,257.0579547960191,261.6638650003675,252.49170380850907,259.52435302734375,22914300
2021-02-02,261.4954669830708,266.2994617213646,260.772381514235,264.5462341308594,17320800
2021-02-03,263.1000730545804,266.64612672218544,261.33696102431526,264.12030029296875,14223400
2021-02-04,264.4769392373678,265.61602337189447,261.4954848320222,263.96185302734375,16060000
2021-02-05,264.26889436756255,266.61643590721326,263.1496399079413,265.55657958984375,12454400
2021-02-08,266.2003910458413,267.2998460584593,262.4859669847365,264.05096435546875,13755200
2021-02-09,263.9123745439926,270.7964542912547,263.22891792680264,266.8938293457031,14613400
2021-02-10,269.8653471324154,271.20251583785296,265.18020857644575,269.29083251953125,14687200
2021-02-11,269.3106600004004,270.98459957032827,265.94289079360317,267.82489013671875,12828600
2021-02-12,267.9536067539664,268.60734906106114,265.7942953392994,267.9338073730469,9097600
2021-02-16,268.23094024278475,273.9759344635849,267.48805540434125,271.3708801269531,15417200
2021-02-17,268.6667882648939,271.3709001585379,267.02253274039873,270.9747009277344,12763200
2021-02-18,267.0126662352342,269.37009262595393,263.5062408377742,266.8343811035156,15249100
2021-02-19,267.2998602139807,267.7059742268689,257.68198613294555,259.07861328125,25622600
2021-02-22,255.50289448032092,260.57431727644223,255.08686563198498,257.86029052734375,17434900
2021-02-23,257.038239608802,264.9227181865067,252.54131520763295,263.337890625,21924600
2021-02-24,259.8412938890822,263.8528901684007,255.9386999997933,261.8025207519531,15736100
2021-02-25,259.81161020039735,264.4076061335557,251.6299762966957,252.27381896972656,19053100
2021-02-26,254.03691078720234,263.0307569595766,254.03691078720234,255.17599487304688,26619500
2021-03-01,258.3456252538268,264.12030313105396,255.45331379936135,262.3968200683594,22157300
2021-03-02,263.2585543950833,264.1797242669648,256.1961915878737,256.5428771972656,15191700
2021-03-03,257.82067803559465,258.5140191084855,252.6799123337916,252.98696899414062,15513500
2021-03-04,254.03690238341665,263.9618330140311,251.09507719297997,255.19581604003906,31626500
2021-03-05,258.19708900779926,262.93174089217274,253.18507952266302,261.7728271484375,26820100
2021-03-08,263.03075387955346,263.06046806481663,252.63038095858866,252.88790893554688,18391800
2021-03-09,258.7022559199374,265.98253470593613,257.3452575381522,263.218994140625,22039700
2021-03-10,266.0915031279357,266.41835921131224,260.37622213319213,262.386962890625,14210300
2021-03-11,265.5665179792452,275.26365207461583,265.2792908738795,271.28179931640625,21834000
2021-03-12,266.58672955021365,267.1810132708041,261.5152767193577,265.8537292480469,20600200
2021-03-15,266.52727474099765,273.34201029595243,265.9527903935681,271.1529846191406,16844800
2021-03-16,273.4608392009027,279.46337630569644,272.1929836612508,276.6304931640625,22437700
2021-03-17,273.0943662068009,283.5145836650354,272.79722435946263,281.3156433105469,21315000
2021-03-18,277.2149482469217,282.48448617805656,275.6400357510803,275.976806640625,18728300
2021-03-19,278.5521113181405,290.0222403798668,278.5323119370961,287.3577575683594,38930500
2021-03-22,287.69453671035484,296.8666672930708,284.02962621633924,290.7552185058594,28273100
2021-03-23,290.3688846530952,295.1728788272715,287.06057480635786,287.872802734375,23000900
2021-03-24,288.2393104113675,288.9524810483119,278.49266519183493,279.46337890625,18675000
2021-03-25,278.31441223217263,285.3272324486529,275.11504368631864,276.09564208984375,24505600
2021-03-26,275.6598286851205,281.80102299989466,275.134857865456,280.3350524902344,17629200
2021-03-29,283.05892572272546,290.3986316289947,281.9990996490315,288.06103515625,21718800
2021-03-30,287.08041754109826,289.6953868082589,283.9801367237427,285.2677917480469,17474500
2021-03-31,287.238931680073,293.68718270002597,285.872018539616,291.7358703613281,19498200
2021-04-01,295.5691170650101,299.5311696536244,293.78620549135866,295.82666015625,17616000
2021-04-05,298.0354965772431,307.8217404629152,297.8274670652439,305.9794006347656,28237000
2021-04-06,305.910094507977,308.3962923247204,302.3541557305206,303.3545837402344,17335200
2021-04-07,303.43381723603534,311.26878046067907,302.6017897557278,310.1197814941406,22855200
2021-04-08,311.8630710295713,312.8832983639885,307.108589777209,310.0504150390625,20894100
2021-04-09,308.4458468560616,311.7541577716979,307.3859903315603,309.49578857421875,15988600
2021-04-12,308.099100661692,309.1886711632703,305.0087044958058,308.58447265625,10881900
2021-04-13,309.2480583171856,311.4469984080027,306.38549143753363,306.8213195800781,14036900
2021-04-14,304.3847152026459,305.1078007704787,299.0854934006463,299.9472351074219,17421400
2021-04-15,303.43377948547317,307.1977474030396,301.2150398140224,304.8997497558594,14558300
2021-04-16,305.24647144717045,306.01907054746965,301.72021658409255,303.27532958984375,13059200
2021-04-19,302.11642139777234,304.7809041528577,297.70862584969257,299.3726806640625,14553500
2021-04-20,299.1250662660289,302.20557798174207,294.3904144635005,299.77880859375,16796400
2021-04-21,299.08544252148204,299.11515670534817,294.5687052054597,298.6099853515625,14863500
2021-04-22,298.47133640268356,300.04627902909255,293.23154321342037,293.70697021484375,16375400
2021-04-23,295.92568231634647,299.7193339183439,294.3309406205306,298.273193359375,17536800
2021-04-26,300.46221139043513,302.8988649195366,298.69909945018156,300.1650695800781,16172600
2021-04-27,301.3932887117835,302.4432300536157,298.25334926102005,300.6900329589844,15309300
2021-04-28,304.44412787157387,307.9703827339586,302.4730162426991,304.1866149902344,33907200
2021-04-29,326.9882012067515,328.6621708739154,318.5589244992749,326.3840026855469,56526800
2021-04-30,323.04597394835133,326.6910550934909,321.42151786937205,321.9960021972656,26332400
2021-05-03,323.07568311712924,325.4330789910443,318.78674430724675,319.51971435546875,18719500
2021-05-04,316.9839769783513,319.13340360804307,310.14944294447713,315.3397216796875,24032600
2021-05-05,315.1713730055257,318.01414083186467,311.5064623594347,312.03143310546875,15577600
2021-05-06,311.53621643295116,317.20195343071083,310.298074870749,316.9840393066406,19012200
2021-05-07,319.3216289593414,319.87631389610857,315.72606144661245,316.05291748046875,15916700
2021-05-10,311.36776443440465,311.59556307613485,301.93806142418407,303.0672607421875,24239200
2021-05-11,297.8968741459772,303.929096498822,296.84693246914446,303.6220397949219,18920100
2021-05-12,298.27326713092435,302.06691967120116,295.3611556861934,299.6797790527344,24645500
2021-05-13,303.17627257275063,305.92989811064587,299.89767623825156,302.36407470703125,18079200
2021-05-14,306.60344056413004,313.84408907517695,306.1477827633355,312.9427185058594,19245700
2021-05-17,310.5754013196184,312.6851992690574,308.6240891093178,312.46728515625,15401300
2021-05-18,312.596064498234,313.49743515875963,306.8708992769691,307.01947021484375,14522400
2021-05-19,301.30417341477965,311.67484647482985,300.69006014739387,310.614990234375,19106200
2021-05-20,310.6051220589719,316.22134531367755,310.1891234345134,315.58740234375,17320200
2021-05-21,316.26094825236805,316.89486094200856,312.8139516504999,313.22998046875,13600900
2021-05-24,315.19118516139713,322.8577775987572,315.0129000467769,321.55029296875,16445400
2021-05-25,323.97701178562494,326.05709534340707,321.71864312439146,324.6802978515625,16437000
2021-05-26,325.23503126690184,326.7009715290639,322.7290339567314,324.55157470703125,9686900
2021-05-27,324.8882639345417,330.6134278642659,323.6600374877677,329.59320068359375,20477700
2021-05-28,327.85987379111714,329.71212866456455,325.2151902097347,325.6114196777344,12037400
2021-06-01,327.0178807987372,328.2758517312237,323.5412005123104,326.007568359375,11765900
2021-06-02,327.2457162381964,328.7215710545583,324.0166339241082,326.0273742675781,11654300
2021-06-03,322.68938682846266,324.27421398298367,320.4112185756325,322.9469299316406,12610800
2021-06-04,322.80820810196184,329.3059715162057,322.0950374722004,327.21600341796875,13289400
2021-06-07,326.3542229436437,334.48632593124245,325.8094226754698,333.3868408203125,20136700
2021-06-08,333.5057732079439,335.09056998714277,329.0880630131473,330.514404296875,14580500
2021-06-09,332.55494354849145,333.6048852846952,326.8694065737959,327.1170349121094,13727900
2021-06-10,327.6518596910735,330.7719701283223,325.433089637067,329.3059997558594,13240200
2021-06-11,329.42485552916145,329.6724838207225,325.8094885179826,328.1174011230469,13587900
2021-06-14,328.75136969214526,333.6247085984903,326.6812004503,333.5751647949219,12250800
2021-06-15,333.7930418700533,336.6952685913307,331.8516444137822,333.5553283691406,15795200
2021-06-16,333.505796319182,334.34770833095126,325.6014903431111,327.9390869140625,17232200
2021-06-17,327.3547177791445,334.7736826551358,327.0179468979532,333.317626953125,17794100
2021-06-18,331.3564183021313,332.9610450371236,325.8788808752655,326.5326232910156,23039500
2021-06-21,327.94897595830304,329.7616318441304,324.5416085040417,329.1376037597656,11337500
2021-06-22,329.53384010249897,336.6952614461643,329.4446975415484,335.8136901855469,15345300
2021-06-23,336.1306296188668,340.1620252276405,334.99154558901347,337.3588562011719,14817800
2021-06-24,338.6068863377012,341.6279389967801,338.54745797397277,339.92425537109375,12329100
2021-06-25,339.33989698064187,340.85538089347347,336.4575000821068,338.1314697265625,14594400
2021-06-28,339.21115629947866,354.7424269031566,338.52769974443873,352.2661437988281,29156100
2021-06-29,352.8900882087451,353.355630570849,345.7385824793546,348.5516662597656,21417300
2021-06-30,348.8290572016556,349.5719421235001,343.87649105602554,344.4113464355469,15107500
2021-07-01,343.5297626353316,351.30529656208586,343.212791186716,351.0279541015625,17137000
2021-07-02,351.7312822860407,353.0585664935422,349.27479839611823,351.3350830078125,11521300
2021-07-06,353.11799934168954,355.3862833132412,345.86743456891355,349.43328857421875,13488500
2021-07-07,351.889683692401,353.1079954252127,346.679575259803,347.1649169921875,14218900
2021-07-08,342.450168634986,345.025478991501,339.3102282236639,342.37091064453125,14406500
2021-07-09,342.04401882253586,347.38286914804826,341.99447502666163,347.09564208984375,13018700
2021-07-12,347.8979482028553,350.8298586937266,346.3230359052164,349.80963134765625,10018600
2021-07-13,348.16541768709016,355.08909583667725,345.4910197416527,348.74981689453125,11456000
2021-07-14,351.19634118213213,351.83028410965335,343.4406364928842,344.33209228515625,13894200
2021-07-15,345.9169365102335,345.9169365102335,336.99240288481633,341.1921691894531,14781600
2021-07-16,341.63788613898663,342.7076270154176,336.9131494069854,337.9234619140625,11026100
2021-07-19,334.3675312852325,336.5664716872563,331.3662776499896,333.75341796875,14372300
2021-07-20,335.5858180559375,340.1917280417632,331.3266239203824,338.418701171875,11024300
2021-07-21,338.26023552556944,343.23260058003626,338.0126072418758,342.94537353515625,9279700
2021-07-22,343.3911131424493,348.20502307221824,341.93505751142794,347.85833740234375,12385400
2021-07-23,357.4860988835714,371.7692813507044,353.80138881530655,366.2818603515625,33694300
2021-07-26,366.0739218523754,370.8878326000376,364.72683816441463,368.9266052246094,14925200
2021-07-27,368.38175825329347,369.60998491635195,361.09156557240647,364.3206481933594,15705400
2021-07-28,371.0066252299384,373.9682500525475,363.44900460704366,369.73876953125,29676900
2021-07-29,357.5752528439892,362.05236147117967,353.3556570848168,354.9206848144531,33413200
2021-07-30,350.64166212286204,357.3078266379785,349.5917205810782,352.9198303222656,15976200
2021-08-02,354.7027643160536,355.9904193171257,347.41257182876404,348.6111145019531,13180400
2021-08-03,349.3837527426924,350.41386476788495,344.40147225885227,347.9078674316406,12406100
2021-08-04,349.0766488182595,357.0601821876384,348.1752782471282,355.5149841308594,14180600
2021-08-05,356.2281851237261,360.44775084051633,353.5141583749958,359.5265808105469,10247200
2021-08-06,357.9714638352485,361.6858883290317,357.9714638352485,360.06146240234375,8925000
2021-08-09,360.3091014996605,362.3099273381694,357.327647010322,358.1794738769531,7798900
2021-08-10,358.39732048436093,360.6458044343905,355.63381086294225,357.7039794921875,7469900
2021-08-11,358.66487902878146,358.9223919367599,354.4155684243597,356.545166015625,8400300
2021-08-12,355.0494877173457,359.55631092838996,353.722173357298,359.2096252441406,7170700
2021-08-13,359.5265893080232,361.2005590896514,358.0507342641751,359.7345886230469,7195700
2021-08-16,359.0808377023878,363.468834192293,353.9896155259015,363.08251953125,11222100
2021-08-17,359.5365234888559,361.21049336069484,351.70155976804085,355.04949951171875,12328700
2021-08-18,352.87034039225625,356.44607866542657,351.7807697868356,352.07794189453125,10042400
2021-08-19,348.01681377043064,354.1778069933524,347.67012810989354,351.75103759765625,12004500
2021-08-20,351.23598679466534,356.57483722451366,349.9582163027017,355.9607238769531,8697700
2021-08-23,356.0300441114628,362.2207512130169,355.6932732725057,359.9029541015625,10942000
2021-08-24,360.2100554114827,364.46925033414766,358.407314025286,362.0425109863281,9235100
2021-08-25,362.13163182833034,367.34171070327176,361.9335170971799,364.8951721191406,9684500
2021-08-26,364.8852090123006,365.9351504466709,360.675528471155,360.92315673828125,7888700
2021-08-27,361.6363171638935,370.19433411597373,360.62597451653704,369.0948791503906,11219100
2021-08-30,369.02554420163244,377.87081859633844,367.0048890899752,377.0487060546875,13547300
2021-08-31,376.3454529760262,379.1287922840251,375.20633876326497,375.7808532714844,12345400
2021-09-01,375.98888322266714,380.6839058837033,375.2162841742934,378.425537109375,11567200
2021-09-02,377.8808118531289,378.12844017020166,370.51139071879635,371.7198181152344,14832900
2021-09-03,371.1948061802109,373.58194651977135,369.57035009065925,372.69049072265625,7509600
2021-09-07,372.31407030850613,379.32688978335847,369.6099586529163,378.5542907714844,10793800
2021-09-08,376.55352385584115,377.25677980528826,371.23447249592255,373.98809814453125,11067200
2021-09-09,374.05743121101506,376.2266273779361,372.99757479869385,374.41400146484375,9098900
2021-09-10,377.74212665130995,380.14909687401274,374.67155969258806,375.09747314453125,11549600
2021-09-13,378.05907727144006,378.12842045134016,370.79862869383606,372.9381408691406,13026300
2021-09-14,373.8196578663158,374.99837093653537,371.55137428227204,372.9579162597656,8711600
2021-09-15,373.42344778594537,373.9781327171968,364.1819736384334,370.3726806640625,17940300
2021-09-16,369.25338533459865,370.0160695360303,366.2025880727504,369.52081298828125,11934200
2021-09-17,367.88651504280114,367.88651504280114,358.1596680635038,361.2599792480469,26299000
2021-09-20,355.891384903415,357.60498364190755,346.4815093914498,352.3255615234375,19822800
2021-09-21,355.0989967051978,356.6243955593657,351.8204002975178,354.08868408203125,11751900
2021-09-22,343.9358922217958,346.5211170358192,337.4579277519435,339.9540100097656,43692900
2021-09-23,342.08363401545523,346.35277383923835,339.7460373061436,342.6779479980469,21806300
2021-09-24,339.98372225097893,350.988339011627,339.1219806512323,349.61151123046875,18801900
2021-09-27,346.49139286640155,351.7807293117022,343.787281160632,350.2256164550781,15205800
2021-09-28,344.6688992571174,346.2834407025634,335.7047663722413,337.4183349609375,21710300
2021-09-29,339.8946397281497,341.9549243615631,335.66515873365785,336.3882141113281,14452200
2021-09-30,337.2202296554088,339.54791148346095,334.94203116786514,336.1702880859375,16547100
2021-10-01,338.36917783747884,341.7468312581869,335.4273828428636,339.75592041015625,14905300
2021-10-04,332.3468924966681,332.75300653568115,319.6386214521133,323.1351318359375,42885000
2021-10-05,325.4628469564341,332.0002407849155,323.0658216971,329.8013000488281,35377900
2021-10-06,326.6118276783232,331.2078236438207,322.7092030754351,330.474853515625,26443000
2021-10-07,333.8029318269269,335.6254723970714,325.859027239439,326.09674072265625,28307500
2021-10-08,328.36499407346145,330.2370480375856,325.5915393696402,326.9188232421875,15946100
2021-10-11,324.5217990112097,327.3249376734873,322.2238014549604,322.36248779296875,14708200
2021-10-12,319.9654552495772,321.3026540210022,314.35914730509916,320.69842529296875,31658700
2021-10-13,323.8680601138579,323.8977742968728,319.59895119503994,321.46112060546875,14761500
2021-10-14,325.24489901662633,327.3844111505611,323.996872942879,325.4132995605469,14302200
2021-10-15,325.561841086551,325.9481557081449,319.45039213783303,321.6790466308594,21596400
2021-10-18,325.82932780455684,332.7034918007029,324.39307157962,332.15869140625,21585000
2021-10-19,336.4278165275038,339.2111563186814,334.0803049809579,336.76458740234375,18786300
2021-10-20,340.1917414227474,340.71671216455144,336.22968896292474,337.54705810546875,13639500
2021-10-21,337.05183054893917,339.0625711361868,334.5953469303838,338.63665771484375,16354400
2021-10-22,323.2539392841174,326.5028208726732,318.0636303571364,321.5304260253906,35224500
2021-10-25,317.26132757185974,326.43348836966,316.6868432855544,325.5717468261719,38409000
2021-10-26,325.14583430083223,327.0773166758595,306.6628565445558,312.8139343261719,65654000
2021-10-27,311.20930758571666,316.22130136132716,309.09950988501515,309.25799560546875,29971800
2021-10-28,310.02071235486125,322.4318413639848,305.1870031716,313.9134521484375,50806800
2021-10-29,317.15242672886217,322.9073060534718,316.5680275630656,320.5003662109375,37059400
2021-11-01,322.94695416563655,330.2866611044085,322.9073251710822,326.8495788574219,31518900
2021-11-02,328.23627153602354,331.61392520094756,320.72816449549913,324.9675598144531,28353000
2021-11-03,324.38314432824427,328.9989392702953,320.13386464609914,328.4739685058594,20786500
2021-11-04,330.84127795024574,334.0703299815664,329.49416446554864,332.663818359375,22495300
2021-11-05,337.08154024248904,343.50007657621416,336.4179133349289,337.8937683105469,26872800
2021-11-08,341.1525567353101,341.51904176895226,335.1302197794764,335.4075622558594,18342500
2021-11-09,336.7744965969037,338.0720665037819,331.2969596702002,332.18841552734375,17556700
2021-11-10,329.3357337761351,330.0291051275324,322.4219707849591,324.5317687988281,21872600
2021-11-11,326.69111350999265,329.3060529806335,323.8978586667541,324.6308288574219,12376600
2021-11-12,327.0476189596031,338.61680509690734,326.6514197520635,337.6560363769531,25414300
2021-11-15,341.073332953002,350.29500900244346,339.94416355310403,344.2627868652344,25076600
2021-11-16,340.5681320074988,343.36138641858486,337.6362214703641,339.7063903808594,18181100
2021-11-17,340.9742524042192,344.0052203611665,336.8735434975521,337.53717041015625,13602800
2021-11-18,336.4971255196184,339.2111218533816,332.1190441354008,335.4768981933594,17487200
2021-11-19,338.9536034172678,348.75967730773914,336.6754050932599,342.024169921875,26488500
2021-11-22,345.738575148364,350.4732264159791,337.2796152909483,337.7748718261719,27116800
2021-11-23,335.7146531726207,338.1612221428019,330.3361734060821,334.05059814453125,17225000
2021-11-24,332.81246802257795,338.5376336740818,329.6527281847135,337.824462890625,13566200
2021-11-26,332.6143153952262,334.54582819698936,328.7513200197634,329.9597473144531,14750700
2021-11-29,333.6939813901827,337.4381197957983,332.1289537240327,334.8231506347656,16650900
2021-11-30,331.8219143229741,332.6242275781667,320.3616696093828,321.38189697265625,25390000
2021-12-01,327.15658711328444,327.36458640478276,307.34632469847156,307.65338134765625,30329600
2021-12-02,308.4458324380547,311.6154870570519,304.2856947571959,307.4454345703125,24396200
2021-12-03,310.75369663856657,310.7734960191587,296.65868384936425,303.9290466308594,27471000
2021-12-06,305.2068716833808,317.06331723793323,303.4338443909238,314.8544616699219,21758300
2021-12-07,318.51933191824395,323.4421836531545,317.95473214847874,319.74755859375,18794000
2021-12-08,321.9168207655429,329.5932987991828,320.00513736157893,327.424072265625,19937700
2021-12-09,326.4137280700366,332.9412064242333,324.88832927968264,326.6910705566406,16879200
2021-12-10,329.40504357422094,331.85161221057876,323.27376489096105,326.6217041015625,14528000
2021-12-13,327.81034707112775,337.8541349382615,326.46323343571163,331.3167419433594,22948700
2021-12-14,324.9377702425609,332.51521870439524,324.54157109709314,330.57379150390625,20461000
2021-12-15,329.33568296465285,338.8644139192367,320.9064372430149,338.418701171875,24681300
2021-12-16,335.7641189418493,341.19211101888834,330.57381009178704,331.7228088378906,22635000
2021-12-17,329.64278445219395,333.91189397235667,327.61224446134634,330.6234130859375,40012600
2021-12-20,326.65139604674306,326.77025277757326,319.4701763545088,322.36248779296875,17901800
2021-12-21,323.3134343162159,332.8124527785697,320.67866543768434,331.029541015625,16116800
2021-12-22,330.63325815367176,331.33654421348325,325.14583738595,327.3150634765625,16764600
2021-12-23,326.96837923216304,333.47605753153755,325.2448658890035,332.0596008300781,13987700
2021-12-27,335.6354251082656,344.5698438556296,334.80339759497355,342.8958740234375,17795000
2021-12-28,343.3415693308542,349.36387583007934,341.92514281693957,342.9354553222656,16637600
2021-12-29,343.6189537858467,346.3725794005129,338.3989598617032,339.6866149902344,10747000
2021-12-30,340.7365084046527,343.9358766185774,339.9639093912297,341.09307861328125,10593300
2021-12-31,339.7657624792249,340.18179124459226,333.07979964851836,333.1590576171875,12870500
2022-01-03,335.0906254019801,337.84425106909487,333.99117018748643,335.328369140625,14537900
2022-01-04,336.72493992335905,339.83513533403027,328.72157715983485,333.3373718261719,15998000
2022-01-05,329.8606514915628,332.57467785681666,320.76774876914794,321.0946350097656,20564500
2022-01-06,319.757468523727,335.95236488514416,319.6584111611982,329.3059997558594,27962800
2022-01-07,329.5833338518881,333.80292951818393,325.7599676256304,328.6423645019531,14722000
2022-01-10,322.22384601970924,325.2250998004948,312.4375707870831,324.9576721191406,24942400
2022-01-11,323.67988482158984,331.45541906764635,322.1941151017598,331.1978759765625,16226800
2022-01-12,332.00021818670064,333.17893135223176,326.8990810822945,330.09844970703125,14104900
2022-01-13,331.802144743855,332.44597232117496,322.6696112217425,323.3827819824219,14797100
2022-01-14,318.73729787854415,329.5735162954119,318.1627832104967,328.7513732910156,16868500
2022-01-18,320.22305837331334,321.1343136962581,314.6266641838796,315.1318054199219,22645600
2022-01-19,316.5482211805325,323.9969004028835,316.3005928601739,316.5581359863281,20814700
2022-01-20,320.8272174640283,324.7100424845301,312.9823698959232,313.5568542480469,16925000
2022-01-21,311.8234415975488,315.29023761436935,300.1651127316576,300.29388427734375,28710700
2022-01-24,295.01446719943397,306.593569684713,286.2682483704496,305.7813415527344,38878100
2022-01-25,297.1044667528209,303.32488886516785,294.75692491667803,297.30255126953125,25108500
2022-01-26,304.0974259746668,304.59268250751865,288.0907312055281,291.8348693847656,28348800
2022-01-27,294.9252995982087,298.8477233305186,291.46841827002106,291.8448181152344,21629900
2022-01-28,292.81549576317013,299.0359172039558,290.25007030403094,298.84771728515625,21871600
2022-01-31,297.8274751026259,310.8131177126139,296.48039178049356,310.28814697265625,21579500
2022-02-01,311.5758130573624,316.62743615194995,309.15895856078424,315.97369384765625,18023800
2022-02-02,324.7100723034734,324.88835744001545,313.86393974283163,319.935791015625,58458300
2022-02-03,242.32906074168974,245.6472861771964,233.51349885594377,235.50442504882812,188119900
2022-02-04,232.74089135665187,240.3084117153077,227.92699652679804,234.8407745361328,89342200
2022-02-07,235.4449621196371,236.0392760284612,221.8848352891076,222.77630615234375,88613800
2022-02-08,218.75484365988038,223.6281667321472,214.0994195841086,218.0911865234375,94729700
2022-02-09,222.0730512053515,231.15605522249825,220.10193965659207,229.79905700683594,86563300
2022-02-10,226.10444116008378,232.7705904328928,224.54932825862693,225.90634155273438,49310400
2022-02-11,226.2926387978529,228.2340360899679,216.69456404523424,217.4671630859375,46156900
2022-02-14,217.2294466995102,218.90341641978898,212.74242312862532,215.6347198486328,38184000
2022-02-15,218.37842586895502,219.05196752685555,213.01974633371046,218.9033966064453,42685500
2022-02-16,210.3948936416826,215.396987877578,210.3453649633013,214.48570251464844,45817500
2022-02-17,211.9896377822518,215.43661946171025,205.19471667420856,205.739501953125,38747500
2022-02-18,207.4035308361968,208.75062921409688,203.23346416708483,204.2041778564453,37128400
2022-02-22,200.4204308146971,205.51166789439114,198.1620620004535,200.16290283203125,39852400
2022-02-23,202.22317392937322,204.97679935347745,196.1711378107776,196.5673370361328,44481400
2022-02-24,189.24744274015458,206.3734238136046,188.4154153095662,205.6305389404297,49957200
2022-02-25,202.99576396471832,209.3152425919104,201.25245117706206,208.4832000732422,37627600
2022-02-28,205.70974457139636,211.1278522062166,204.86781754075696,209.02796936035156,34239800
2022-03-01,207.87898809920605,209.7411576410808,200.30156861492821,201.5595245361328,27094900
2022-03-02,202.8372707267524,207.16580812270612,200.10346002099692,206.13568115234375,29452100
2022-03-03,207.03705624171792,207.09648461057753,199.5091504961994,201.04444885253906,27263500
2022-03-04,200.45016205222666,203.93677293261305,196.90412279494137,198.16207885742188,32130900
2022-03-07,198.88515752892494,198.98421490387696,185.5033283763237,185.6915283203125,38560600
2022-03-08,186.06788675056825,194.8339183754633,184.34438856303555,188.48472595214844,37508100
2022-03-09,193.8830410714381,197.2111657166558,192.08029996134783,196.61685180664062,31894700
2022-03-10,192.99157786113707,194.4179192105227,189.25735418046153,193.3580780029297,24853000
2022-03-11,190.81248086850675,191.72375128777136,184.89911527818487,185.8302001953125,34694500
2022-03-14,185.2556657511156,190.46575926857847,184.05715335189254,184.85946655273438,31010500
2022-03-15,188.98989460538627,190.4558497001991,184.1462863533499,190.20822143554688,31721700
2022-03-16,192.85292076282985,201.79725392342633,192.67463563810253,201.69821166992188,40640300
2022-03-17,199.78649048919837,206.06633995487073,199.20209138393267,205.8682403564453,29499700
2022-03-18,204.7390705419784,214.743259669373,204.0457143412949,214.4362030029297,52128000
2022-03-21,212.4650663997924,212.67308080728046,205.6602460327085,209.48362731933594,30142300
2022-03-22,209.3647424754209,217.3780046871315,208.18602950553125,214.5946502685547,31998800
2022-03-23,211.30616498178733,214.74324670557402,210.14726644902805,211.4349365234375,23717300
2022-03-24,212.96033180585613,218.5765396728198,212.75231738973233,217.4869842529297,31502300
2022-03-25,218.4180522669138,223.36071839438637,216.8134257783533,219.71563720703125,40039000
2022-03-28,220.02270075247958,221.91456946749696,217.45726009180729,221.46884155273438,26224100
2022-03-29,223.92531364233645,228.69957913548967,223.1526994853717,227.67935180664062,31417900
2022-03-30,226.73837232323098,228.95711214078747,224.5592463821174,225.6884307861328,25588000
2022-03-31,226.28270928938844,226.3223382763028,220.1514309279942,220.25048828125,24192300
2022-04-01,222.41974669755166,225.12384355772707,220.58729119391924,222.71690368652344,19544800
2022-04-04,223.83613494409445,232.1267394552098,223.7172782145112,231.6710968017578,28054800
2022-04-05,231.85933425744767,234.6129597750581,228.8283662498644,229.6405792236328,29727200
2022-04-06,224.75734801249203,226.817617228763,219.3095255537278,221.1815948486328,28995100
2022-04-07,221.80559854041573,223.3805259079987,216.48654785455508,220.83489990234375,21037200
2022-04-08,220.2703080967699,222.9942191227874,217.94259626528822,220.2207794189453,18375700
2022-04-11,216.34786075683792,218.51708677653605,213.1782219875659,214.40646362304688,20516600
2022-04-12,218.15064207686711,219.92365413164242,211.1080923146567,212.10850524902344,20128800
2022-04-13,209.81051440593964,214.5550660092556,209.32515749428055,212.950439453125,19231800
2022-04-14,212.85138968765997,212.9504470573422,208.00778054523929,208.18606567382812,18379500
2022-04-18,208.00779308048644,211.35573287227263,206.3239234926416,208.77049255371094,16580800
2022-04-19,208.52283535769615,216.3577829922788,207.01725111763906,215.2484130859375,20089900
2022-04-20,211.58351727354366,212.1283025357954,197.03287649629226,198.51864624023438,43036500
2022-04-21,199.6874702292032,201.04446849753194,183.81944428982817,186.28582763671875,49954100
2022-04-22,188.5639953274437,190.89170742120095,181.53136059083104,182.36338806152344,36426800
2022-04-25,180.99648355626618,185.40426453530642,179.93664222860235,185.21607971191406,29281100
2022-04-26,184.85947524982825,185.41416019927047,177.79711160689178,179.2333526611328,31747400
2022-04-27,172.77518167471982,179.49087396603812,167.396703142107,173.29025268554688,71062900
2022-04-28,200.99491983751713,206.5516990270539,191.06997417573916,203.77825927734375,100890600
2022-04-29,202.52031369381666,210.4642178194915,198.0035612928614,198.5681610107422,49193400
2022-05-02,199.2615125862246,209.86991422184798,199.08322748826234,209.1270294189453,49915300
2022-05-03,208.4534659786721,212.86124597823056,206.11585460269973,210.0184783935547,41556300
2022-05-04,208.65158535638352,222.1720986860755,204.99660459252857,221.29054260253906,41375900
2022-05-05,216.66485132127337,218.08127786743773,204.20419411226553,206.3040771484375,41129200
2022-05-06,205.37297683708496,207.3936319689628,199.1129420778056,201.83685302734375,34747200
2022-05-09,197.9441549458263,200.64826687328977,193.72457414027153,194.34860229492188,36303200
2022-05-10,197.61728806425478,201.0345707814809,192.34776556693674,195.77493286132812,34452500
2022-05-11,194.4674542936816,198.7662778642114,186.48392048726012,186.949462890625,31153400
2022-05-12,185.28538275167108,196.17112743690788,183.02701403570316,189.4257354736328,38262200
2022-05-13,190.7530101798208,197.99365835435023,189.4653401569318,196.73570251464844,24549800
2022-05-16,195.1806178077068,203.4216792963445,194.07123281025147,198.14224243164062,27112600
2022-05-17,200.2025278122885,203.51085346403778,196.47820353456214,200.69778442382812,24872700
2022-05-18,198.10265250037682,199.0931657628787,189.8120613297266,190.41627502441406,23960000
2022-05-19,189.38610768968732,193.4373027695066,187.8012957479595,189.47525024414062,24446900
2022-05-20,193.12034482359812,196.03245582381237,186.08769560384218,191.7039031982422,31465600
2022-05-23,193.33828108714502,195.1212079359878,189.4257568250386,194.368408203125,25059200
2022-05-24,178.83715605748554,181.93745200535835,174.4392751597391,179.5602264404297,50406300
2022-05-25,178.6885611845718,183.69065547407655,177.61882031303085,182.08602905273438,28030200
2022-05-26,181.14505206125855,191.00065500895997,180.53092362274083,189.81204223632812,23056500
2022-05-27,189.54461520382748,193.47695399634833,187.9994169595787,193.2788543701172,22562700
2022-05-31,193.0411353927456,195.72543307146307,190.18845226761903,191.80299377441406,26131100
2022-06-01,194.6457366037154,197.6370905938,183.24493551616632,186.85040283203125,36623500
2022-06-02,186.66220397387715,199.03371891553118,185.94903328193365,196.97344970703125,31951600
2022-06-03,194.1207580004967,194.74478610572024,187.97957964846339,188.9700927734375,19465000
2022-06-06,192.14966804467795,195.05186457069715,186.6126875701568,192.40719604492188,30574200
2022-06-07,190.10920422966944,194.66557130705604,189.6733910876354,193.79391479492188,18828700
2022-06-08,192.82319349656655,200.11337090024136,192.56566551808388,194.77450561523438,22267200
2022-06-09,192.43688321483836,197.55783411101615,181.93743834436526,182.25440979003906,23501600
2022-06-10,181.30352312640838,181.3629666121128,173.35961842280193,173.90440368652344,27450800
2022-06-13,168.97162511511652,170.94275161365937,162.47386163529765,162.70167541503906,31749300
2022-06-14,164.45492622518913,165.16809702867857,159.8292308087447,162.17674255371094,27244300
2022-06-15,165.6137958596035,170.52674773978174,162.4243423035829,167.743408203125,30008300
2022-06-16,162.16682553319055,163.5139241165005,158.0958155957932,159.34385681152344,26944100
2022-06-17,160.14616044376828,164.32612718782204,158.38304822820413,162.18663024902344,31374200
2022-06-21,164.355851494448,166.16849250243672,154.49034827782717,155.5601043701172,50724900
2022-06-22,156.87747219482296,159.26459731842343,153.96536121467946,154.37147521972656,47267800
2022-06-23,154.78747419782542,158.2344552828571,152.7866336612251,157.2439422607422,40499200
2022-06-24,160.19571091618474,168.6348884187623,159.76979745420968,168.54574584960938,68736000
2022-06-27,169.6946901183372,170.12060344281988,166.41607947556204,167.88204956054688,29174600
2022-06-28,168.28820402275676,169.67493171445952,159.08634209414893,159.15567016601562,27744500
2022-06-29,162.01825006288854,164.75206103163413,158.79908218903333,162.38473510742188,28595200
2022-06-30,160.61171649424432,163.662499099928,156.98644950729903,159.7202606201172,35250600
2022-07-01,158.78918333279353,159.09624003489515,153.5295601734828,158.5118408203125,31423900
2022-07-05,156.63974612621672,166.6538344976185,155.53037625460954,166.5944061279297,28618600
2022-07-06,166.60431090827814,169.96214992456336,163.8903145160313,168.159423828125,23085900
2022-07-07,167.84244611426894,171.08142826698978,166.1882910081597,170.55645751953125,24083400
2022-07-08,168.36739459287375,170.76443422616063,166.55475399904327,169.2588653564453,19249200
2022-07-11,165.48499881780725,165.90101242554306,160.3739485844344,161.33474731445312,21885600
2022-07-12,163.23658389153596,164.33605418520096,160.5622011840902,161.72109985351562,16639700
2022-07-13,158.6405848594401,163.41485023652393,158.09579962086448,161.93899536132812,16555100
2022-07-14,159.69053841599668,161.04753665588296,155.78791401167612,156.5506134033203,23765200
2022-07-15,159.01697389019125,163.41485467893096,158.3038183296143,163.13751220703125,23342800
2022-07-18,165.1680820487272,170.06121985120458,164.0686117525672,165.64352416992188,23574300
2022-07-19,168.75373138541684,174.8156825309406,167.90188941705418,174.11241149902344,25933700
2022-07-20,175.80619301890184,181.85822926547485,175.02367912833537,181.35305786132812,24784300
2022-07-21,178.91639993441768,182.10585357234677,177.17308707053698,181.4322967529297,27195800
2022-07-22,171.42813799948678,173.93413535039315,166.8123425579943,167.6641845703125,42583900
2022-07-25,167.3967429969343,168.95185608897899,163.24648996829166,165.06903076171875,26166300
2022-07-26,164.36576022160833,164.42518859442146,156.45155443796997,157.64016723632812,28468400
2022-07-27,161.04755881844707,169.24900798789224,160.48297407922016,167.97125244140625,43846600
2022-07-28,159.53202225937167,159.9777500890738,153.38094495861847,159.19525146484375,73214300
2022-07-29,156.19402525924158,158.6207795194617,153.69792782191408,157.5906524658203,42065400
2022-08-01,155.7582124403645,163.62289025941422,153.757371393621,158.41278076171875,40596700
2022-08-02,156.80813379294983,160.7008583177125,156.51097682621486,158.67030334472656,27374500
2022-08-03,161.1466023795378,167.9316090449362,160.03723238071788,167.19863891601562,31721900
2022-08-04,166.70337407267044,170.5168408125815,165.2176042772171,168.95184326171875,23938200
2022-08-05,165.40580145795138,169.98196751551527,164.22708835487424,165.524658203125,25832700
2022-08-08,166.40621773471915,175.8259928332937,165.54447608651174,168.63487243652344,27299100
2022-08-09,167.34721187468983,167.92171137787093,165.01951478738823,166.9311981201172,18655100
2022-08-10,174.32045027403476,178.76784555190278,172.29979457192744,176.6481475830078,30262100
2022-08-11,178.0051077941309,181.3629464465839,174.69678270321242,175.80616760253906,24079100
2022-08-12,179.0947154099715,179.73855815234998,177.2127461009388,178.78765869140625,21274000
2022-08-15,177.26223658947166,179.71870492263832,176.50943693686588,179.17391967773438,15878700
2022-08-16,177.7376808343577,179.27297922912655,175.36044022225494,177.76739501953125,21156700
2022-08-17,175.0831379723608,176.4500512604841,172.51771196949184,173.19126892089844,20118100
2022-08-18,172.68606502512566,174.09259193397563,170.22959655854484,173.00303649902344,18844500
2022-08-19,168.58533215134486,170.68523027006805,165.46522182916303,166.36659240722656,26240800
2022-08-22,163.92004384491045,163.92004384491045,160.72067515239857,161.50318908691406,19499700
2022-08-23,160.93858704780223,163.48421333004225,159.17547468923698,159.5815887451172,18111800
2022-08-24,159.07641297171577,163.89030733506195,158.25428526918608,161.71116638183594,20891500
2022-08-25,163.61296416075552,167.27787511526557,162.46398032811993,167.17881774902344,15550500
2022-08-26,166.8816594042958,169.29851402619943,160.13626694265787,160.24522399902344,24023600
2022-08-29,159.13585855143572,161.5031845575337,157.50150265975776,157.6599884033203,20052700
2022-08-30,158.82882266518814,160.12639274317988,154.4309409467187,155.66908264160156,19567900
2022-08-31,165.48506265108244,166.24774700244456,160.6018242710214,161.3843231201172,40953000
2022-09-01,162.02813242286422,165.77227067885184,158.828779386987,163.79124450683594,30145700
2022-09-02,165.86142060539714,166.3368626758963,157.70950177694888,158.799072265625,22634200
2022-09-06,158.58119374999742,160.15610635279765,156.19405294356883,157.03598022460938,19339800
2022-09-07,156.26333869682563,159.43299265697226,155.32235428979533,158.86839294433594,16831200
2022-09-08,157.20435757728256,160.69095318036264,156.24355855832258,160.52256774902344,22530800
2022-09-09,161.70126672761162,167.93158759790776,161.47345294209856,167.5452880859375,22086800
2022-09-12,165.80204907355994,169.76410295200242,165.69309198734135,167.35716247558594,23220400
2022-09-13,160.00749643486537,160.0966541099515,151.22164914578732,151.6772918701172,44444100
2022-09-14,151.87540587693218,152.08340520576425,147.63601016835642,150.03305053710938,43064200
2022-09-15,148.37888441023696,152.73713656291972,147.2893138150501,148.13125610351562,34606300
2022-09-16,146.64548888680878,147.17045969732763,142.9211494141072,144.9021759033203,40122800
2022-09-19,143.8621279672062,147.1704380911289,143.723456737881,146.61575317382812,22169500
2022-09-20,144.3969991420313,147.42796682307664,143.842314221844,144.7040557861328,23217400
2022-09-21,145.00120831523847,148.18076193332314,140.65285652443168,140.77171325683594,38338600
2022-09-22,140.2071471475212,143.20840094862743,139.53359030903127,141.46510314941406,34418500
2022-09-23,140.07837000912258,141.26698278455817,137.5723729102851,139.0779571533203,31710700
2022-09-26,138.7906874652121,140.89058546527335,134.8979783286699,135.07626342773438,30497000
2022-09-27,136.6115802162756,138.0973500324367,132.8476269925277,133.12496948242188,30826500
2022-09-28,133.34290753521773,140.68261537202275,132.99623691763287,140.2666015625,32658500
2022-09-29,138.03790101492987,138.51334305307168,133.9173630469547,135.1158905029297,38985400
2022-09-30,134.7593224231971,139.65245999644353,134.2145371462914,134.392822265625,33166400
2022-10-03,135.83897314307814,138.29544152959875,134.8088461145473,137.29502868652344,27723100
2022-10-04,139.1572026512209,141.0391716550731,138.01810342128363,138.94918823242188,34670700
2022-10-05,136.92852904172534,138.8798409532011,133.50134724934793,137.6614990234375,27979300
2022-10-06,136.4134876957633,140.1080979322858,135.304117678456,137.7506866455078,36231100
2022-10-07,135.46257128767706,136.9780551794244,131.18356239157612,132.18397521972656,33214800
2022-10-10,132.28302323103676,134.81873426642784,130.61895341779262,132.52073669433594,24024000
2022-10-11,130.37132340353716,131.40146544412704,125.78525068149054,127.32054138183594,38481400
2022-10-12,127.1026638877012,128.43984766883375,125.05229426365273,126.29043579101562,34605200
2022-10-13,122.35809144800207,129.89589732351547,121.36757827179285,129.053955078125,34325700
2022-10-14,129.75721510733246,130.53971380017276,125.31971312819348,125.55744171142578,23559400
2022-10-17,129.06387702964471,133.5112717641137,128.94500516437571,132.7683868408203,29612200
2022-10-18,135.78944052529357,136.53232536820332,130.15341843217345,131.54014587402344,25445000
2022-10-19,131.62927838527787,135.70028761839077,130.9656364565941,131.96604919433594,30691000
2022-10-20,131.66892385855354,135.47250636361224,130.0642971716595,130.28221130371094,26356300
2022-10-21,125.11170081056022,128.8855531092955,124.2499592943535,128.77659606933594,46348600
2022-10-24,126.04281094840454,132.2137042583894,123.38823513852684,128.4893798828125,63563400
2022-10-25,129.63838212507324,137.0375174902603,129.35112481178248,136.20547485351562,38433200
2022-10-26,130.43073368155592,134.2640289486409,127.3106240380015,128.58839416503906,82791500
2022-10-27,97.05047805974834,101.52759400186584,95.46565103459476,97.01085662841797,232316600
2022-10-28,98.63530334474642,99.8932517463561,96.58494138382862,98.25890350341797,95928300
2022-10-31,97.28820099802837,98.3777639314206,91.72151447773034,92.27620697021484,121361400
2022-11-01,93.4351180377362,96.56513602336383,92.66251890068305,94.29685974121094,110189600
2022-11-02,93.31625808607285,94.29686414761568,89.62164766941325,89.68107604980469,71821100
2022-11-03,89.22543462884886,89.60182694018093,87.57127932884133,88.06653594970703,60664000
2022-11-04,89.4928598535333,90.52299441637443,87.2542980620321,89.9286880493164,55638100
2022-11-07,93.8808537768506,95.96093029320139,92.21679105236655,95.80245208740234,81987300
2022-11-08,95.010016701853,96.87218620482751,93.8907395962468,95.55480194091797,52088300
2022-11-09,100.75499828127565,103.90483038349184,99.78429207444763,100.50736999511719,107677300
2022-11-10,106.10377075474774,111.68035703751443,103.61758064619659,110.80870819091797,80671000
2022-11-11,108.19375389288676,113.80996159782818,107.77773262965678,111.94779205322266,59961700
2022-11-14,109.93706017775395,115.16696877051291,109.74886780471479,113.13642120361328,53395000
2022-11-15,114.9688560737831,117.61352425686079,113.32460824514497,115.96927642822266,50670500
2022-11-16,113.41376358768983,114.97877628756191,111.59122289190168,112.15581512451172,33287800
2022-11-17,109.36255793503526,111.26434132441942,108.75834432324935,110.39268493652344,35093800
2022-11-18,112.72041299057454,113.23547656516425,109.57058049411549,110.98701477050781,33357700
2022-11-21,110.46202750500028,111.30396976120818,108.15413751811265,108.81777954101562,24351100
2022-11-22,108.81779203866293,110.56109756737129,107.29240064567021,110.38280487060547,29029000
2022-11-23,110.66013027395543,111.60111474319709,109.67952437189093,111.1751937866211,21343100
2022-11-25,110.24412369145941,111.66055788912345,109.96677364377052,110.35308074951172,12007600
2022-11-28,109.72905037394527,110.97709911380093,107.35181719798744,107.7480239868164,23309400
2022-11-29,108.50080505590539,109.88752489676513,107.5102919634363,108.42156219482422,23899200
2022-11-30,108.47108777558995,117.03902729225057,108.34231624075547,116.9795913696289,43348600
2022-12-01,118.06915973034357,120.050185951034,117.27675377627658,119.29740142822266,36551400
2022-12-02,116.7121657142598,122.86325143919743,116.49425161319022,122.31846618652344,39950500
2022-12-05,120.59498251869725,123.48727925905526,120.19877572591844,121.2685317993164,35474900
2022-12-06,118.77244910898747,119.40637699336149,112.66097652701269,113.0373764038086,43689200
2022-12-07,112.68077382523461,114.78065678782755,111.8091174495029,112.84915924072266,29461100
2022-12-08,115.28582716124802,116.22681164920311,113.50290043384118,114.23588562011719,30619400
2022-12-09,114.20616969314828,116.42491704241864,112.78973558047227,114.80047607421875,26033400
2022-12-12,114.0872998763687,114.62217786056779,112.06665223284395,113.62175750732422,24747100
2022-12-13,120.97138201043649,122.13028827072,117.51449284079511,119.01016998291016,44701100
2022-12-14,118.25737445633456,122.9623123199685,118.25737445633456,120.4365005493164,36922000
2022-12-15,117.20742229145134,117.50457170081783,112.92840580623972,115.04810333251953,34531000
2022-12-16,119.0893953275674,122.14016998320139,117.69276820586836,118.29698181152344,67064000
2022-12-19,115.72165586210446,116.68245484942581,113.24537292860235,113.39395141601562,29769900
2022-12-20,112.18552719737988,116.21691562087499,111.39311361422443,115.97918701171875,28742500
2022-12-21,115.59286537912337,119.19833213517079,114.52311707040572,118.62384033203125,20392800
2022-12-22,116.0881464471389,117.49468096391249,113.29489946695158,116.0089111328125,23618100
2022-12-23,114.92924758831383,117.05885252050899,114.44389822698157,116.92018127441406,17796600
2022-12-27,116.81122107397354,117.47486309915205,114.94905899291544,115.77117919921875,21392300
2022-12-28,115.14716055480385,117.02913716344688,114.4141828960539,114.52313995361328,19612500
2022-12-29,115.29573623838778,119.88180956413302,114.67170809538558,119.1191177368164,22366200
2022-12-30,117.03903758394347,119.27759186481047,116.62301631706926,119.19834899902344,19583800
2023-01-03,121.65483415594089,125.17115913222959,121.11995610687912,123.5566177368164,35528500
2023-01-04,126.171558930905,127.8257215902195,124.65607506131268,126.16165924072266,32397100
2023-01-05,124.93340471642134,127.30073779092588,123.35849263916025,125.73572540283203,25447100
2023-01-06,127.74650280148443,129.0936015076633,124.844298500866,128.7865447998047,27584500
2023-01-09,129.91573017648227,131.68874236225523,128.05356030558818,128.24176025390625,26649100
2023-01-10,126.06261846038723,132.17409097842213,125.94376170644591,131.72836303710938,28684400
2023-01-11,129.7176347300214,132.58021770174864,129.10350617659614,131.6293182373047,25423000
2023-01-12,132.17407328237496,136.37383924236823,130.51000337982552,135.41305541992188,30757700
2023-01-13,133.68957009095007,136.08661026210743,133.5607985362658,135.6804962158203,22423800
2023-01-17,134.88806430871534,135.45266402042714,132.9763813143864,134.0758514404297,21147600
2023-01-18,134.52161269389725,135.9479543048493,131.54017301686136,131.75808715820312,20215500
2023-01-19,131.2331010465874,136.14603811977713,130.88641537638443,134.85836791992188,28625200
2023-01-20,134.60083931095207,138.61242082855452,133.3329836130774,138.04782104492188,28688600
2023-01-23,137.96858913016908,142.3961847332765,137.34457603674744,141.9108428955078,27470100
2023-01-24,140.34580249570075,143.6243984136573,140.01893136148948,141.78204345703125,21970200
2023-01-25,139.8802655646775,141.8117631472624,138.97889498812754,140.15760803222656,26622000
2023-01-26,143.0301056874632,146.11060246577705,141.94055019281916,145.90260314941406,25482100
2023-01-27,146.83369483490682,151.73673257370015,145.99175249689753,150.3004913330078,35771900
2023-01-30,147.9925678178339,149.68633677694507,145.55589891005687,145.66485595703125,28040100
2023-01-31,146.5464197760389,148.45811804426916,146.12050636971617,147.55674743652344,29842100
2023-02-01,146.62565043446605,152.12300106668854,145.66485153504922,151.6673583984375,55661000
2023-02-02,181.64030647340874,195.2895764855576,178.45085291795144,186.9791717529297,150475700
2023-02-03,181.72943884016127,194.90326603309225,181.1549394310887,184.76040649414062,76809700
2023-02-06,184.76043379020655,188.89087219497117,183.76002085700577,184.29489135742188,42483800
2023-02-07,183.81944605515912,191.9416514749655,182.6506325907058,189.80213928222656,47080700
2023-02-08,188.19749796776847,189.01962569362718,181.18466307191736,181.6898193359375,36139100
2023-02-09,184.36422121850526,184.87927718494203,175.588273925368,176.2321014404297,37118800
2023-02-10,174.6770048506694,177.19290167066754,171.70546531897008,172.49786376953125,33433600
2023-02-13,176.52927064790055,179.28289624295144,174.15204492012637,177.727783203125,31463200
2023-02-14,175.4793152985136,179.7880384821239,174.211459661062,177.7772979736328,24034600
2023-02-15,174.74633912257323,176.49955174049688,173.66668334839622,175.4793243408203,25308900
2023-02-16,171.11114906980143,174.18174592361305,170.16024978224985,170.80409240722656,25827500
2023-02-17,168.60514539973235,171.53705578679862,168.09007434264146,171.2399139404297,24171300
2023-02-21,172.65633446775806,176.4797156034418,170.24939491144914,170.44749450683594,34592600
2023-02-22,169.4470989804623,171.12105357886202,168.0801859392518,169.49661254882812,22433200
2023-02-23,170.36825355773084,172.04222311849063,167.77311406677143,170.40786743164062,20017800
2023-02-24,167.04013110156197,169.10040019435343,166.069432480834,168.77352905273438,19791300
2023-02-27,170.24942260395335,171.47764936355122,167.4561679783528,167.93161010742188,19277000
2023-02-28,170.2692116810981,175.86562028503738,170.23949749445683,173.28038024902344,46051100
2023-03-01,172.93366342694318,176.16274552444244,171.40828003608482,171.77476501464844,30998400
2023-03-02,170.7446702438456,173.34970968217198,169.80367061266767,172.874267578125,17352000
2023-03-03,177.22261864549824,184.84956720739845,175.37036381141684,183.49256896972656,45877700
2023-03-06,186.21647081114867,187.86072625525287,182.88834604740944,183.1458740234375,33209400
2023-03-07,187.20699216600795,188.55409070361563,182.26432592649948,182.75958251953125,36701500
2023-03-08,181.13515656910977,183.50248267619818,179.6196724774692,183.21524047851562,19432400
2023-03-09,184.5821184308877,187.13762887593433,178.58951127644272,179.96632385253906,26582800
2023-03-10,179.29279191982639,183.01713128772388,177.10376617470405,177.80702209472656,25665000
2023-03-13,176.2717416799859,182.03652083953313,173.16153073142507,179.183837890625,24728000
2023-03-14,185.80048941699957,192.47655460027556,184.79016160390273,192.1793975830078,41642600
2023-03-15,191.11952635215644,195.90370710795526,189.0295428142903,195.87399291992188,42123600
2023-03-16,196.3791488856003,203.80799816155053,194.22973697544262,202.98587036132812,50447100
2023-03-17,198.657340683438,199.98462484903104,193.57600272911912,193.75430297851562,50141100
2023-03-20,196.5970526645872,197.4687091036012,191.80297247807363,195.93341064453125,25186300
2023-03-21,201.27228408516245,201.61896975916017,196.07208965939063,200.24215698242188,31827000
2023-03-22,200.57892694842238,205.40272149088918,197.77577272355808,197.91444396972656,28477800
2023-03-23,200.9156692465422,205.9078636268086,200.23221280402703,202.34201049804688,27389700
2023-03-24,203.23349051888573,205.61073126025883,201.61896428521288,204.0556182861328,27716400
2023-03-27,202.86699200948348,203.90703382018634,199.44972472920065,200.91567993164062,18527200
2023-03-28,198.251213288919,199.12286975176147,196.02255856245037,198.77618408203125,19127300
2023-03-29,201.62885894397579,203.76837102360508,200.61853127625668,203.40188598632812,18851100
2023-03-30,201.45056036683914,206.11586863298473,200.89587544563574,205.8682403564453,22608300
2023-03-31,205.27392827307727,210.1571503155921,204.80838593419688,209.92933654785156,25440300
2023-04-03,206.85873358345222,211.4646281528767,206.22480586099306,211.04861450195312,17924600
2023-04-04,211.36561426806776,214.18858297541266,210.5236719900085,212.68299865722656,21026400
2023-04-05,212.11839275844684,213.14853493585227,207.948340708809,209.47372436523438,19396600
2023-04-06,207.26488994042649,214.88193897105816,206.67057596666902,214.04991149902344,26104400
2023-04-10,212.673078386164,213.61406282621098,208.66149723224723,212.7126922607422,16106100
2023-04-11,213.4358001941397,213.97068583634479,211.38544553644263,211.82127380371094,16710100
2023-04-12,212.80183023094443,214.78285642586448,210.56327607173571,211.9698028564453,18972200
2023-04-13,213.68341634668192,219.05199627654818,213.64380246738355,218.2595977783203,23310400
2023-04-14,215.81302535535528,220.00289204684645,215.4861541788514,219.38877868652344,21591200
2023-04-17,217.70489195515188,218.8836050942685,215.07013830104484,216.78372192382812,15481900
2023-04-18,217.823747259822,218.34871801252572,214.1588516812,215.82290649414062,12281000
2023-04-19,211.44484639890769,215.26822781778745,210.90996082631122,213.6536865234375,15898100
2023-04-20,211.4547133497884,214.693695127586,210.7514575758565,211.04861450195312,16475400
2023-04-21,208.2157780547486,211.38541714456608,207.59174992733577,210.87034606933594,17717200
2023-04-24,211.65285743008363,211.89058604375018,208.71104707388366,210.77130126953125,15750900
2023-04-25,208.81997566966652,209.25578873093724,205.16497997065562,205.58099365234375,19198200
2023-04-26,210.48407999628077,212.0788070422257,206.89842662295257,207.41348266601562,41992700
2023-04-27,237.61421360809004,239.39714041089053,234.52381722592398,236.2968292236328,71196500
2023-04-28,236.7425456757635,238.14907255370719,233.51347820505038,238.04013061523438,39554000
2023-05-01,236.35626316778945,241.68522920561682,234.21676606804377,240.8730010986328,29143900
2023-05-02,240.87297648072555,242.5964747735725,236.72273914833664,236.97036743164062,24350100
2023-05-03,237.19819616833396,239.45656504526394,230.54194628453024,234.78134155273438,34463900
2023-05-04,233.82053854737515,235.9402361452473,230.7202274615315,231.3046417236328,17889400
2023-05-05,230.03675436324053,232.45359349044114,227.6694287969266,230.57162475585938,27000500
2023-05-08,229.22455146200411,233.38470367106154,228.08546738460632,231.0570068359375,16400500
2023-05-09,229.26416785025685,233.64223392089175,228.88776803728726,231.15603637695312,16865600
2023-05-10,233.92950237387436,234.50400184784013,228.53120841644537,230.8688201904297,19119000
2023-05-11,230.839089011673,235.95014041291967,230.09620416081847,233.55308532714844,20449000
2023-05-12,234.49408450743593,234.7119986057812,229.25426157090317,231.5918731689453,16161400
2023-05-15,234.6723657587002,237.9806759406008,233.0974535307574,236.59396362304688,20653200
2023-05-16,233.5530981976764,237.36658002116022,233.2856705187338,236.5543670654297,18163800
2023-05-17,236.1878780009274,241.52674373613513,235.88082131614323,240.18955993652344,21193100
2023-05-18,239.01084258565282,244.74590746912503,238.90188552708443,244.50819396972656,22943300
2023-05-19,245.1223028350806,246.3307301483114,241.10082166096547,243.30966186523438,21733600
2023-05-22,243.0818666558983,251.1644586142748,242.79460934204064,245.96426391601562,27738500
2023-05-23,244.46854375820524,249.22300981592477,244.31005802967402,244.3992156982422,17748100
2023-05-24,242.95305502748263,247.22216412415852,242.62618388667047,246.8457794189453,17724300
2023-05-25,250.99607216363538,253.19501296875072,246.80620500320055,250.29281616210938,22371400
2023-05-26,250.53048653396436,259.82150481978033,250.31258754347328,259.5540771484375,25727200
2023-05-30,262.7336223757608,266.10136115984676,258.8111986262047,260.0295104980469,23816500
2023-05-31,257.5333953168798,262.48596061143525,255.99811216679154,262.2086181640625,25473700
2023-06-01,263.3774384728656,271.40060097052645,263.3675538965256,270.0237731933594,25609500
2023-06-02,270.0733169873081,272.73779975814693,268.54791828441927,270.0237731933594,19416900
2023-06-05,267.73568275684994,272.9557062161993,267.00271272510304,268.81536865234375,20742900
2023-06-06,267.5772898993284,273.9462834617859,267.1315468022321,268.5479736328125,19419000
2023-06-07,269.0927535484144,271.64826448644277,260.3068754458279,261.09930419921875,26163600
2023-06-08,258.14755288398555,265.1108596741529,256.42406953864986,262.0699768066406,20899400
2023-06-09,259.9898635615084,265.4079708897878,259.2172646293249,262.4364318847656,16949800
2023-06-12,264.63544111842026,269.17197855133765,262.8128701183315,268.4786071777344,15442500
2023-06-13,272.2723189151362,273.10434651530744,266.5372380614509,268.74609375,16164000
2023-06-14,269.3106645254979,272.3812314462476,265.774524935784,270.7568054199219,19175100
2023-06-15,269.7166923285356,281.2957923401222,268.8450662331816,279.1562805175781,25973500
2023-06-16,282.04859142371345,285.11918792907426,277.4724259621255,278.33416748046875,43127700
2023-06-20,276.08577917368086,282.0981718482169,273.5995811520759,281.63262939453125,20701600
2023-06-21,280.84016307153007,281.30570541284976,275.7191973170135,278.9681091308594,20556200
2023-06-22,276.43240411858153,282.5537985253659,275.1546638845414,282.1773986816406,17563100
2023-06-23,278.8393987823927,286.9219906486609,276.303687243336,285.99090576171875,51092000
2023-06-26,285.96114599891996,287.0408016578684,274.9664444688068,275.82818603515625,24232700
2023-06-27,279.3346477911545,286.60501132731775,277.98753406950857,284.3268127441406,26108300
2023-06-28,282.1179841861471,286.80309239753973,281.36518446166764,282.5835266113281,16722100
2023-06-29,281.8009865937503,283.8513560356523,278.0271339718469,278.8591613769531,15395700
2023-06-30,282.05856666948495,286.3078468069315,281.72179578716464,284.25750732421875,19694900
2023-07-03,283.98012096094413,286.65448822329904,282.14766566033023,283.3065490722656,8629300
2023-07-05,284.9210824129646,295.2917556059608,283.6433120714384,291.57733154296875,33865500
2023-07-06,293.08296585588556,295.2917909504346,288.546398462907,289.2199401855469,47600500
2023-07-07,289.40817516418497,293.39005806454645,285.9215791528859,287.7738342285156,25586000
2023-07-10,292.7461931865397,295.30173442356744,284.3268301519905,291.3099670410156,37058300
2023-07-11,291.1118374118712,297.3322593974168,289.1308109167539,295.460205078125,27585900
2023-07-12,298.88734328467757,306.51430663784794,297.2530026313018,306.40533447265625,36677100
2023-07-13,310.644736362941,313.23987603873485,307.3463407984392,310.4367370605469,30281000
2023-07-14,308.83210048848093,311.8927824647444,304.44410430347574,305.9397888183594,23054100
2023-07-17,304.62248050955276,308.75290420234097,301.8193108345844,307.6732482910156,25323100
2023-07-18,307.93068581126016,311.21919622102564,304.7016037631602,309.0895690917969,20731900
2023-07-19,310.0603749824738,315.65676904382303,307.5741769433904,313.0121154785156,21763700
2023-07-20,310.52583795480166,312.5464930197038,299.35285207578954,299.6499938964844,23836900
2023-07-21,301.68060264409814,302.5621436444749,288.4374464326985,291.4684143066406,42139300
2023-07-24,292.97398967317366,294.6974729481113,285.56494014140014,288.8435363769531,24915700
2023-07-25,292.3896234217842,295.47010527506484,289.09119720533135,291.67645263671875,19585600
2023-07-26,298.3326579258311,298.9071422522123,289.13078230282,295.7375183105469,47256900
2023-07-27,322.0356546162688,322.2634835399387,306.9006137595752,308.75286865234375,64229200
2023-07-28,313.8738527037247,323.10544371926164,311.26879794331705,322.39227294921875,39220300
2023-07-31,320.6192232583214,322.570535490506,314.577086633684,315.5775146484375,25799600
2023-08-01,314.52753231472883,321.06492469722997,311.6748498039603,319.6484680175781,22817900
2023-08-02,314.98315110429724,315.36946570474277,307.70287411335016,311.3281555175781,20461100
2023-08-03,306.9896983435493,312.952606173041,306.9896983435493,310.2187805175781,15180200
2023-08-04,311.9720168541521,315.3892993522452,307.2571947609184,307.78216552734375,17612800
2023-08-07,310.25845861265213,314.06202564992486,307.51471771954186,313.5568542480469,16236500
2023-08-08,311.4173243145739,314.8742357187561,307.1680144917941,309.6740417480469,15183500
2023-08-09,309.9117634243524,310.65464829695816,299.9769176038269,302.31451416015625,19955800
2023-08-10,305.0186492739384,309.3769014804688,300.9872531359701,302.8395080566406,14358900
2023-08-11,299.699612484933,301.8292100062461,297.51055635658213,298.7784423828125,14046300
2023-08-14,298.12471234526174,303.30507770476817,295.42060007770175,303.2852783203125,15641900
2023-08-15,303.23570161733716,304.3153572927318,297.1836507245468,299.08544921875,11623600
2023-08-16,297.3520128129681,298.22363885589374,291.48816258966224,291.4980773925781,18547700
2023-08-17,290.2698517866094,293.24139108581943,282.246719861191,282.3853759765625,23950100
2023-08-18,276.3828992633854,282.9797208570898,271.77701889106055,280.5628662109375,35347900
2023-08-21,280.76092837863104,287.74403309751955,279.17610149668184,287.14971923828125,20181500
2023-08-22,289.77460388443,290.1212895252961,284.0296398257357,284.87158203125,12980200
2023-08-23,285.7631019505363,294.5786647345925,284.9409891690184,291.4486389160156,18287000
2023-08-24,295.66819330829065,296.6190775264292,283.9207211422629,284.0296630859375,18360900
2023-08-25,283.41553202631593,285.65410141498114,273.4113431805174,282.79150390625,23701400
2023-08-28,285.2678086138085,288.685091329054,283.08866742900494,287.5063781738281,14239300
2023-08-29,285.84223276234485,296.3119625927343,285.44603360168765,295.1629638671875,20844500
2023-08-30,294.350845826275,295.4602158675615,290.64630559004104,292.30047607421875,17717000
2023-08-31,292.9938045025631,298.2435428150178,292.8551483674615,293.0829772949219,17229900
2023-09-01,296.52995387241754,298.8774654942899,291.6764448775336,293.5683288574219,12842300
2023-09-05,294.20223990498334,298.5308082766261,292.70658542576587,297.30255126953125,14956000
2023-09-06,298.84776069179367,300.4226732188703,292.8551672896935,296.3318786621094,15418100
2023-09-07,295.1729517016714,304.13708462017706,289.4477862636945,295.83660888671875,33748700
2023-09-08,296.3813952873462,302.35418936694646,293.964540380795,295.06402587890625,17548000
2023-09-11,298.55059219611553,306.1082128740827,298.42182064148733,304.6422424316406,19489300
2023-09-12,303.42392851432635,305.7318414510154,297.3818215144947,298.7982482910156,13480400
2023-09-13,299.49158710418004,304.2658684685133,298.4614750356122,302.1659851074219,13210900
2023-09-14,303.82999004212934,309.90184040986276,302.13622104131684,308.76275634765625,19343100
2023-09-15,308.6537849214161,309.0400995553301,295.91580045562455,297.46099853515625,28131100
2023-09-18,295.3611556861934,300.7198361276047,294.9748409997388,299.6797790527344,14234200
2023-09-19,299.61047746982354,303.26547400903127,296.96579362666375,302.1759033203125,15924400
2023-09-20,302.15602272979146,305.1374769686172,296.58934369250954,296.82708740234375,19379500
2023-09-21,292.8947242938483,297.4114614347647,290.48775458175936,292.9244384765625,21319600
2023-09-22,296.4605898952741,302.4829271039052,295.4403625041758,296.24267578125,25369600
2023-09-25,292.8353684846855,298.09499172470146,290.9137702515574,297.9761047363281,18987000
2023-09-26,294.8361547804382,297.4510938392562,293.2018140901691,296.1238098144531,19417200
2023-09-27,297.59968714880796,298.44159914142534,284.0692739315367,294.9153747558594,36429800
2023-09-28,296.1039900746693,303.42386620320735,293.8852503920913,301.07635498046875,22167100
2023-09-29,304.46396216982265,307.69304497998434,296.5200267011032,297.3619689941406,25373700
2023-10-02,299.8679604038395,304.2658414874116,298.7685052469787,303.9092712402344,16265600
2023-10-03,301.3735636535198,303.8597312943576,296.7973973883534,298.0850524902344,17362300
2023-10-04,295.8960385894054,303.9885150382113,295.66820965631024,302.6810302734375,16880500
2023-10-05,301.7400433121273,303.3050408800176,296.6587057199005,301.8985290527344,19130000
2023-10-06,298.58029150078266,313.30921745867073,298.0553207313564,312.43756103515625,21803900
2023-10-09,309.53532968686795,317.2910336071559,308.8617880642036,315.3397216796875,22503700
2023-10-10,316.09260675193946,321.58005902439675,315.1417224258608,318.78680419921875,19038000
2023-10-11,319.94565622912586,325.72033448452714,319.88622785949,324.71002197265625,22036300
2023-10-12,324.88831419473127,327.40422606729186,319.62869177037254,321.0847473144531,20530500
2023-10-13,320.4607225818261,321.9662917082613,309.4065920496677,311.70458984375,21341000
2023-10-16,315.6171041939002,318.7669285522604,312.5266779743875,318.103271484375,16536100
2023-10-17,315.1613856749092,321.3223770909029,314.28972949082447,320.9261779785156,16387800
2023-10-18,318.34103304579105,322.84785574824446,312.56632450331927,313.96295166015625,16851000
2023-10-19,316.8453110454278,318.8362518972235,308.7924353214848,309.8423767089844,18709200
2023-10-20,311.1598313367638,312.30880004872955,303.562581788038,305.7218933105469,22312300
2023-10-23,306.56387266411906,314.3492928529987,304.3451324994024,311.0310974121094,17796800
2023-10-24,313.7747199126357,315.32983264170906,307.68307075621834,309.5848388671875,19525500
2023-10-25,307.0591214527887,307.9307779888873,296.0049894531203,296.6884460449219,42192500
2023-10-26,292.2013778048575,292.2013778048575,276.74936669566614,285.6144714355469,66684100
2023-10-27,291.6862628663907,296.47042708942314,290.1905786467668,293.9149169921875,29596300
2023-10-30,296.25264776592246,306.46483845297905,296.2130187662518,299.7887878417969,28435100
2023-10-31,300.43258183329806,300.7990669119868,294.0437590585382,298.41192626953125,19434200
2023-11-01,298.9864087498311,309.77308153694946,298.9864087498311,308.89154052734375,20434600
2023-11-02,314.2897989524733,315.79539823157603,305.4048951115766,307.9208068847656,21631800
2023-11-03,309.58490819009023,312.5564479784247,308.06942410716226,311.615478515625,16764300
2023-11-06,312.98242304452947,315.3101052630544,311.46693880960987,312.8041076660156,12887700
2023-11-07,314.05209733695966,317.9547215713767,312.13049940516805,315.79541015625,14055600
2023-11-08,315.12188145653226,318.2815907296366,311.8927987771791,316.7463073730469,13609700
2023-11-09,316.38974813109803,321.10457053448357,315.7756045390507,317.5090026855469,16103100
2023-11-10,316.9048127654654,325.97791779553546,316.4293555216482,325.6510314941406,19096200
2023-11-13,323.1053920438301,329.1772120817785,322.6101354835103,326.0670166015625,16908900
2023-11-14,331.3662485613649,334.89247264741596,330.1677059909265,333.11944580078125,17179400
2023-11-15,334.72409920099284,335.1896415873834,326.88913661151844,329.5536193847656,14531200
2023-11-16,326.24537179839893,331.40593780175845,323.2837466043973,331.0196533203125,18932600
2023-11-17,327.12685991086505,332.31713878402064,326.22548937949347,331.86151123046875,14494400
2023-11-20,331.71295756214494,338.6267198833228,331.01958627794073,336.7447509765625,16960500
2023-11-21,335.1203106996373,336.6754236460935,332.7133709283329,333.78314208984375,12027900
2023-11-22,335.9919365414085,339.66676186673806,335.36790845868984,338.25030517578125,10702700
2023-11-24,336.90327036431415,338.6168389093447,333.575130186915,335.02130126953125,5467500
2023-11-27,332.9906898115843,336.67539978710187,331.0294932012364,331.5247497558594,15684500
2023-11-28,330.23708289117764,336.1603624950619,330.23708289117764,335.7740478515625,12637200
2023-11-29,336.46739531505375,336.6753946009342,327.6419200202527,329.0484619140625,16024500
2023-11-30,328.7414398329136,330.33615157241326,319.34144902768867,324.04638671875,23146400
2023-12-01,322.3922677716709,323.7591506832405,317.71704396048744,321.738525390625,15276400
2023-12-04,314.27995748075307,317.8160668090726,310.6843895476275,316.9840393066406,19037100
2023-12-05,315.9539032859979,318.8263854464524,312.3979646168893,315.27044677734375,16952100
2023-12-06,318.8758951493905,319.1928666161261,314.0323015033506,314.43841552734375,11294300
2023-12-07,314.7553656248655,325.12603993726384,314.7553656248655,323.49169921875,15905100
2023-12-08,320.02484147815466,330.0092294438554,319.93569893553956,329.59320068359375,14087400
2023-12-11,326.275031733119,326.7604037408782,316.96421399269616,322.1941223144531,25802500
2023-12-12,321.5205844460303,331.29694470138276,321.4809554549513,331.04931640625,18485500
2023-12-13,330.762048340428,335.15992913690354,329.4843081433903,331.5643615722656,16353300
2023-12-14,330.682819026643,331.52476124429046,325.52225401249785,330.00927734375,19607300
2023-12-15,328.84044929344446,335.44718527009553,328.0777650539946,331.74267578125,31776900
2023-12-18,334.2783687065993,344.26272735976374,333.8227109207076,341.3506164550781,18993900
2023-12-19,342.3014817091466,350.24541560448836,341.84585417640506,347.0361328125,17729400
2023-12-20,345.3424025451627,351.59253808248286,344.49057574848587,345.9664306640625,16369900
2023-12-21,349.63137975696606,353.0288329680946,345.8971254383194,350.7308349609375,15289600
2023-12-22,352.20661027895767,353.8112667808214,347.8879879730657,350.03741455078125,11772800
2023-12-26,351.62226136970474,353.593403137709,350.0968928485339,351.4637756347656,9898600
2023-12-27,352.6920505347233,355.5942470231011,351.93925081233436,354.4353332519531,13207900
2023-12-28,356.2875978197097,358.46670864757215,354.41551342692884,354.9206848144531,11798800
2023-12-29,355.58433106721975,356.5847590920977,348.482368209685,350.60205078125,14987100
2024-01-02,347.9871019247918,349.80964257100067,336.78440013969424,343.00482177734375,19042200
2024-01-03,341.7072588135266,344.6490842627684,339.9243168947976,341.20208740234375,15451100
2024-01-04,341.2317950845528,344.84716219440776,340.14222452633334,343.8269348144531,12099900
2024-01-05,343.698147524061,350.14639779000544,342.97509227203875,348.6111145019531,13920700
2024-01-08,351.33502271996304,355.5744177484808,348.710138717479,355.2574462890625,13890200
2024-01-09,353.0188657252304,357.21866185917946,351.9887236288209,354.0390930175781,13463900
2024-01-10,356.7531402997507,369.40198254751,355.67345434811176,366.9554138183594,22117200
2024-01-11,368.59970961090187,369.2435371935996,359.4869753958891,366.1630554199219,17205400
2024-01-12,366.6483774313238,373.4829126090935,366.0342640709305,370.9372863769531,19310000
2024-01-16,370.1052786047655,372.04667615700424,363.7462003164905,363.9739990234375,15306900
2024-01-17,362.82493580761343,365.0437057028351,355.207887663619,364.87530517578125,12724800
2024-01-18,367.9657111334963,373.27487720209166,367.4308558102004,372.56170654296875,16354300
2024-01-19,375.4044906879407,380.71362675917595,374.38426333397996,379.8122863769531,21670800
2024-01-22,384.269591046486,386.6468165757997,377.5439982518997,378.1581115722656,17680500
2024-01-23,380.97117024868106,384.6955094373397,378.45525833540233,381.5456848144531,15506100
2024-01-24,386.3000979968065,392.39174734268266,384.1308719513489,386.99346923828125,15698500
2024-01-25,386.4685271599293,391.73803411902367,382.0013032021332,389.449951171875,15091100
2024-01-26,390.6088476761586,393.02570206239767,387.87502184266094,390.4008483886719,13163700
2024-01-29,391.24278303174935,399.107459933084,389.37072887968213,397.215576171875,18742400
2024-01-30,399.76118908237476,402.50489956057874,395.77933719609035,396.2646789550781,18614700
2024-01-31,385.309612762971,394.22423105311685,383.4276438362193,386.4388122558594,20180800
2024-02-01,390.202793052028,396.70055756924916,389.32122174795825,391.0348205566406,29727100
2024-02-02,455.23984421037636,481.3497560151432,448.71236625918465,470.48382568359375,84707600
2024-02-05,465.42230930986153,467.42313492864514,454.863435831285,455.0516357421875,40832400
2024-02-06,459.5981196307582,462.68851594350934,448.7024745533049,450.4061584472656,21655200
2024-02-07,453.65502691303504,467.0467539432998,451.8522857085582,465.13507080078125,23066000
2024-02-08,463.8771438280398,466.1255978844862,460.6183469730687,465.54119873046875,18815100
2024-02-09,468.4632389984327,469.09715173997364,463.0352156764278,463.66912841796875,18413100
2024-02-12,463.74834326490765,474.6043586710164,462.15360141213256,464.45159912109375,19382000
2024-02-13,452.5357152369562,463.45118894675915,450.7726031277808,455.7548828125,20916600
2024-02-14,463.49084827366414,469.61221277787865,461.66830755856137,468.79010009765625,16858400
2024-02-15,470.7710897525283,483.9845315750607,467.7401219251441,479.4380798339844,24212300
2024-02-16,473.57427917224476,474.41622148697894,464.7587172235318,468.8297424316406,23324600
2024-02-20,465.2638262160572,471.66253253876386,462.13380111414773,467.2745666503906,18015500
2024-02-21,462.56466468971513,465.0435750042367,457.8944061299946,464.0817565917969,12921800
2024-02-22,476.18872575792693,485.85647557166885,472.04399515149345,482.029052734375,21625800
2024-02-23,483.93285419215795,490.18962133661523,478.2809568930841,479.94677734375,18374300
2024-02-26,479.3915338632138,482.03902353025654,476.54574951685396,477.6761169433594,12101400
2024-02-27,475.9309790449638,483.1594600240786,475.87148761584547,482.9413146972656,10809600
2024-02-28,480.9086640302838,486.90761567340985,478.6776444548856,479.9369201660156,12715500
2024-02-29,484.3195546013671,487.552063138325,478.5387191534961,485.99530029296875,17732000
2024-03-01,487.95861163789215,499.9962147539583,487.70082553984946,498.0626525878906,16273600
2024-03-04,498.7567562385564,500.1647906143656,492.23227759267877,493.9873352050781,12324100
2024-03-05,490.82420867793127,491.3993025170749,483.774202750876,486.08453369140625,15325300
2024-03-06,493.4320158669261,498.7269641857034,490.12019561930737,491.9049987792969,11757900
2024-03-07,499.03439218279726,515.464586754887,497.15042639519817,507.8692321777344,18586400
2024-03-08,509.85236353130205,519.1532399324959,495.1375554414042,501.681884765625,18597100
2024-03-11,492.8173020983641,493.1246845604503,471.98452986780427,479.510498046875,20428300
2024-03-12,489.0989682140232,498.0726121426963,480.6409267770064,495.5342102050781,15448200
2024-03-13,491.2109910430132,496.7538311485223,486.88775550593095,491.38946533203125,12090700
2024-03-14,496.0398777918056,497.1206790545212,484.0419458530124,487.68096923828125,12620000
2024-03-15,484.8847267242741,487.68091423772006,477.2397464118233,480.0161437988281,29153600
2024-03-18,487.7602993787061,493.22382724529314,482.7033164237656,492.78753662109375,11755300
2024-03-19,484.05184245599145,492.4404659649172,477.21995152990394,492.0537414550781,10903100
2024-03-20,495.2862577806937,503.91287737762434,490.9927986303071,501.2554626464844,11711100
2024-03-21,510.3679136901833,510.6950862262744,501.74129503184764,503.4765319824219,9712500
2024-03-22,502.72305815150474,505.6680050871765,500.08549370237296,505.2812805175781,8120600
2024-03-25,501.52326351945976,502.9411930583012,496.020064071717,498.776611328125,8380600
2024-03-26,500.8687374024342,505.69764932990444,491.03240902650015,491.7066955566406,11205400
2024-03-27,495.08795895460764,495.6730084213494,483.95271311983527,489.69384765625,9989700
2024-03-28,488.6824689802338,488.7320653435036,481.0573382938965,481.48370361328125,15212800
2024-04-01,483.09003220708496,493.2337133858658,477.7157415753877,487.20501708984375,9247000
2024-04-02,481.00777417070816,493.332909265965,480.56155820012424,493.17425537109375,11081000
2024-04-03,494.7210662879797,502.96096149049066,494.54259201344473,502.4651794433594,12099200
2024-04-04,512.0635580942514,525.529016635998,506.2728269006487,506.6099853515625,26476300
2024-04-05,512.4998457681293,526.2231206005386,510.0705014315204,522.8914794921875,19263300
2024-04-08,524.8152319415292,527.0065505211032,514.5128633544516,514.8698120117188,13260600
2024-04-09,517.824544305965,521.43385245963,502.4652247831383,512.53955078125,10863800
2024-04-10,504.9936097019228,518.1516523500891,501.533030959177,515.4447021484375,11418500
2024-04-11,516.7140095804983,519.4408111507805,512.9262270458913,518.7467041015625,10369500
2024-04-12,513.3822903046207,515.8017090235353,505.0333076335905,507.5816345214844,11984500
2024-04-15,512.3610473179065,514.1558366997424,493.08506624605076,496.01019287109375,13512900
2024-04-16,493.90796246555647,500.51178277733743,492.9163983994056,495.5440673828125,9847900
2024-04-17,498.8558804216525,498.915371843939,483.0305266306473,490.001220703125,12193700
2024-04-18,495.60358641978974,507.8890804087812,494.8301676155044,497.5668640136719,14808700
2024-04-19,498.5584497090397,498.5584497090397,471.71683077897825,477.01177978515625,25215400
2024-04-22,485.58878643749824,487.85947676562097,469.4064525906783,477.66619873046875,17271100
2024-04-23,487.105885875578,494.55254228233423,484.8451208370342,491.91497802734375,15079200
2024-04-24,503.77405442586195,505.697691201439,480.4921184549393,489.3368835449219,37772700
2024-04-25,417.8451232490789,442.0095365400341,411.0033367235607,437.6565856933594,82890700
2024-04-26,437.7358663608283,442.67386632862065,428.3160076852522,439.5504455566406,32691400
2024-04-29,435.8519163054503,436.05024123083757,424.9447111321204,428.970458984375,21502600
2024-04-30,427.4137498355732,435.91146256099836,426.09498272228876,426.54119873046875,18429500
2024-05-01,424.9843562511528,446.1641497530115,423.5069052454318,435.4850158691406,20344900
2024-05-02,435.1379716896752,440.21477487294436,428.63331382859496,437.9540100097656,15221300
2024-05-03,442.168208064892,450.3387174949622,440.10576788243395,448.1473388671875,16489100
2024-05-06,451.736753073896,462.227518051506,449.51565920406404,461.7515563964844,15094600
2024-05-07,462.35644613209337,467.5522324842238,457.4184458765815,464.28997802734375,13406800
2024-05-08,459.589980458031,471.568061995638,459.0941983863395,468.61322021484375,11683900
2024-05-09,466.03516319188105,472.063860073605,463.68516093400353,471.4094543457031,9437700
2024-05-10,473.06536826282525,473.47191322267287,465.63856196693274,472.1828918457031,10750000
2024-05-13,468.76192427668366,469.35686878363606,458.94544582244055,464.0619201660156,14668800
2024-05-14,459.4610626992721,468.5537190189975,456.1988082627128,467.8695373535156,10478600
2024-05-15,470.9731552567984,478.4297068407501,467.2250439452183,477.4778137207031,13100500
2024-05-16,470.992911432861,473.6602210784177,468.7618923787053,469.23785400390625,16608200
2024-05-17,466.85810994406603,468.81149242333555,464.4684671019377,467.92901611328125,10807300
2024-05-20,465.9855701209428,469.20815350971793,463.1001149016232,464.8849182128906,11745100
2024-05-21,463.17937287118747,466.7291889524408,458.3702813980549,460.71038818359375,11742200
2024-05-22,463.92303839726884,469.72369378126234,461.7217651326811,463.83380126953125,10078600
2024-05-23,468.8908498892048,470.35834543278054,457.6465163041303,461.8507385253906,11747900
2024-05-24,463.6752352138894,475.8020759819644,462.36636323892645,474.1858215332031,12024300
2024-05-28,472.55960921175017,476.8035023830061,470.8342973473086,475.8714599609375,10175800
2024-05-29,470.6558247918724,475.8020449513252,469.7039317176782,470.35833740234375,9226200
2024-05-30,467.6910983981633,467.7505898292085,460.7897897955428,463.11004638671875,10719600
2024-05-31,461.87056636236576,465.1625665842414,450.6262325959668,462.8918762207031,16919800
2024-06-03,466.8878695866924,475.55416062005787,464.289976419623,473.4619445800781,11279400
2024-06-04,472.97605081200214,474.8501213872533,469.237865245354,472.96612548828125,7088700
2024-06-05,480.3632771625312,492.4603419535299,479.827824034658,490.8837585449219,15690500
2024-06-06,488.82127726310006,498.578264303058,486.74891194078435,489.5946960449219,10667300
2024-06-07,491.7265789696624,494.7012714058208,486.0350104583895,488.80145263671875,9380700
2024-06-10,489.6938468637623,498.41962936646013,489.24766116121003,498.3601379394531,11220900
2024-06-11,495.94069486064325,503.31793405118157,494.06662422088834,503.18902587890625,9673700
2024-06-12,509.6540653658649,509.6739160160373,500.2143852257053,504.5475158691406,11983200
2024-06-13,501.4439380644331,505.0631414503461,497.1306276137635,499.8475341796875,9954600
2024-06-14,498.9045926163835,503.3710617182136,497.0187561647584,500.4033508300781,10243300
2024-06-17,497.931856469991,506.94418419466194,492.3140279060618,502.8548889160156,11266600
2024-06-18,500.8003256604608,502.22959808613376,491.3314034129225,495.7680969238281,13060400
2024-06-20,498.2594529366888,499.91702261178807,493.0684122735399,497.9617004394531,11801200
2024-06-21,499.6986415235137,499.6986415235137,488.72105562366477,491.0932312011719,22359200
2024-06-24,495.4803219687957,504.0162165361959,490.60690422865156,495.1924743652344,13525300
2024-06-25,493.3462966765103,506.90451493381806,491.807858377879,506.79534912109375,12063200
2024-06-26,502.8748088363639,509.9814613898554,500.91948662339075,509.2966003417969,8882300
2024-06-27,510.41816747452066,518.9838675767692,510.0707996626878,515.6885986328125,10121200
2024-06-28,513.2965366235018,517.9912721514697,500.08568679012643,500.4628601074219,15855100
2024-07-01,501.1874411086425,502.8052699262197,489.495219499114,500.91943359375,10328200
2024-07-02,497.0286864794213,506.6961009256739,495.72845013238583,505.70355224609375,7739500
2024-07-03,502.5968492374037,507.4702666873242,502.24945115588804,506.16009521484375,6005600
2024-07-05,507.7878251400153,536.839709201403,507.7878251400153,535.8868408203125,21354100
2024-07-08,538.3088568718698,538.7654511622429,522.7258880349199,525.3759765625,14917500
2024-07-09,529.7728386645047,533.4750257204164,524.2542706278135,526.05078125,8753200
2024-07-10,526.8347862052636,534.8645300686193,524.4229006670638,530.7057495117188,10983300
2024-07-11,526.9341618869837,531.4701164402055,504.58194713448745,508.87969970703125,16458300
2024-07-12,494.05102601563624,504.30404024865715,490.54733049062463,495.1527404785156,19750500
2024-07-15,494.914548086256,502.90455276235514,489.6937323900658,492.46295166015625,12539200
2024-07-16,497.7631475779309,500.1949038845635,482.1702167801202,486.1404113769531,14075800
2024-07-17,475.5995554100859,475.5995554100859,455.6989365749335,458.54754638671875,28076600
2024-07-18,471.46058788071537,475.66898427757206,461.07853794252924,472.30426025390625,19267200
2024-07-19,472.5127332296867,483.0833708608982,472.1653351255247,473.2373046875,15149400
2024-07-22,482.9542913433199,488.3934686533029,480.29426832705263,483.7681884765625,12023100
2024-07-23,486.1899782416004,491.529894288615,484.08578016140376,485.0485534667969,9455500
2024-07-24,468.7905996133861,472.75085860449957,457.1479943071747,457.8328552246094,17649700
2024-07-25,459.8081045556057,460.0959218597221,439.35166080505405,450.031494140625,18240500
2024-07-26,460.7410660360502,466.2695386431192,455.9966850035007,462.2298889160156,14222400
2024-07-29,466.37874818219655,470.42833320475563,461.5549461611663,462.23980712890625,11339600
2024-07-30,463.5201326146526,469.20744621693575,453.2968955531404,459.738525390625,11390400
2024-07-31,467.510231847281,472.94940909347116,463.2720602190507,471.2918395996094,24285800
2024-08-01,517.1178179397796,523.2418258077752,488.4331696053785,494.0311279296875,43083100
2024-08-02,485.3562933703574,497.4157534972901,472.6020370673127,484.5027160644531,24044700
2024-08-05,447.9868107516345,479.8774016948956,447.44089085473655,472.1851501464844,21396200
2024-08-06,475.4307707292885,498.8152128955983,475.0833726675883,490.4083251953125,20955000
2024-08-07,499.3809620305023,506.3486420199069,483.2321775674029,485.27685546875,20105300
2024-08-08,493.7929306324072,506.1600777605636,491.0336467240987,505.8325500488281,16156800
2024-08-09,503.92679928247577,514.4776251589293,501.9317973598436,513.911865234375,13696600
2024-08-12,513.0086613320424,514.1600516475766,505.30650469614585,512.10546875,9767400
2024-08-13,516.1352753951159,527.5396506235451,514.2891492944043,524.6016845703125,13743800
2024-08-14,524.1252621265718,530.0210038056015,519.2320043236282,522.8349609375,11444200
2024-08-15,527.8273532920965,535.7479316410764,522.7753152727854,533.3261108398438,13482100
2024-08-16,527.9365878122447,529.6834223391122,520.7504855611071,523.4899291992188,14776700
2024-08-19,522.9439839405769,527.6982690883766,518.8646244522738,525.3360595703125,9879700
2024-08-20,524.4129774397121,527.1326112260084,521.9614117153488,522.8050537109375,7944400
2024-08-21,523.2219183031314,535.3806363195777,523.0035261512595,531.1721801757812,13423300
2024-08-22,532.998659918411,540.1747677416513,524.651351881195,527.9664306640625,15708300
2024-08-23,532.919128531442,535.8471587492915,521.1475177530665,524.0656127929688,11323900
2024-08-26,523.6686960229937,524.0657397549552,511.11299068958533,517.2369995117188,9584000
2024-08-27,515.1128936339496,520.1054425639422,511.47025694740495,515.2319946289062,6282700
2024-08-28,513.8127046882402,517.2072650987452,508.6316291885786,512.9293823242188,9106100
2024-08-29,515.1823528308876,523.271648374693,511.8374688036602,514.3585205078125,8317400
2024-08-30,517.4652172466594,519.6389012251412,511.36107936433183,517.425537109375,9157500
2024-09-03,515.7679736756918,521.5743588056987,504.8300686197374,507.9466857910156,12459100
2024-09-04,502.299090188846,512.7407211150795,500.3139929377969,508.91937255859375,8335200
2024-09-05,507.9069828183979,517.7431433118987,507.34122283337155,513.0086669921875,8640900
2024-09-06,517.9912892304044,520.671182675205,494.5373600144014,496.54229736328125,14744500
2024-09-09,502.38841224885664,507.51987164271463,498.33879692389087,501.02862548828125,11047800
2024-09-10,504.3735094853591,510.3486412627666,496.3040843725479,501.02862548828125,9899000
2024-09-11,503.2320824996693,509.29653999219613,491.9070991785975,508.0161437988281,10782500
2024-09-12,513.1973141351996,522.7853688929822,511.3809329776675,521.68359375,11970500
2024-09-13,516.4627391376755,523.6487809464752,513.2567661266868,520.7108154296875,10321400
2024-09-16,521.1281382181504,530.6259533280987,514.0346260182868,529.8113403320312,9527600
2024-09-17,534.1031857464366,538.5739157408703,527.1189435314178,532.83154296875,11690800
2024-09-18,533.5765858893919,540.6602129973364,530.427222425668,534.4508666992188,10323500
2024-09-19,546.4225329449033,558.4140310808363,542.965187958843,555.4633178710938,15647000
2024-09-20,556.3575356648216,560.8282658621283,552.6815898194044,557.69873046875,22066800
2024-09-23,565.7956267309795,570.2464666906967,558.7517177086277,560.7387084960938,12830700
2024-09-24,562.994140958896,564.0571886438404,550.5853892586924,559.6659545898438,12993000
2024-09-25,560.3811029520627,573.1276667022589,560.0532324710734,564.6134033203125,16543400
2024-09-26,571.9850555262691,573.6442364117479,558.6920829601953,564.1464233398438,14400800
2024-09-27,566.3917234549,567.1269610131264,560.838117928489,563.6695556640625,9398400
2024-09-30,564.0073333502471,570.9419116246277,561.1261725236562,568.7164916992188,12792300
2024-10-01,574.2204636657805,579.2475480673664,566.3917149021512,572.7202758789062,15259300
2024-10-02,571.1207599191655,572.2533592458284,565.6367064603336,569.0841064453125,6524700
2024-10-03,566.4414622307997,579.5654984827303,565.0306550145035,578.9793701171875,11581000
2024-10-04,579.9331186133475,592.9677749426188,577.6480910523544,592.063720703125,14169500
2024-10-07,594.3289018923776,599.0281772602958,580.2411417229309,580.9763793945312,12014200
2024-10-08,585.8542501548128,589.6990721427995,582.158416080028,589.033447265625,7857400
2024-10-09,590.1263511004084,590.5237735346293,577.8268726105156,586.6690063476562,9529700
2024-10-10,583.7481340170177,586.3908052566998,578.7309940775933,580.032470703125,7740400
2024-10-11,581.0259788888972,587.3644849060782,578.9197733211103,586.1126708984375,8587100
2024-10-14,590.3547991476689,596.1965568682529,586.1225597394588,586.5795288085938,8252000
2024-10-15,586.3211938265786,586.7682788653303,576.366411572846,582.45654296875,9564200
2024-10-16,577.6182680312427,578.29383764797,570.2962115533834,573.0382080078125,11268400
2024-10-17,579.5356403792879,581.1649266145596,571.458518599145,573.17724609375,8701200
2024-10-18,577.3201645263075,580.1714915317401,571.5082405723564,572.7202758789062,7694300
2024-10-21,572.2832812087102,573.4853720377109,565.4082482178678,571.4188842773438,8171900
2024-10-22,570.5544274664462,579.7343755128267,568.3985595176985,578.2242431640625,8544500
2024-10-23,576.1975114570174,581.1948225417647,558.8411755209275,560.0234375,14248400
2024-10-24,563.441056755549,565.1796737231452,557.8675620582958,564.0868530273438,7184700
2024-10-25,570.196870939945,577.5089833424685,568.001224032485,569.5213012695312,11337900
2024-10-28,578.2143411299127,579.9529581350283,570.3855922786825,574.3992919921875,10925100
2024-10-29,576.3764798430535,589.8084987307076,571.6573758802128,589.4210815429688,13019100
2024-10-30,597.0709039376753,597.2895044786918,585.5463804363292,587.9506225585938,26864900
2024-10-31,581.1949208488315,586.0630735009485,559.347962500568,563.8882446289062,26838400
2024-11-01,563.9179713371708,569.9385516964711,558.9008311441127,563.4708862304688,15303200
2024-11-04,560.4308188774821,564.9909901602553,554.2612502832178,557.0330810546875,12064600
2024-11-05,563.6099673972353,569.7497621186542,562.9840604007563,568.7066040039062,9775400
2024-11-06,559.0896053301655,569.2729344365789,551.5588922903491,568.3291015625,18305400
2024-11-07,573.1375329423543,590.9310075431861,571.4684680719122,587.8511962890625,14653700
2024-11-08,587.6922943773905,589.2421449005798,580.7179973421144,585.5066528320312,9415700
2024-11-11,582.5459004409687,583.1817519980048,572.7599958083543,579.3766479492188,10209100
2024-11-12,584.7118264421407,595.759491677715,576.6049297500081,581.0160522460938,16287700
2024-11-13,578.8203031958691,581.8306231704765,571.4286954699662,576.227294921875,10757600
2024-11-14,573.2468901583926,576.9824428535567,569.2828529077551,573.4058227539062,11053700
2024-11-15,567.5044802644791,568.8457355956763,547.9127777703728,550.4760131835938,17712900
2024-11-18,553.416727423013,556.2581707198138,546.5119820097493,550.7939453125,14327300
2024-11-19,548.2703647450397,557.7781231358199,547.0185508210035,557.4403686523438,9522400
2024-11-20,559.2684336557853,562.6661714032467,550.5952370485202,561.8416137695312,9797300
2024-11-21,565.8155982322771,566.2924566863295,545.4787130366308,559.4274291992188,11154700
2024-11-22,559.8843399428432,560.1625477707939,550.9826596588064,555.5030517578125,9164000
2024-11-25,558.443833778889,568.8656532094762,552.771012901533,561.4342651367188,13599800
2024-11-26,562.3184529672033,573.7436512165369,561.5236686948803,569.8093872070312,10356600
2024-11-27,571.1506111385543,571.2399917712731,560.4307564746592,565.4976196289062,7200200
2024-11-29,565.2989471775757,574.6974365649559,563.2126308545018,570.5843505859375,7130500
2024-12-02,573.743575958102,590.6329972417171,571.8261371713043,588.973876953125,12522400
2024-12-03,591.1298530481572,610.2049797615441,587.4042447306268,609.6585693359375,14907200
2024-12-04,608.9729851561366,613.7616404411217,601.1640649329522,609.7876586914062,14697000
2024-12-05,613.0662512729785,615.8679160019296,603.1014617952826,604.96923828125,8081200
2024-12-06,606.1315803733008,625.6935091963624,604.5718457996734,619.7127075195312,16935500
2024-12-09,619.8616946855406,622.3256047567189,602.2271495803348,609.5790405273438,11426000
2024-12-10,613.543003373563,621.5208003673116,608.7543483737657,615.2915649414062,10938900
2024-12-11,619.3152570040297,634.2475228007214,617.4872593239821,628.564697265625,10837200
2024-12-12,627.392354257623,632.518763915665,623.1302807591452,626.6869506835938,7474700
2024-12-13,623.1401892861142,626.9751278219147,612.8774249101342,616.3148803710938,8453300
2024-12-16,626.3871249494445,627.5504959861296,615.0521770037514,620.6798706054688,10885600
2024-12-17,622.5988864607522,628.7635395126289,613.023802249935,615.9072875976562,12897800
2024-12-18,617.458323440846,623.78203663293,592.9190852764012,593.7841186523438,17075500
2024-12-19,606.9089504961745,608.032510942815,591.6067053508576,592.1734619140625,14958100
2024-12-20,587.2117890570153,599.670295723136,576.6921124953278,581.9121704101562,48989400
2024-12-23,586.2374721206529,597.6619953392855,582.906601529598,596.4290161132812,10205800
2024-12-24,599.2825930550088,604.5225570908009,595.8622700093166,604.283935546875,4726100
2024-12-26,602.0268537854263,602.8421845071757,595.5241740559009,599.9089965820312,6081400
2024-12-27,595.9915391510104,598.4176262629032,586.4363595285397,596.3892822265625,8084200
2024-12-30,585.3921918428604,593.5354843785261,582.2402882439121,587.8679809570312,7025900
2024-12-31,588.8921712512575,590.5824272216997,580.5201486982496,582.1707153320312,6019500
2025-01-02,586.3567230754558,601.4600950104973,584.467595428158,595.8224487304688,12682300
2025-01-03,601.3109040557052,606.0238608766297,593.0084898939718,601.181640625,11436800
2025-01-06,608.3406674545436,627.3913686715185,602.1660620801258,626.6058959960938,14560800
2025-01-07,628.0973257964102,628.4950081200654,604.7611474106166,614.3660888671875,12071500
2025-01-08,609.9017687218794,612.9244095793259,599.3522320412079,607.2369995117188,10085800
2025-01-10,606.5508887308883,626.3174527189176,593.9332602713454,612.3475952148438,19256600
2025-01-13,603.6375693590503,605.4968995396566,595.0369383607565,604.860595703125,10785000
2025-01-14,601.6191378912105,602.0367255311179,585.1933362682075,590.86083984375,13598000
2025-01-15,606.7299597252418,618.910097282811,603.0410962176045,613.6005249023438,15524300
2025-01-16,608.0124701226764,612.7353797434167,606.2327007655699,607.8135986328125,8355300
2025-01-17,620.4909048829862,621.4056409451063,600.2271312773192,609.2752685546875,17280600
2025-01-21,614.3064567694454,617.9555093172025,605.5367510281436,612.9442749023438,11674000
2025-01-22,619.7451592720179,630.0858698658818,615.8972356601856,619.9440307617188,12274000
2025-01-23,623.7820662654243,632.9693595822604,617.6075215774163,632.8202514648438,9910200
2025-01-24,632.7705834013218,648.281591059828,630.5831180425407,643.7973022460938,19065300
2025-01-27,623.0363611550106,660.0838730741682,621.5349631376207,656.1166381835938,28399200
2025-01-28,662.2017426693867,678.6872024447362,655.7089547113195,670.4842529296875,20950100
2025-01-29,671.150465209356,677.1659498341884,661.8736573423043,672.6319580078125,21377800
2025-01-30,692.8459730540745,706.7362716155509,672.2441097313682,683.0819702148438,29322900
2025-01-31,687.0591393102349,701.2775724581132,681.6700672504257,685.24951171875,19303900
2025-02-03,672.0552133808774,699.9850409352784,671.3990041073107,693.4823608398438,21415700
2025-02-04,698.4934641964614,703.6737720914371,687.6655580655898,700.173828125,13826300
2025-02-05,699.537557457663,714.0443756323507,695.023471471929,700.8500366210938,17778200
2025-02-06,701.8543038374813,714.8000689545609,699.4878723496911,707.929443359375,13080700
2025-02-07,712.7119725933773,720.8751716095816,707.6907856196146,710.4450073242188,16427100
2025-02-10,714.46201254255,717.0869710502225,707.2732650282198,713.3086547851562,12904300
2025-02-11,709.2519213485424,719.5329180252578,705.9905981597891,715.6949462890625,12998000
2025-02-12,711.2205731043938,722.9532645960217,708.5359592891488,721.2431030273438,12016500
2025-02-13,717.4051397279665,724.84246133802,713.9449451473768,724.4049682617188,12569100
2025-02-14,721.9987138789817,736.6844367741571,721.4816601081104,732.4686279296875,16901200
2025-02-18,731.8025383986342,732.7968353258062,702.4111236589109,712.2844848632812,21938700
2025-02-19,700.0844219380573,702.9679072184475,691.4241347921043,699.75634765625,17535500
2025-02-20,693.3034063210538,701.6057615774716,689.6841508587038,690.8773193359375,12587400
2025-02-21,692.6073286354539,699.8557309488359,678.4683956288643,679.651611328125,15660400
2025-02-24,682.3660927463782,683.3504369488164,658.6719810754673,664.319580078125,15677000
2025-02-25,662.1718483496754,664.1903000980276,638.1993657059429,653.7501831054688,20579700
2025-02-26,655.8879297289508,679.1146891675552,654.2473156807622,669.8577880859375,14488700
2025-02-27,678.5580375410369,684.7226914214406,653.8199219496914,654.486083984375,12500000
2025-02-28,654.2870702842284,665.8109973539985,638.9351246579868,664.38916015625,17534200
2025-03-03,669.8379033612619,677.3647378963709,647.1281969958483,651.3141479492188,10843800
2025-03-04,641.8285608669278,646.0443697452546,620.0932465782156,636.3499755859375,21495200
2025-03-05,637.3442107016956,655.7387004021346,634.0232328859059,652.7259521484375,13770000
2025-03-06,644.3042980636187,646.8496953321902,620.5505339914102,624.3487548828125,13446500
2025-03-07,621.8034726097,631.1697327935797,597.1846706615338,622.091796875,21375700
2025-03-10,604.6021195261419,606.6304633422532,583.5230132390974,594.57958984375,21999900
2025-03-11,591.6563759772822,611.4230037979147,589.9462143877115,602.255615234375,17401500
2025-03-12,626.3076063631013,629.7180372558605,605.8747576675322,616.0265502929688,15747000
2025-03-13,616.7127266419939,616.9613008969886,583.1651548978332,587.2716064453125,16480300
2025-03-14,599.8953217159161,605.9261184289692,591.9140083788382,604.6721801757812,12364500
2025-03-17,604.532891346396,610.1456680585562,595.1184538057017,601.9852294921875,15473900
2025-03-18,597.1585946307207,597.3576430615008,571.8909239806788,579.5538330078125,20297700
2025-03-19,581.4646990631072,589.4659367740201,572.0005129037568,581.2457275390625,20537500
2025-03-20,579.9519523821848,607.2597338403973,576.7176126648797,583.1763305664062,24336500
2025-03-21,580.6086981003576,594.6606541908575,578.15062927122,593.3768920898438,25015900
2025-03-24,612.0067329441661,619.5402641270977,609.2501215154047,615.8680419921875,15741300
2025-03-25,623.7399580748611,630.8256453980655,618.1868283737851,623.2921142578125,15312500
2025-03-26,621.8788954221347,623.7299181762457,603.6869509824072,608.035888671875,12609800
2025-03-27,599.0992913670475,611.2902653192839,597.2084221310924,599.676513671875,10436500
2025-03-28,597.4173714732933,598.8504351853067,571.1545185330965,573.9609375,17602800
2025-03-31,560.7846851801138,575.9114536987544,550.633823362273,573.5827026367188,21124700
2025-04-01,568.0894064880564,587.0674633156228,567.2534273427501,583.1763305664062,12836600
2025-04-02,572.1397763325173,589.8042481703526,570.5972571371435,581.1163330078125,13470800
2025-04-03,543.5879742637874,549.8974512876792,527.7447028262635,529.058349609375,34777500
2025-04-04,504.17885089088094,515.5040213149615,491.8187135649183,502.2979736328125,38589800
2025-04-07,482.7624960602015,536.7709789044776,479.5779034791825,513.7623901367188,36606100
2025-04-08,540.6323266100003,544.7921778120626,500.4369329768723,507.9903869628906,28034200
2025-04-09,506.8160385676343,585.0572285137947,499.6905358471851,582.9474487304688,39216600
2025-04-10,572.7169643692248,578.4989661784922,532.7206193644059,543.6576538085938,28173500
2025-04-11,532.929645345754,544.7623677490587,526.0430064952079,540.9508056640625,17642300
2025-04-14,553.4900382546571,555.082364985388,525.7344743683024,528.9190063476562,14130900
2025-04-15,529.5459559702749,535.3478804936883,515.0063704096068,519.0070190429688,15558700
2025-04-16,506.05972448726374,510.89629171463736,493.24178266268706,499.88958740234375,18735100
2025-04-17,502.8154217219696,504.85553152235843,495.6103178269469,499.0635986328125,14593500
2025-04-21,488.9624583334673,491.12201530991814,477.48801813689346,482.3246154785156,16166000
2025-04-22,489.4999049556232,504.43758854395816,484.0164453354945,497.869384765625,17399400
2025-04-23,525.9832698458712,532.7604529479869,514.0311311645399,517.7630615234375,18173900
2025-04-24,516.2304339699675,531.3273797107081,515.0063802713869,530.5809936523438,13910000
2025-04-25,544.1652287179842,547.2104816596852,533.6660761055184,544.6329956054688,17098900
2025-04-28,552.9626595605006,555.7989025202155,537.9851902333166,547.091064453125,15179000
2025-04-29,543.3690983377817,553.8881740688888,541.4981522607771,551.7684326171875,11835000
2025-04-30,535.8057750755402,546.454169152335,526.9486349137103,546.3546752929688,29244000
2025-05-01,589.2270079320605,590.0928108725743,567.7509767640606,569.4527587890625,31159000
2025-05-02,580.6487107590448,601.4281085914052,575.5434240055124,594.1433715820312,24739300
2025-05-05,588.3711864956578,600.3034638901578,585.2164780987113,596.3824462890625,13887700
2025-05-06,589.6749204940905,593.1580557272168,583.7535784495642,584.4800415039062,10600700
2025-05-07,587.5152719752582,600.1740108662416,583.8430502093112,593.9342041015625,13139100
2025-05-08,603.3686118483918,608.3544812296859,593.7452230797331,595.1285400390625,14622800
2025-05-09,600.8109394870412,604.0452793268493,588.8588608245773,589.6350708007812,10427300
2025-05-12,627.8799331892349,637.3043341532137,618.0376337183749,636.3489379882812,21965100
2025-05-13,642.4294524194285,657.7353489578065,639.7325493918635,652.8689575195312,18570800
2025-05-14,658.0239835535567,659.4769096738539,651.1572068855135,656.182861328125,12348200
2025-05-15,651.1273156430934,654.142683700188,635.502955512594,640.7774047851562,14341800
2025-05-16,634.8860406989016,637.3540714948545,623.1329490749869,637.2545776367188,18519000
2025-05-19,625.2228121555676,639.9017400971427,624.7749683074427,637.3441162109375,9592400
2025-05-20,632.9453156138306,636.2691873891446,629.2133854600481,634.030029296875,6743500
2025-05-21,628.7456601662759,643.4942563973034,627.1334710926182,632.4378051757812,11464600
2025-05-22,630.9948087661452,640.1504905814367,627.670936619393,633.502685546875,8228400
2025-05-23,620.993199465317,629.4024945229537,619.6497288590488,624.0384521484375,8454100
2025-05-27,632.3482375434634,639.9813232293817,629.7010815324659,639.2249755859375,9508400
2025-05-28,639.5036236726668,647.7437558554283,639.4538767446285,640.4789428710938,9042900
2025-05-29,648.5100063761854,650.1719423650428,636.4185276452218,641.9417724609375,8858800
2025-05-30,639.4041102133804,646.280787614279,629.7309752425916,644.3700561523438,16241000
2025-06-02,641.2850258933295,670.0159111420195,641.1556474381308,667.6672973632812,15766300
2025-06-03,668.2145898171319,672.3246940222688,661.8255419819219,663.63671875,11585000
2025-06-04,666.0948360662192,685.6799991447359,665.3484500003867,684.6350708007812,14031900
2025-06-05,688.3272230223918,691.034148340669,678.9625916503563,681.3211669921875,13083100
2025-06-06,692.8154651620004,699.4234846834818,688.5361970003321,694.3480834960938,11728000
2025-06-09,695.0945213210746,701.7920736580201,690.5962813164961,690.7156982421875,12773200
2025-06-10,697.9704528283436,699.8413987256182,688.2276487579279,699.0154418945312,10850100
2025-06-11,700.3192440286267,705.4543542003653,688.6556844505828,690.7953491210938,9582500
2025-06-12,689.959273477418,692.0292678599332,683.6896426147513,690.0189819335938,7322700
2025-06-13,684.6350059210808,691.2231014452209,677.7284450834388,679.5794677734375,9274400
2025-06-16,696.4958041665155,704.2841189203066,690.6993839035827,699.2744750976562,13720300
2025-06-17,699.1549848136494,703.1088663046095,693.2390555875605,694.404296875,10066100
2025-06-18,695.3504012919498,698.746615248436,692.083726120881,692.9501953125,10068300
2025-06-20,697.9099861113372,698.9756568880543,675.9194553649784,679.5845336914062,22538600
2025-06-23,680.9191522618789,696.2168868594199,675.9991705997772,695.6990356445312,11080100
2025-06-24,702.0331667197503,710.2995155017503,699.2644046004114,709.3135375976562,13823200
2025-06-25,710.429070970547,713.6758686004573,702.5212476934295,705.807861328125,9320400
2025-06-26,711.4647766700988,725.2685892925924,708.1681941037551,723.1472778320312,13964800
2025-06-27,723.5756288277632,732.4494922418124,722.9182695895095,730.6567993164062,18775700
2025-06-30,741.5324122708266,744.8688715785474,731.2741691445048,735.0986328125,15402100
2025-07-01,733.893576308325,734.7600455077777,712.4707423479545,716.3051147460938,13431200
2025-07-02,712.4309163210858,717.3807446486052,709.911140766825,710.6780395507812,9336700
2025-07-03,723.6651827300041,726.0754187289656,711.524583891452,716.0960083007812,8601700
2025-07-07,714.691699254539,724.053627417977,710.6183091744663,715.4386596679688,9457100
2025-07-08,718.6455832818111,719.9801184048647,711.9129709064391,717.7492065429688,7770700
2025-07-09,719.7910143882187,734.5410524810821,719.7910143882187,729.810302734375,11418000
2025-07-10,728.5851937618205,732.8179695463292,716.6836120454662,724.2926635742188,9913600
2025-07-11,719.5718788034793,722.2210717075307,706.8237663261808,714.6021118164062,10873900
2025-07-14,714.6916780207232,725.0495530943306,713.6459456305495,717.9982299804688,8939400
2025-07-15,720.9661812972705,721.5338176914017,706.9432281110463,707.5109252929688,11529500
2025-07-16,710.4788478373293,711.0763918410653,696.4360166593995,700.0612182617188,13067600
2025-07-17,701.5352245721698,703.0391144882735,694.2847001730921,698.5672607421875,11803300
2025-07-18,699.3441638290562,701.8539702144897,688.8469022692487,701.4257202148438,12779800
2025-07-21,703.935467146971,714.094140720639,702.8997039450122,710.0804443359375,9404400
2025-07-22,713.2874984053531,713.695810051256,698.5673681499907,701.95361328125,8921100
2025-07-23,703.5072478245529,711.7337817619899,702.0730813658738,710.6880493164062,8771600
2025-07-24,714.1439574655813,720.687338137739,711.1063305361163,711.903076171875,10920800
2025-07-25,714.0144936743148,717.7294182953093,709.0148797574245,709.7916870117188,8271700
2025-07-28,712.3013525104336,721.8026656197932,709.791546456428,714.7214965820312,8715700
2025-07-29,717.08203125,721.5338863492012,697.0734239369631,697.1630859375,13267000
2025-07-30,705.220260506502,705.6285721008213,688.3986981647392,692.3924560546875,27077300
2025-07-31,772.0582355802883,781.5695186158251,762.4075053559926,770.3053588867188,38831100
2025-08-01,757.6469231660217,762.8955845641383,742.2894337714881,746.9703979492188,19028700
2025-08-04,756.9198601954741,773.7015459386386,755.336277425542,773.2235107421875,15801700
2025-08-05,773.3032507518016,779.956171055707,759.9077481452855,760.3659057617188,11640300
2025-08-06,766.8792810155117,770.504543114836,757.3779673914686,768.8612060546875,9733900
2025-08-07,770.3551486222174,771.8590385394825,756.4716429684601,758.742431640625,9019700
2025-08-08,759.6586872434935,766.7797336678077,755.5056046563325,766.18212890625,7320800
2025-08-11,766.9590117045211,770.3253179934114,761.5709034876361,762.7660522460938,7612000
2025-08-12,769.867116884642,790.4533266506146,769.2994197367773,786.7982177734375,14563100
2025-08-13,787.9436609964881,792.2361910481928,775.0759792517462,776.9185180664062,8811800
2025-08-14,774.7274293874929,784.617178000717,769.3791976719999,778.960205078125,8116200
2025-08-15,780.9720282034339,793.0229651164598,777.6555069770899,782.047607421875,13375400
2025-08-18,771.9487538776341,772.6658066945315,753.4938227994072,764.260009765625,16513700
2025-08-19,764.0110161040656,764.0608013068265,746.3229839925046,748.4343872070312,12286700
2025-08-20,744.5402806181255,747.1596267051697,728.0374276650272,744.6896362304688,11898200
2025-08-21,741.6918632286945,742.4786396352457,730.1388392043501,736.1045532226562,8876300
2025-08-22,736.2340211992512,753.8324517991243,731.4136708448241,751.73095703125,10612700
2025-08-25,751.7609296230241,755.8044731291578,747.0899344704388,750.2470703125,6861200
2025-08-26,747.757209359515,751.8107221036704,744.9088147137186,751.0438232421875,7601800
2025-08-27,749.2510563210803,751.0935950889643,739.8294348400382,744.3510131835938,8315400
2025-08-28,740.9847476708056,749.9980580487584,737.7977043404688,748.06591796875,7468000
2025-08-29,742.2595260689985,744.1119731912547,732.3697173104384,735.7061767578125,9070500
2025-09-02,723.0974888358023,733.0171449086611,718.8049588018843,732.1307373046875,9350900
2025-09-03,733.0171338161767,737.2499093850881,731.015270232833,734.0628662109375,7699300
2025-09-04,745.53621296405,758.0751543418567,742.7973581267053,745.6159057617188,11439100
2025-09-05,749.5698067054846,754.8782225138488,742.0106011970698,749.4005126953125,9663400
2025-09-08,752.9361155888886,763.40353083721,748.9722650144703,749.2510986328125,13087800
2025-09-09,754.419992782477,763.1942846942571,750.3764498072048,762.5967407226562,10999000
2025-09-10,762.0290412375358,762.5967384027244,747.9563032651432,748.9323120117188,12478300
2025-09-11,751.5914910169384,754.0315127417346,745.3369141532683,747.856689453125,7923300
2025-09-12,745.6955270108052,754.4997269984316,740.7456986088828,752.5277709960938,8248600
2025-09-15,754.4000905423925,770.9328504065699,748.942319380906,761.600830078125,10533800
2025-09-16,763.8914686014472,778.1932551715911,761.9991446900564,775.8428344726562,11782500
2025-09-17,776.8288860861533,780.1154998547986,763.2043349956956,772.576171875,9400900
2025-09-18,777.5857421327424,785.5832269744436,770.2256780600211,777.0877685546875,10955000
2025-09-19,783.2327349405688,787.5949882886124,766.072585123962,775.225341796875,23696800
2025-09-22,779.2068217271558,783.0737097074955,761.8855723964391,762.5732421875,11706900
2025-09-23,766.6494677320859,767.994879580523,748.5309344746781,752.8463134765625,10872600
2025-09-24,754.9391495935897,758.5369308098985,749.9859806746165,758.0884399414062,8828200
2025-09-25,750.9028646268723,754.2116481824468,742.0329280425029,746.378173828125,10591100
2025-09-26,747.4645893513656,749.3880575951708,734.8573289461095,741.2357177734375,9696300
2025-09-29,746.1888021735474,748.2418964072087,736.6512086302703,740.8868408203125,9246800
2025-09-30,739.740790143385,740.4583269528289,723.8446976774693,731.8973999023438,16226800
2025-10-01,719.050911987213,719.4096803677126,707.7991010033351,714.9149780273438,20419600
2025-10-02,720.1373033168862,725.3097607250153,715.7123105005168,724.5921630859375,11415300
2025-10-03,727.1634377305112,728.528801479838,707.7791777004747,708.1578979492188,16154300
2025-10-06,702.8060248479621,714.4565078636942,688.1756596108709,713.2406005859375,21654700
2025-10-07,715.2936403041813,716.0710326272052,703.3641353885179,710.6693725585938,12062900
2025-10-08,711.0380954481734,717.2171476536749,705.4171476518181,715.4132690429688,10790600
2025-10-09,715.8517801132227,731.0302734375,710.0314963104157,731.0302734375,12717200
2025-10-10,728.4490335307075,732.784364410351,702.1283419878271,702.9156494140625,16980100
2025-10-13,710.5996089558437,717.5061741064447,705.2477676379041,713.280517578125,9251800
2025-10-14,705.3873404797914,713.1310322093289,696.9658939978091,706.25439453125,8829800
2025-10-15,714.6359337847463,721.45283752448,707.1114691724935,715.124267578125,10246800
2025-10-16,715.1242355877501,723.0373960268438,701.5004654735715,709.6627807617188,9017000
2025-10-17,704.6895772089346,716.1107952220178,703.7328008022037,714.4962768554688,12232400
2025-10-20,718.7519023248905,731.289390620618,717.7453070615727,729.6947631835938,8900200
2025-10-21,733.5317798217285,736.0033762985795,726.2863378166417,730.7910766601562,7647300
2025-10-22,731.3492269695964,738.0962989037338,721.5823690736463,730.9306030273438,8734500
2025-10-23,732.2163225390138,739.9002195728755,730.6216949207216,731.5186767578125,9856000
2025-10-24,734.2991918313108,738.7042934120783,728.6783045992579,735.8638916015625,9151300
2025-10-27,747.1953964386955,753.1950643156673,745.4812403760276,748.28173828125,11321100
2025-10-28,750.0856376808406,755.8361508831443,742.9996885933356,748.899658203125,12193800
2025-10-29,752.1984498261967,756.5935143682193,739.9998387891849,749.1288452148438,26818600
2025-10-30,666.887912533529,678.6579855089774,647.9720344844721,664.2169189453125,88440100
2025-10-31,672.2297387877188,672.6084590133829,643.3875718813117,646.1581420898438,56953200
2025-11-03,653.7823467127146,657.1011064498967,634.0293422915395,635.55419921875,33003600
2025-11-04,625.9168165443936,639.5705142822006,623.8937108241939,625.1992797851562,27356600
2025-11-05,630.1724613898772,640.0589096060615,624.4219475211817,633.8001708984375,20219900
2025-11-06,633.7004019945108,633.8499192315176,615.9107705740217,616.8475952148438,23628800
2025-11-07,614.4058914069517,620.0268394880455,599.1676024999227,619.6082763671875,29946800
2025-11-10,628.9565496273584,632.8533046281837,616.0203887455347,629.624267578125,19245000
2025-11-11,625.8769557835792,627.431679546322,617.29607772438,624.9600830078125,13302200
2025-11-12,626.0065923024907,626.8636704474237,605.7154345004715,606.9512329101562,24493300
2025-11-13,610.9974896015757,615.5620236854409,600.9615245048305,607.8282470703125,20973800
2025-11-14,599.7556041676178,611.6054241702889,593.1879159768617,607.3997192382812,20724100
2025-11-17,606.9810562524968,609.6221219886945,593.3872138938384,599.974853515625,16501300
2025-11-18,589.6000552799869,601.6192836786712,581.8065445386262,595.6694946289062,25500600
2025-11-19,591.7128101062766,593.3174134864839,579.2849960343485,588.3243408203125,24744700
2025-11-20,601.4597887996167,604.6688739678727,581.3778841958236,587.1583251953125,20603000
2025-11-21,586.5104667718139,596.097939714081,579.8928999224906,592.2410278320312,21052600
2025-11-24,596.6959057641074,614.6151629725317,595.609624740878,610.9774780273438,23554900
2025-11-25,621.8905530674527,634.8964250643965,616.2098098880907,634.0692138671875,25213000
2025-11-26,635.5342418532664,636.2019598341516,629.4947305871518,631.468017578125,15209500
2025-11-28,633.9297744730248,645.8592811772246,633.3517181073535,645.7596435546875,11033200
2025-12-01,637.3879462598147,643.138459853903,635.6040193729798,638.7034912109375,13029900
2025-12-02,640.1685571180485,645.6798309839221,635.9129726489192,644.9124145507812,11640900
2025-12-03,642.2314195290578,646.6564116761257,635.3946256961132,637.4376831054688,11134300
2025-12-04,673.7147555733686,673.8143931879296,657.8186630061315,659.293701171875,29874600
2025-12-05,661.755234533816,672.4090975952314,660.1506920128531,671.1433715820312,21207900
2025-12-08,667.0772284693074,674.4223082782987,662.8216443414645,664.5457763671875,13161000
2025-12-09,661.5261117632423,662.2336726422647,651.1313781996487,654.7391357421875,12997100
2025-12-10,647.7528057448357,652.297387877758,641.2249606939789,647.9321899414062,16910900
2025-12-11,641.1152803360264,653.0647981949571,638.6337077300913,650.5034790039062,13056700
2025-12-12,647.6033016180266,708.5964236692454,636.4511276224844,642.0521240234375,14016900
2025-12-15,644.0419403138617,651.3231827074947,637.0599153843787,645.8472900390625,15549100
2025-12-16,641.8476117575357,660.8386986647098,641.5483942773906,655.4625854492188,14309100
2025-12-17,653.9265104909302,659.5320745885969,647.5329968709444,647.8322143554688,15598500
2025-12-18,655.3429055936973,668.838131561853,654.7743619360156,662.7438354492188,20260300
2025-12-19,664.7088117261414,669.2770686745317,656.4899793714928,657.0784912109375,49977100
2025-12-22,659.9510307809619,671.850389464676,654.9638698467097,659.8013916015625,15659400
2025-12-23,658.3550860644432,664.2898196014329,656.5597203493141,663.2325439453125,8486800
2025-12-24,660.8288080412273,666.4642636433252,660.499638357634,665.8358764648438,5627500
2025-12-26,666.3445631389869,667.2322924211887,659.6218797502219,661.5867919921875,7133800
2025-12-29,656.3204105957403,658.5546491157273,652.7097106878265,656.9986572265625,8506500
2025-12-30,656.9986226731097,670.4938487731155,656.1508296487782,664.239990234375,9187500
2025-12-31,663.0430880640301,663.2924461264837,657.7467252526537,658.3950805664062,7940400
2026-01-02,661.0282405096659,662.6840120988863,641.8476382600104,648.7398681640625,13726500
2026-01-05,649.3382765751533,662.8335011360534,646.0866382115723,657.0982666015625,12213700
2026-01-06,657.8764143393763,663.8111485640529,650.2261258196658,658.9237060546875,11074400
2026-01-07,653.9565196013041,657.4575166710536,643.1543108814861,647.0243530273438,12846300
2026-01-08,644.2215315163064,645.438369611356,634.0875860000896,644.4010620117188,11921700
2026-01-09,643.7826886268982,653.2682792823022,641.1993122536916,651.3831176757812,11634900
2026-01-12,650.8544758921091,652.2907198459545,639.5834431006995,640.321533203125,14797200
2026-01-13,640.6207665550912,640.6207665550912,622.4973805544787,629.469482421875,18030400
2026-01-14,624.8913007155408,626.836305766559,613.2412994138377,613.9395141601562,15527900
2026-01-15,616.8918216697934,622.5672130846042,612.6527349978052,619.2058715820312,13076100
2026-01-16,622.5772500418334,627.4646923832119,618.4878021974878,618.6573486328125,17012500
2026-01-20,606.3190803349536,609.8300611005736,598.4593098618273,602.5687255859375,15169600
2026-01-21,605.1820479992876,616.6824713366042,598.5391758430108,611.3861083984375,14494700
2026-01-22,627.7340099128677,658.8738787822234,624.9412115762174,645.9671020507812,21394700
2026-01-23,643.1144139511335,664.7786132883346,642.7952283244125,657.0684814453125,22797700
2026-01-26,663.4221291072672,673.546090976127,659.5919624126628,670.633544921875,16327400
2026-01-27,672.8577784094987,675.082032614818,662.9532236229811,671.2418823242188,13297400
2026-01-28,672.768020673078,675.9398477720257,664.3895658196245,667.0128173828125,25709600
2026-01-29,735.536439340887,742.0895763731422,710.7203206800697,736.4141845703125,59852900
2026-01-30,725.6319721911391,730.2899638188994,711.7577161829028,714.6602172851562,23744600
2026-02-02,712.7650416713351,719.4478497361232,701.7135364812315,704.5960693359375,14365200
2026-02-03,705.5536352374374,715.1589125312489,684.6474336745422,689.9238891601562,13760700
2026-02-04,685.9640881387202,687.0613001828912,665.7461770525908,667.272216796875,16882800
2026-02-05,661.8760941724082,679.7500626324993,651.8219602792932,668.4890747070312,17131800
2026-02-06,663.7811558190369,670.2644652243433,644.8399277739295,659.7615356445312,18159300
2026-02-09,661.4770916291903,681.5554070660584,657.0884263930592,675.4810180664062,14837500
2026-02-10,675.8600805746455,678.9022976953746,668.0701369952135,668.9977416992188,10455800
2026-02-11,672.2693241407737,677.5258114827353,655.4126950742984,666.9729614257812,14323800
2026-02-12,668.2496878446467,674.2642338266133,643.6231428364971,648.1414794921875,14960100
2026-02-13,643.4435284294337,649.7572916993954,632.9405983581432,638.1272583007812,12336400
2026-02-17,637.8578591323172,640.9498744421038,627.1853229648948,637.6483764648438,12674700
2026-02-18,632.1725042393389,643.3437568439427,626.5370489428796,641.5682983398438,14649200
2026-02-19,636.9302530675583,645.5281132997313,635.0849670695593,643.1243286132812,10035700
2026-02-20,638.0474161403351,661.6466355641227,637.1397796110642,653.9763793945312,14183500
2026-02-23,650.8644258547187,656.0112104148094,634.3669181695027,635.6137084960938,8605900
2026-02-24,631.4543872367445,639.4637360573605,627.364878734925,637.6583862304688,10135600
2026-02-25,640.8801577475739,652.200989167557,640.4911445683953,652.011474609375,11330700
2026-02-26,648.8794426725508,659.3026203284663,645.837286932953,655.3228759765625,10637700
2026-02-27,641.7977899641362,647.7723993687464,636.4814590544522,646.515625,15703000
2026-03-02,635.5239222579676,658.2454587293388,632.8707791900337,651.8818359375,9816100
2026-03-03,646.6252847330551,657.3476806461185,637.199599354082,653.3978881835938,12263800
2026-03-04,656.2705097002453,671.0424780902056,655.9812154011644,666.015380859375,10810100
2026-03-05,660.2302724443645,668.9777721022258,648.6401154384699,658.873779296875,13341400
2026-03-06,646.2363343546218,647.8022493056128,634.4765699796501,643.2041015625,13159400
2026-03-09,633.1500554179556,646.0867221220876,625.1705976379839,645.7276611328125,13489700
2026-03-10,651.881802754218,658.6044862124207,647.3335142418318,652.3905029296875,9859300
2026-03-11,653.0786868976891,657.4274764783338,646.695096760678,653.1784057617188,8977200
2026-03-12,647.0841872338415,651.8219905315074,635.2646391478804,636.5413208007812,11617500
2026-03-13,622.2880080608647,627.55441857404,607.9848031082139,612.1341552734375,18957600
2026-03-16,630.9168848948667,633.6621719731276,622.0321132511823,626.3746948242188,15134900
2026-03-17,626.9137167736849,635.4590438783874,620.6345187532272,621.5928344726562,10348800
2026-03-18,615.2837198825454,621.5829031274002,613.5566433895493,614.6248168945312,11726300
2026-03-19,611.1008889698486,611.9494078221777,601.2278243573462,605.6602172851562,13247700
2026-03-20,602.4957192983555,602.9249750667714,586.2435901825164,592.642578125,21214900
2026-03-23,604.7517959610541,607.5969482872343,597.9834469761715,603.0247802734375,13638000
2026-03-24,598.0732713770465,599.9700396349708,589.9871770786485,591.9038696289062,10739700
2026-03-25,597.7138608396341,602.6354044215132,592.3830467312241,593.8704833984375,12585000
2026-03-26,581.4917396573854,582.0008753864581,542.4188017705425,546.6016235351562,35780100
2026-03-27,539.1743922574078,542.6683942166816,519.3684267008094,524.8190307617188,30133000
2026-03-30,535.4607543945312,538.6253045735799,527.6341638126921,535.4607543945312,22795200
2026-03-31,549.0374119135495,572.7067990959439,545.8329522821889,571.1494750976562,32898300
2026-04-01,579.135725523027,591.5344219412718,572.8365426099092,578.2372436523438,23608100
2026-04-02,565.0699110449033,577.5085793033603,558.7408105198895,573.4755249023438,13518500
2026-04-06,576.7000047794845,581.7912404462878,571.0197533967594,572.0380249023438,9515700
2026-04-07,571.4988503418972,574.2441373249518,563.7921103124964,574.064453125,9580800
2026-04-08,604.9614419693103,628.8704088339113,590.8157434643455,611.3704223632812,32036600
2026-04-09,625.8954391113879,636.4074215325429,621.9322723369008,627.3130493164062,19012900
2026-04-10,633.3826022362973,637.4856047359222,623.2600266965629,628.780517578125,13294800
2026-04-13,628.4211571313969,633.911731180996,623.3299219303536,633.4425659179688,9538900
2026-04-14,642.117619704398,665.1181727259973,638.2742422102883,661.3546142578125,17818000
2026-04-15,665.856909197143,677.3372007350248,663.081644256971,670.4290771484375,14952600
2026-04-16,674.831464225754,676.4187660594131,666.605595861725,675.7099609375,9544800
2026-04-17,677.4369744478516,690.3348757077041,673.9729506648888,687.3699340820312,16283500
2026-04-20,680.192296240317,682.2088539380842,666.8552067290691,669.7601928710938,12534000
2026-04-21,669.8500580611455,675.0411586256739,666.1863646700106,667.6937866210938,8660100
2026-04-22,673.2042912464699,677.2174214115423,668.6022063234784,673.5636596679688,9215600
2026-04-23,662.562575853328,668.412518474367,651.9308032468797,658.0203857421875,11667000
2026-04-24,659.1883568751083,679.5034568571632,652.719481738207,673.8731689453125,13348300
2026-04-27,669.8500343121515,681.330325511242,669.6903353309991,677.4569702148438,12805200
2026-04-28,673.0844464119266,677.0176962940845,664.489217253305,670.189453125,10606800
2026-04-29,667.7636045616339,673.0944797535534,662.6723692427279,667.9732666015625,18947500
2026-04-30,618.2586017744245,619.7859479396749,598.9717055442339,610.8612670898438,52765000
2026-05-01,613.6365485572411,617.8193701850194,605.0712358749745,607.7067260742188,21404000
2026-05-04,606.8981537761392,612.9477660987843,601.7170456287333,609.3638916015625,16203900
2026-05-05,612.2588828439087,613.2970785161436,599.3310648754198,603.9232177734375,17171300
2026-05-06,600.0199080772063,618.8875416216711,597.0749516023062,611.8296508789062,19915500
2026-05-07,613.6664846485507,623.9089111604618,612.4885142038465,615.7529296875,12307400
2026-05-08,614.145727971313,615.7130447332122,605.0213768033159,608.5852661132812,13557000
2026-05-11,603.533915527778,603.8732987260729,597.0550476209405,597.8336791992188,15940600
2026-05-12,593.8005792809215,602.7152673522038,591.5843523282613,601.966552734375,11351600
2026-05-13,597.8037594995824,618.837657653709,595.6374345129168,615.5732421875,14634400
2026-05-14,614.944289073115,622.6610217742586,613.9460028895547,617.3701171875,10651200
2026-05-15,612.9377281921389,620.1353935587166,608.2657561335159,613.1773071289062,13272600
2026-05-18,608.0660990208263,614.5350350972873,602.6554048207697,610.1625366210938,13772400
2026-05-19,607.8763927177921,612.8778161384099,599.5207424161133,601.5772094726562,11749900
2026-05-20,599.7304526335664,606.9580352784536,596.7854960328639,604.0230712890625,11329700
2026-05-21,598.9717538809448,608.5552775708169,593.7906457726523,606.339111328125,13476100
2026-05-22,606.8381854335279,613.7563010923075,605.9097866322771,609.214111328125,11688600
2026-05-26,607.8465495511928,613.4169431409898,604.2626749853522,611.2906494140625,12234200
2026-05-27,608.3555996261091,637.4057020013258,607.9562607968793,634.1712646484375,23143600
2026-05-28,638.4040398455469,641.8980416273442,628.2315007921775,634.2012329101562,16772400
2026-05-29,632.4143189973911,633.4126052152244,622.281689514161,631.426025390625,19806500
2026-06-01,629.3196791836195,634.6604862727559,598.5025873828931,599.44091796875,29138800
2026-06-02,602.2062063737548,607.8365556216692,595.6574508079194,596.6058349609375,18252000
2026-06-03,601.9665545007575,623.0803311577063,599.2412527816401,621.9122924804688,23020100
2026-06-04,622.6011661035562,641.2991089275577,621.3633009071642,626.4945068359375,21469200
2026-06-05,622.3915225332053,628.0717733238163,581.9109692668093,591.9837036132812,30091600
2026-06-08,590.9854370177134,590.9854370177134,578.2273099921849,584.3867797851562,19512400
2026-06-09,589.9871222602228,596.6057643945405,580.0142532419713,583.588134765625,16977400
2026-06-10,579.7347558037309,590.3066340250939,569.6221111934292,570.00146484375,17064000
2026-06-11,564.8602908302337,571.1893911411966,556.0553993401948,567.455810546875,17628000
2026-06-12,571.968101190783,575.0827493186854,559.9387644415484,566.00830078125,14326400
2026-06-15,579.4427159724761,600.795858737961,578.8431525395191,593.011962890625,17653300
2026-06-16,593.1818700134238,605.3322537623429,591.5331468141493,599.7366943359375,11344400
2026-06-17,591.5331725816898,593.3417428489197,565.7435277503374,567.1324462890625,20478300
2026-06-18,572.3682769745303,579.7624046842873,562.6559105294999,576.7647705078125,28824600
2026-06-22,571.5689356803741,575.3559250048318,559.3685422933314,563.4053344726562,15405500
2026-06-23,561.8066012038755,571.7487666818112,560.5775907162,561.7566528320312,13103300
2026-06-24,561.4469285838474,568.591253761232,555.1119012433646,557.230224609375,13963600
2026-06-25,555.1118879211193,555.9013039685537,539.7540133926082,542.44189453125,16968600
2026-06-26,542.9115767800729,556.4108722579447,539.9738926737891,549.8161010742188,18867700
2026-06-29,559.5583857816937,570.4498144711828,557.5599629753306,562.1563110351562,15011400
2026-06-30,560.4976417791106,565.0939897966132,550.9951316644288,562.8457641601562,18111100
2026-07-01,607.4305787144307,627.784571153574,594.6306830487989,612.4266357421875,45536300
2026-07-02,607.4206544757068,609.5189740900589,579.9622828274885,582.4403686523438,21705900
2026-07-06,594.3709360150443,603.1040338931904,581.301233826573,599.8165893554688,17674100
2026-07-07,607.1109147253509,624.8768626804635,603.1839600389557,615.0946044921875,18560800
2026-07-08,613.9055418180343,615.5142576272189,597.5384532703483,602.6444091796875,13606500
2026-07-09,583.529455055522,632.77062206454,576.6149292518581,630.9819946289062,26579700
2026-07-10,659.8193113874754,677.3254544051542,657.491131647921,668.6823120117188,40608900
2026-07-13,660.858454671636,676.0864269737083,653.6841239854351,656.2120971679688,19840700
2026-07-14,651.4858277274717,665.9743929146624,648.5381419230179,660.5186767578125,16748200
2026-07-15,663.0767089741589,685.5390243545221,656.1421789132482,680.7727661132812,19003400
2026-07-16,676.7459348014426,681.3622866487058,659.6393793096187,664.0159301757812,15816000
2026-07-17,647.1892801723585,651.68573177941,625.5063791142821,645.5006103515625,22267900
2026-07-20,646.1900645769782,652.784835830389,635.5084916103011,645.3406982421875,10225200
2026-07-21,653.664124760039,655.3627963853286,642.6928027946103,643.3023071289062,9140500
2026-07-22,647.189254956408,648.4882176170956,623.5079318845419,626.6754150390625,11019600
2026-07-23,607.9301851876114,614.1653155952538,596.7490071058414,605.6220092773438,15494800
2026-07-24,604.8226548171024,609.4989569016461,593.9812354037057,594.7206420898438,11503500
2026-07-27,606.7411202287035,610.7779733376527,592.6622656813121,593.4016723632812,11195300
2026-07-28,596.3493616660036,600.5260580457825,586.5370982909723,592.9420166015625,12009300
2026-07-29,592.7821833537371,599.4968549179539,581.7608519604674,585.148193359375,22371100
2026-07-30,525.58522592167,539.4542858116451,524.0764068649972,538.60498046875,42271500
2026-07-31,543.171288392182,557.8897136701136,539.7939490076644,556.27099609375,24261500
2026-08-03,561.7966164985271,597.0488245114987,558.9188827428958,589.7745361328125,25938100
2026-08-04,581.0414552494501,592.32253050782,577.794018053301,587.4763793945312,17959200
2026-08-05,599.9865089938204,600.5260612032997,579.6625219517506,588.3057250976562,14897200
2026-08-06,586.487189429669,594.8405827519979,585.5379263278069,589.4348754882812,11811500
2026-08-07,585.1781899072663,598.2678350979388,585.1581861630435,591.633056640625,11250300
2026-08-10,598.657568915248,607.7304260788247,591.5631919202813,594.4508666992188,14967300
2026-08-11,597.5284100969216,611.9470231090784,592.9320621063698,598.6475219726562,13146900
2026-08-12,600.5960026412422,604.023290419805,577.7540447074138,578.3934936523438,16186900
2026-08-13,580.2520897369063,595.380104391766,578.9331233348041,594.5007934570312,11164200
2026-08-14,596.5092089028919,601.3853654698224,588.8252707092146,589.3848266601562,8758000
2026-08-17,589.2849441761664,589.774548021712,564.3046582848494,568.5213012695312,17225600
2026-08-18,557.0403796583744,560.2178647510921,542.7816737373303,543.2412719726562,27094900
2026-08-19,540.9131223962278,553.6330639150415,536.8463247077087,545.5994262695312,16971700
2026-08-20,546.5187091013889,549.5562899225255,538.8847190657524,545.3995971679688,13872200
2026-08-21,546.4587335768297,553.4332095869578,542.8015857242297,549.4663696289062,13848000
2026-08-24,549.7661710202622,560.9772946036173,545.8692218355393,558.5792236328125,12990600
2026-08-25,563.4353464162,570.3498724402046,560.9573215839381,569.6004638671875,9769100
2026-08-26,589.8444773654404,592.8721171723366,561.4369046651577,575.6856689453125,31416300
2026-08-27,576.0253592943615,587.926001033879,567.1723610665189,570.6495971679688,15221400
2026-08-28,571.0992793335739,588.7253835559844,570.5497252457161,577.564208984375,16042400
2026-08-31,577.1744781551006,578.2236379136884,568.6911832402849,571.888671875,13383800
2026-09-01,557.9096596695957,584.4887194481862,555.6614340241316,578.083740234375,15796900
2026-09-02,578.3335366296732,599.9065373056851,576.5449702025707,592.3824462890625,16552700
2026-09-03,604.0133041368691,618.9715308723809,603.8733999005765,610.1984252929688,19737100
2026-09-04,611.8670721034152,616.9730886717387,604.7926993516937,616.2836303710938,15966200
2026-09-08,615.7241045276966,624.3072966603136,609.2591747857786,612.9962158203125,18909700
2026-09-09,648.1284941622514,657.3411939542544,638.056426220049,653.1744995117188,35900700
2026-09-10,653.1945472302951,662.9768054946985,641.6336632885306,643.8718872070312,21531900
2026-09-11,652.9947023490145,663.716221985592,645.6904688887529,647.51904296875,16925000
2026-09-14,657.311302577125,668.072768706455,648.708045415434,665.0751342773438,19332300
2026-09-15,658.7801108800835,678.3346866933342,655.6825797136325,669.7114868164062,19502800
2026-09-16,679.3738238485387,684.7695900234191,671.3801323225093,672.779052734375,17217800
2026-09-17,681.9018750257407,682.6612854975235,666.5239959332205,681.77197265625,15928000
2026-09-18,688.0769980771287,689.6058209010791,660.278927643704,665.2250366210938,27596400
2026-09-21,680.2999877929688,753.0,679.5999755859375,741.25,48720500
2026-09-22,731.4000244140625,757.27001953125,730.0,736.5999755859375,28122100
2026-09-23,747.5999755859375,763.9000244140625,739.510009765625,744.0999755859375,30829200
2026-09-24,744.3599853515625,779.8200073242188,743.010009765625,777.5900268554688,34808500
2026-09-25,768.8499755859375,769.5700073242188,746.5399780273438,751.6599731445312,25826700
2026-09-28,750.0399780273438,750.5800170898438,713.1900024414062,715.6199951171875,27943100
2026-09-29,725.0,740.4500122070312,715.0999755859375,738.7899780273438,23591100
2026-09-30,730.27001953125,738.25,721.2999877929688,725.1799926757812,19293000
