date,open,high,low,close,volume
2017-01-03,56.132125196961894,56.176822814313596,55.542107781374455,55.944393157958984,20694100
2017-01-04,55.85498685195143,56.09635804479557,55.53315859482591,55.69407272338867,21340000
2017-01-05,55.595735932577085,56.01590098051419,55.45270153054454,55.69407272338867,24876000
2017-01-06,55.69408399367447,56.45395717903566,55.46165432216541,56.17682647705078,19922900
2017-01-09,56.1052989410238,56.39137116925902,55.9086287600118,55.998023986816406,20382700
2017-01-10,56.07848511816529,56.382433685616434,55.676199747978536,55.98014831542969,18593000
2017-01-11,55.971209461798864,56.52546740373021,55.81029531572049,56.489707946777344,21517300
2017-01-12,56.37351122070807,56.67745987277825,55.38120816806097,55.97122573852539,20968200
2017-01-13,55.98015877570063,56.20365031087533,55.73878750848672,56.05167770385742,19422300
2017-01-17,56.03378497478841,56.05166470268041,55.45270575403137,55.899688720703125,20664000
2017-01-18,56.02484397223033,56.05166526944423,55.53316338596167,55.87287139892578,19670100
2017-01-19,55.640436954007185,56.301969784579285,55.604677500946764,55.69407272338867,18451700
2017-01-20,56.02485590933196,56.158952193344774,55.756666751516484,56.08743667602539,30213500
2017-01-23,56.051681311898534,56.42714547825973,55.935464751267986,56.28411102294922,23097600
2017-01-24,56.498652524077684,56.981394988013754,56.26621945171897,56.78472137451172,24672900
2017-01-25,57.16913233222803,57.30322520005868,56.72214928570586,56.92776107788086,23672700
2017-01-26,57.32109550892131,57.69655954704426,56.81153181256849,57.45518493652344,43554600
2017-01-27,58.45643423116087,58.92130035498358,58.00945124617238,58.80508041381836,44818000
2017-01-30,58.724636128550486,58.81403137574064,57.9290068338438,58.2240104675293,31651400
2017-01-31,57.982631014472474,58.241881953736225,57.446252818252454,57.794898986816406,25270500
2017-02-01,57.53565608196032,57.768089166933365,56.7400268353731,56.83836364746094,39671500
2017-02-02,56.54335119443447,56.68638562231239,56.09636818103973,56.471832275390625,45827000
2017-02-03,56.766846908316076,56.94564080896694,56.3824412154902,56.92776107788086,30301800
2017-02-06,56.76685500985324,56.900951307031576,56.44502662479361,56.89200973510742,19796400
2017-02-07,56.981392458306566,57.017148505366144,56.525467903649066,56.704261779785156,20277200
2017-02-08,56.829421596985924,57.04397494974745,56.51653484317729,56.623809814453125,18096400
2017-02-09,56.78472460291034,57.607175152324494,56.60593070867162,57.26746368408203,22644400
2017-02-10,57.43731290102005,57.4820139271651,57.19594168271669,57.21382141113281,18170700
2017-02-13,57.42838757133715,57.982649078342696,57.3300507423455,57.85749435424805,22920100
2017-02-14,57.92943179268067,58.20823914255539,57.578665083726,58.07332992553711,23108400
2017-02-15,58.01036923172599,58.07332594711918,57.70458143174971,58.037349700927734,17005200
2017-02-16,58.226220570402596,58.67591336073081,57.956409013266125,58.02835464477539,20546300
2017-02-17,57.983403593410436,58.1812695671895,57.83050965431537,58.11831283569336,21248800
2017-02-21,58.10930202928531,58.41508982839844,57.96539704492573,58.001373291015625,20655900
2017-02-22,57.857479977850396,57.911440920587104,57.605653096055235,57.88446044921875,19292700
2017-02-23,57.93843155872643,58.21724582258289,57.73157666742584,58.11831283569336,20273100
2017-02-24,58.037364545615965,58.28020255407904,57.68660463274183,58.11831283569336,21796800
2017-02-27,58.046358816963576,58.046358816963576,57.60566170793907,57.76755142211914,15871500
2017-02-28,57.63262707497141,57.74054894828717,57.34482054563395,57.542686462402344,23239800
2017-03-01,57.67758671343534,58.451058753066775,57.57865376452203,58.40609359741211,26937500
2017-03-02,58.181257941500526,58.23521888292366,57.45275435433341,57.56967544555664,24539600
2017-03-03,57.551676125470856,57.81249529700581,57.21890104064086,57.78551483154297,18135900
2017-03-06,57.53370479281541,58.06433906646391,57.389803216885404,57.80351638793945,18750300
2017-03-07,57.73155529048577,58.26218942207361,57.73155529048577,57.92042541503906,18521000
2017-03-08,57.79452122540117,58.532017151200726,57.785525448005366,58.45106887817383,21510900
2017-03-09,58.630948294856246,58.63993721020499,57.992385354955644,58.21723175048828,19846800
2017-03-10,58.55900732586015,58.693916562083324,58.235227903632044,58.397117614746094,19538200
2017-03-13,58.469063896597326,58.630953590473595,58.073332008951326,58.19924545288086,20100000
2017-03-14,58.037361443319995,58.055353000939526,57.69559732800495,57.929439544677734,14280200
2017-03-15,58.055351277247865,58.38811960387309,57.78553281511579,58.235225677490234,24833800
2017-03-16,58.23522065934777,58.24421643711528,57.83049986279306,58.136287689208984,20674300
2017-03-17,58.37912352582106,58.67591556363708,58.17226181532607,58.34314727783203,49219700
2017-03-20,58.379132918741774,58.62196405452846,58.20824742874117,58.397117614746094,14598100
2017-03-21,58.63095853878003,58.90976592218777,57.67760498915111,57.74955749511719,26640500
2017-03-22,57.66861171007522,58.58598207556093,57.66861171007522,58.4870491027832,20680000
2017-03-23,58.4061039963709,58.67591556363708,58.253203226975614,58.34314727783203,19269200
2017-03-24,58.7838608697401,58.8648023041946,58.24423072140126,58.44209671020508,22617100
2017-03-27,58.12729070841671,58.657931797430365,57.87546383028187,58.55000305175781,18614700
2017-03-28,58.42408354233567,58.88277208657583,58.14527622219317,58.720882415771484,20080400
2017-03-29,58.567979393036595,58.909743372903165,58.41507866094337,58.88276290893555,13618400
2017-03-30,58.83781393708776,59.34147462154036,58.78385298801983,59.098636627197266,15122800
2017-03-31,59.0446732203515,59.530342327052644,58.86479196133158,59.233543395996094,21040300
2017-04-03,59.18857014148247,59.30549467286894,58.63095540447604,58.954734802246094,20400900
2017-04-04,58.81082822983433,59.18856856323764,58.711895257499926,59.11662292480469,12997400
2017-04-05,59.62927256414334,59.67423773050589,58.85580034031931,58.963722229003906,21448600
2017-04-06,58.99969839653598,59.41341498003981,58.89177650800252,59.11662292480469,18103500
2017-04-07,59.22455685050829,59.32348984295046,58.85581222012617,59.07166290283203,14108500
2017-04-10,59.00869337446965,59.19756353861062,58.78384696071593,58.93674087524414,17952700
2017-04-11,58.999691284704234,59.00868706158703,58.32515211560678,58.89176940917969,18791500
2017-04-12,58.83780594039359,58.91875421476244,58.55899859241061,58.666927337646484,17108500
2017-04-13,58.720883308294816,59.2335327966727,58.41508865356445,58.41508865356445,17896500
2017-04-17,58.49603756754366,58.900758324295225,58.46905709866252,58.89176940917969,16689300
2017-04-18,58.75686059508078,59.09862463946781,58.60396669588927,58.810821533203125,15155600
2017-04-19,59.044662259613055,59.134599441543344,58.36112732576201,58.496036529541016,26992800
2017-04-20,58.87377946004263,59.13460210261454,58.58597634785421,58.90975570678711,22299500
2017-04-21,59.06266077396165,59.98902700200236,58.86479481034738,59.719215393066406,32522600
2017-04-24,60.690558050014644,60.85244777181129,60.348787047461016,60.73552322387695,29770000
2017-04-25,61.06826943122714,61.19418283704643,60.79845106917668,61.08625411987305,30242700
2017-04-26,61.23017936908293,61.437034235013854,60.81646277545284,61.005332946777344,26190800
2017-04-27,61.29312868948744,61.49998353043313,60.780479183022464,61.40105056762695,34971000
2017-04-28,61.97666135969366,62.183516192988385,60.87940989407654,61.57193374633789,39548800
2017-05-01,61.76982164046758,62.55228981525353,61.60793190988324,62.42637634277344,31954400
2017-05-02,62.6961637760888,62.6961637760888,62.17451852766223,62.32741928100586,23906100
2017-05-03,62.39937012473186,62.39937012473186,61.79678342277215,62.12955856323242,28928000
2017-05-04,62.084580845986416,62.12955286632976,61.733821044962404,61.886714935302734,21749400
2017-05-05,61.96765712920688,62.08457476417264,61.5989058114617,62.057594299316406,19128800
2017-05-08,62.03063113766554,62.102583638530525,61.535966271428904,62.0036506652832,18566100
2017-05-09,61.93167344837965,62.309413634517966,61.76978381692531,62.093563079833984,22858400
2017-05-10,62.048633999383306,62.56128371005219,61.985677258135205,62.3364372253418,17977800
2017-05-11,61.481996563959,61.81477168670479,61.26614595389623,61.57193374633789,28789400
2017-05-12,61.70686175811025,61.70686175811025,61.194212114358805,61.5,18714100
2017-05-15,61.28412596566294,61.58992059651957,60.77147651730818,61.54494857788086,31530300
2017-05-16,61.716828776549264,62.811322439777136,61.65351118945672,62.78418731689453,34956000
2017-05-17,62.31383236655433,62.503785158873924,60.99320326202247,61.03843307495117,30548800
2017-05-18,60.96603931761245,61.62635010721603,60.73085682352892,61.24644470214844,25201300
2017-05-19,61.05649428939446,61.599217302858456,60.99317671950861,61.22835922241211,26961100
2017-05-22,61.409272819105986,61.96104324534953,61.05650246804515,61.91581344604492,16237600
2017-05-23,62.16004186389368,62.18717698240118,61.85249441824597,62.12385940551758,15425800
2017-05-24,62.2957246420686,62.304765080880195,61.91581227793341,62.205265045166016,14593900
2017-05-25,62.386187199917245,63.20931583328443,62.33191695407529,62.97414016723633,21854100
2017-05-26,63.13694668624266,63.516852142426615,62.88366948102181,63.28166961669922,19827900
2017-05-30,63.127921831233245,63.68873977661133,63.10982714529488,63.68873977661133,17072800
2017-05-31,63.797261581659626,63.9872143217119,63.145991100852605,63.173126220703125,30436400
2017-06-01,63.53493745427401,63.86962000092774,62.82034946618498,63.408302307128906,21603600
2017-06-02,63.71586495878041,65.00031141588404,63.53495263313932,64.90985870361328,34770300
2017-06-05,65.0998130208091,65.93198903528716,64.95508315684782,65.38021850585938,33316800
2017-06-06,65.39832730240065,65.68778019168754,65.37118527122583,65.59732055664062,31511100
2017-06-07,65.70587928183784,65.82346716608647,65.08174357836654,65.47974395751953,22301800
2017-06-08,65.58825837965004,65.59729881927795,64.67467019700699,65.08171081542969,24588300
2017-06-09,65.16313040534828,65.19931287122441,62.04246000925541,63.60731887817383,49187400
2017-06-12,62.63945279921594,63.26358818347313,61.62636458001713,63.118858337402344,47761700
2017-06-13,63.33593482558255,64.05957012372016,63.28166459360641,63.905799865722656,25258600
2017-06-14,64.14100825486044,64.31286635916534,62.80228448343544,63.562095642089844,25510700
2017-06-15,62.65754796776381,63.5078186609431,62.23241952227387,63.227413177490234,26068700
2017-06-16,63.07365945596622,63.34501766903892,62.612341522310665,63.3178825378418,48345100
2017-06-19,63.7701376122246,64.16813784255356,63.63445508814883,64.10482025146484,23798300
2017-06-20,64.0595864576499,64.10481626322783,63.200275360464566,63.23645782470703,21512200
2017-06-21,63.507825388214656,63.87869052596295,63.26360234467587,63.562095642089844,19891100
2017-06-22,63.80631370453192,63.851536607306215,63.05554312726709,63.553043365478516,22965700
2017-06-23,63.399280291494414,64.44855124535056,63.245509965839844,64.41236877441406,27617300
2017-06-26,64.58423642009468,64.86464195491268,63.715877785505796,63.79728317260742,19607000
2017-06-27,63.41737508790041,63.48069268687431,62.57615161518964,62.60328674316406,25215100
2017-06-28,62.603268778810076,63.173127006051196,62.22336329398266,63.1369514465332,25806200
2017-06-29,62.75705590993757,62.85655597807313,61.59019712088462,61.9520149230957,28918700
2017-06-30,62.21433119762653,62.757054437660614,62.1781487281442,62.350013732910156,24161100
2017-07-03,62.711818763320835,62.95604175624597,61.52686555751646,61.66254806518555,16165500
2017-07-05,61.74394137470752,62.811299525671295,61.70775892369725,62.48566436767578,21176300
2017-07-06,61.753018451882824,62.214336349608814,61.617342806464286,62.024383544921875,21117600
2017-07-07,62.14194621268441,63.17312210643878,62.14194621268441,62.82939910888672,16878300
2017-07-10,62.82942797685374,63.54401631946818,62.59424534357651,63.2997932434082,15014500
2017-07-11,63.3178737893827,63.93296198223787,63.091738525849195,63.3088264465332,17460000
2017-07-12,63.941990071448764,64.47566582016393,63.81535491408929,64.35807800292969,17750900
2017-07-13,64.67465371933798,65.16310647765765,64.50278879480962,64.91887664794922,20269800
2017-07-14,65.34403607419561,66.27571214536154,65.09076571323008,65.83248901367188,25868100
2017-07-17,65.85057492343586,66.4385209397264,65.77821000105895,66.34806823730469,21803900
2017-07-18,66.11289676697174,66.3842618208014,65.72395077150257,66.3028564453125,26435300
2017-07-19,66.48376713592366,66.97222013076863,66.43853732301002,66.80940246582031,22416200
2017-07-20,67.09883493590371,67.2073823132512,66.28474685854363,67.13501739501953,42361000
2017-07-21,66.43849300400183,67.19831056727736,66.1852227832753,66.74604034423828,46717100
2017-07-24,66.51087828722252,66.7098783505456,66.14906061764403,66.5741958618164,21394800
2017-07-25,66.75510930252916,67.21642011065536,66.48374432037409,67.10787963867188,22018700
2017-07-26,67.24356535851123,67.2797478216558,66.7641597987693,66.98125457763672,16252200
2017-07-27,66.71895467386372,67.3159482220784,65.41641325797559,66.17623138427734,36844200
2017-07-28,65.73297490747763,66.3118804376905,65.61538709390567,66.06765747070312,18306700
2017-07-31,66.30285429661383,66.4294894773371,65.49781340440175,65.76012420654297,23600100
2017-08-01,66.12193136253806,66.41138414364436,65.57016092025754,65.65157318115234,22132300
2017-08-02,65.62445456797627,65.63349500949516,64.62041347134841,65.36213684082031,26499200
2017-08-03,65.29882437895994,65.5249596545196,64.99127681562632,65.26264190673828,18214400
2017-08-04,65.4887645564876,66.06767019822298,65.34403469550394,65.74203491210938,22579000
2017-08-07,65.85057963854847,65.94103234744688,65.36212672917782,65.48876190185547,18705700
2017-08-08,65.20836221732469,66.14908575527848,64.90082156702668,65.84154510498047,22044600
2017-08-09,65.35307054436839,65.5882530765588,65.17216515105171,65.55207061767578,22213400
2017-08-10,65.03648477760677,65.29880243724406,64.53898457810526,64.59326171875,24734500
2017-08-11,64.77419021673148,65.76013672593821,64.47568999058407,65.57923126220703,21443700
2017-08-14,66.0857570776554,66.68275739440935,65.98625702486308,66.5651626586914,20096600
2017-08-15,66.91982528561611,66.91982528561611,66.41968125240479,66.58336639404297,19181400
2017-08-16,66.69247411183308,67.3835898103118,66.5378845420544,66.97438049316406,18150400
2017-08-17,66.91073777624506,67.17445311643048,65.83769226074219,65.83769226074219,22977500
2017-08-18,65.71947998611597,66.23781519126486,65.41030074768717,65.91954040527344,18761500
2017-08-21,65.90133127461155,65.91042681872739,65.2011200729065,65.61033630371094,17734800
2017-08-22,65.79221442479414,66.6015445134828,65.79221442479414,66.52880096435547,14343700
2017-08-23,66.34689891813692,66.51967952302131,65.95587387509607,66.12865447998047,13766500
2017-08-24,66.14685086561053,66.25597657381431,65.53758127167325,66.10138702392578,17098300
2017-08-25,66.25597209640274,66.70155656685633,65.91041778390947,66.21959686279297,12794300
2017-08-28,66.4378553248536,66.46513502134208,65.97408660881358,66.22870635986328,14569700
2017-08-29,65.70130360289133,66.52882508225453,65.51943425733961,66.42879486083984,11478400
2017-08-30,66.3923975115961,67.48362709753337,66.22871237991866,67.3017578125,16897800
2017-08-31,67.31992672955931,68.16563189550901,67.11077779289377,67.99285125732422,27652800
2017-09-01,67.93830247436591,67.9655821714173,66.96528729828147,67.23809814453125,21736200
2017-09-05,66.69246480432764,67.19261562247922,66.36510155901647,66.93799591064453,21556000
2017-09-06,67.05621126674774,67.32902206959731,66.70156138576344,66.74703216552734,16535800
2017-09-07,67.00167812862398,67.83828807622555,66.92892762764916,67.60185241699219,17471200
2017-09-08,67.59274213564174,67.69277230794223,67.1471506634423,67.27446746826172,14703800
2017-09-11,67.57454843090682,68.14744974787635,67.57454843090682,67.9837646484375,17910400
2017-09-12,67.98376121334374,68.42025016454758,67.62911133879057,67.9110107421875,14394900
2017-09-13,68.13835512602489,68.41116594140338,67.79280077269709,68.39297485351562,13380800
2017-09-14,68.2020071318567,68.64759163584876,67.76551123355136,67.99285125732422,15733900
2017-09-15,68.04741304618771,68.55665244538643,67.35629747737055,68.48390197753906,38578400
2017-09-18,68.41117386013931,69.08409849466683,68.23839319454207,68.34751892089844,23307000
2017-09-19,68.39295599058609,68.847635932237,68.21108678907186,68.60211181640625,16093300
2017-09-20,68.52030271210066,68.70217894940649,67.57456709171747,68.14746856689453,21587900
2017-09-21,68.30203753656902,68.42025185171283,67.39267743829262,67.48361206054688,19186100
2017-09-22,67.28355267733836,67.75642382031346,67.15624281681438,67.66548919677734,14111400
2017-09-25,67.3744917577371,67.51999271531352,66.3105420224628,66.6197280883789,24149200
2017-09-26,66.9925621509003,67.1198720198459,66.37419695693559,66.6197280883789,18019600
2017-09-27,66.88345369861412,67.44725265161479,66.53789233994291,67.15625762939453,19565100
2017-09-28,66.87435554969838,67.26538074601072,66.66519963349342,67.17444610595703,10883800
2017-09-29,67.23809155501438,67.78370625617418,67.18352522839126,67.73823547363281,17079100
2017-10-02,67.93829332749755,68.21110413701746,67.5654592882119,67.84735870361328,15304800
2017-10-03,67.90190194379252,68.0928666898996,67.46541307779503,67.52906799316406,12190400
2017-10-04,67.37448339514783,67.94738467216146,67.02892907059568,67.92010498046875,13317700
2017-10-05,68.40207107914752,69.22049659557207,68.16563549932101,69.08409118652344,21195300
2017-10-06,68.81126818338434,69.13863833198373,68.69305388333804,69.11135864257812,13959800
2017-10-09,69.08410415918662,69.61153480635346,68.98407396962503,69.3750991821289,11386500
2017-10-10,69.41147442723027,69.68427835868758,69.23869374746596,69.3750991821289,13944500
2017-10-11,69.43873437900535,69.5296689969637,69.06589342614957,69.49329376220703,15388900
2017-10-12,69.55697370199984,70.28446478301338,69.44785489635619,70.12987518310547,16876500
2017-10-13,70.55725085075463,70.81187752107721,70.28444696792434,70.46631622314453,15335700
2017-10-16,70.40267573454271,70.75732571149274,70.33902078836883,70.61183166503906,12380100
2017-10-17,70.44813219838277,70.58453760897481,70.24807185456342,70.5572509765625,16824000
2017-10-18,70.63002938136604,70.79371455122488,70.35722539018137,70.57546997070312,13300700
2017-10-19,70.53908048184059,70.86645075549028,70.33902009929147,70.8482666015625,15092800
2017-10-20,71.22107205468514,71.81215741845764,71.13013744591997,71.66665649414062,22866400
2017-10-23,71.83033895186111,72.14861353989326,71.6211900530967,71.68484497070312,20627200
2017-10-24,71.74853344989604,72.02133739387554,71.34841267328342,71.712158203125,17517200
2017-10-25,71.45754212402248,71.93040648086173,70.93920697189114,71.50300598144531,20410800
2017-10-26,72.02132961584543,72.22138998254599,71.61212027513479,71.6212158203125,32120700
2017-10-27,76.72273221150809,78.38685631381853,76.03161643006945,76.21348571777344,71066700
2017-10-30,76.11344371223024,76.68634506151024,75.57692454028536,76.28622436523438,31756700
2017-10-31,76.71361676419986,76.71361676419986,75.57691666626881,75.64057159423828,27086600
2017-11-01,76.0952516334107,76.16800210476632,75.36776079558811,75.64057159423828,22307400
2017-11-02,75.79516827091105,76.80455860783508,75.58601931842695,76.43172454833984,23992900
2017-11-03,76.45900567274191,76.87731052339858,75.84064047223477,76.51356506347656,17633500
2017-11-06,76.56812852088706,77.02280863547158,76.45900973362225,76.81365966796875,19860900
2017-11-07,77.08645496615652,77.20467622298284,76.3225957891273,76.63177490234375,17939700
2017-11-08,76.51354017886513,76.94094043492942,76.23164083459523,76.89546966552734,18034200
2017-11-09,76.48626206716823,76.63175604409288,75.38593741606343,76.46807098388672,21178400
2017-11-10,76.19527016962894,76.4771695307805,75.68603082358334,76.26802062988281,19397800
2017-11-13,76.07706951392358,76.33168923259363,75.89519333068282,76.32259368896484,14196900
2017-11-14,75.9315736830649,76.47718839381282,75.45870945051468,76.43172454833984,18801300
2017-11-15,76.28551469624068,76.48657982274959,75.57265250059065,75.83769226074219,19383100
2017-11-16,75.94732025689214,76.2397765715874,75.80109558589879,76.03871154785156,20962800
2017-11-17,75.96562292576849,75.96562292576849,75.16136261667799,75.3075942993164,22079000
2017-11-20,75.30761407533035,75.48125552817424,75.17052358003404,75.42642211914062,16315000
2017-11-21,75.61832543505287,76.62364383898979,75.61832543505287,76.51397705078125,21237500
2017-11-22,76.61451825753824,76.67849288213553,75.89251493839099,75.95648956298828,20553100
2017-11-24,75.86507752927082,76.24892517207532,75.65487126428214,76.09355926513672,7425600
2017-11-27,76.13925813684499,76.75159454217378,76.13012388695623,76.65106201171875,18265200
2017-11-28,76.83385605836547,77.7386419943602,76.78815691128345,77.57413482666016,21926000
2017-11-29,77.41876974497256,77.6106936139745,76.02046229030768,76.16668701171875,27381100
2017-11-30,76.32205889409302,77.2451203030449,76.16668597801927,76.92524719238281,33054600
2017-12-01,76.40430445960102,77.51015541813311,76.05701467043977,77.00749969482422,29532100
2017-12-04,77.15371679625198,77.16285801874454,73.75390719083765,74.10120391845703,39094900
2017-12-05,74.33881714435056,75.56348292233895,74.00980984671747,74.56729888916016,26152300
2017-12-06,74.5307428763083,75.9838833275525,74.4210691360844,75.65486907958984,26162100
2017-12-07,75.43553831320183,75.67316129468448,74.94201687752708,75.38983917236328,23184500
2017-12-08,76.43172754470562,77.29996254923547,76.1575535743628,76.9161148071289,24489100
2017-12-11,77.03491117142582,78.02195404978163,76.87954524780777,77.89400482177734,22857900
2017-12-12,77.96711822597571,78.64342929647793,77.75691889888992,78.21388244628906,23924100
2017-12-13,78.3601007186445,78.59772369613108,77.8391625963111,78.00366973876953,22062700
2017-12-14,78.0767939216744,78.47892408461469,77.25425812143769,77.4004898071289,19306000
2017-12-15,77.92143191087042,79.59391332078297,77.57413512621213,79.37457275390625,53936700
2017-12-18,79.62132598141065,79.96861574532907,78.80793147621782,78.94501495361328,22283800
2017-12-19,78.9176142708275,78.9176142708275,77.93057119704557,78.44237518310547,23524800
2017-12-20,78.78050537393145,78.87190365298439,77.41875608310116,78.1590347290039,23674900
2017-12-21,78.64341731434443,78.68910947849645,78.04936339869369,78.14075469970703,17990700
2017-12-22,78.04937743214109,78.25957676499515,77.61068934660689,78.14990997314453,14145800
2017-12-26,77.96711275344413,78.1681778158206,77.71121430049584,78.04936981201172,9891200
2017-12-27,78.27785398566549,78.5794515885388,77.88486507144846,78.33268737792969,14678000
2017-12-28,78.50633453954357,78.53375123525281,78.18646146841908,78.34182739257812,10594300
2017-12-29,78.2595801144981,78.64343482053593,78.14077209400477,78.17733001708984,18717400
2018-01-02,78.71653962973676,78.88104678877039,78.14076805947431,78.55203247070312,22483800
2018-01-03,78.65257045097584,79.06384186336155,78.5703203521253,78.91761016845703,26061400
2018-01-04,79.13692908211632,80.11483758558383,79.11865361160987,79.61217498779297,21912000
2018-01-05,80.11484768960844,80.80029296974796,79.90464140237326,80.59922790527344,23407100
2018-01-08,80.60834932389925,80.95564600642082,80.05999458161801,80.68146514892578,22113000
2018-01-09,81.01963687172771,81.09275271142944,80.29763364327123,80.62664794921875,19484300
2018-01-10,80.29762816882331,80.59922575749823,79.88636380078277,80.26107025146484,18652200
2018-01-11,80.54438754191877,80.54438754191877,79.73099303396495,80.49869537353516,17808900
2018-01-12,81.03792581511347,82.05238559828628,80.83686070886857,81.88787841796875,24271500
2018-01-16,82.34483298714574,82.97544493787335,80.43472863307318,80.7454605102539,36599700
2018-01-17,81.41263287677727,82.5093426768711,81.11103524130267,82.38139343261719,25621200
2018-01-18,82.07065941746593,82.86577156146443,81.9427101765303,82.34483337402344,24159700
2018-01-19,82.38139773726773,82.81094463944125,81.94271658339227,82.25344848632812,36875000
2018-01-22,82.2534454698586,83.73400999849201,82.01582245280883,83.72486877441406,23601600
2018-01-23,83.98988342285156,84.35545557703777,83.66086918135485,83.98988342285156,23412800
2018-01-24,84.58395604603881,85.38820938530789,83.69744564181252,83.91678619384766,33277500
2018-01-25,84.5108456680247,85.21456651379141,84.01732416450702,84.38289642333984,26383200
2018-01-26,85.10490244067924,85.9639892578125,84.61138092136723,85.9639892578125,29172200
2018-01-29,86.95102119781802,87.23433635927987,85.65324642715453,85.83602905273438,31569900
2018-01-30,85.26938745298025,85.5984017136802,84.17267092641067,84.75758361816406,38635100
2018-01-31,85.6806492188202,87.18863003961326,85.46130870917857,86.83219909667969,48756300
2018-02-01,86.63113154437364,87.80095685880447,85.5252808339286,86.1467514038086,47227900
2018-02-02,85.58013884281097,85.88173647954872,83.62433527506886,83.88023376464844,47867800
2018-02-05,82.7652339747874,85.21455882339797,80.42558288574219,80.42558288574219,51031500
2018-02-06,79.41111781382837,83.60604644051041,77.91227806632236,83.46895599365234,67998600
2018-02-07,82.70124876005025,83.87107415465968,81.5222821434709,81.8969955444336,41107600
2018-02-08,81.9884101671211,82.14377612125543,77.46447321181772,77.69295501708984,55628700
2018-02-09,78.87192247296564,81.27554856961001,76.61452110681981,80.59010314941406,63499100
2018-02-12,81.10185921936377,82.0523438922234,80.36158077056388,81.45829010009766,35720300
2018-02-13,81.27552494818946,82.25342651788257,80.24278999208475,82.09806060791016,26407700
2018-02-14,81.27166571315887,83.54884771376932,81.17984510120039,83.3835678100586,34960900
2018-02-15,83.75085208049835,85.1373663532981,83.2091055996443,85.082275390625,27823900
2018-02-16,84.88948427361902,85.85361862182617,84.29264653997961,84.47628784179688,30596900
2018-02-20,83.9987838340805,85.44956637162063,83.56721923536097,85.13737487792969,30911700
2018-02-21,85.37612599896646,85.72504718863917,84.00797271728516,84.00797271728516,26922500
2018-02-22,84.52217032615066,85.14656032843654,83.88859616053976,84.22834014892578,24392800
2018-02-23,85.94541736069667,86.37698201595182,84.80682616769029,86.3677978515625,26329200
2018-02-26,86.679995548319,87.64412263587263,86.54226110567855,87.6165771484375,30199800
2018-02-27,87.910397804178,88.00221842080582,86.496337890625,86.496337890625,25869100
2018-02-28,87.08401219037442,87.8828663944497,85.97296643867335,86.10151672363281,31167300
2018-03-01,86.3035380241803,86.83610756581467,84.32936265809849,85.25676727294922,37135600
2018-03-02,84.09061424828909,85.53221979609141,83.42949453112489,85.44039916992188,32830400
2018-03-05,84.78844299313572,86.56060811488138,84.71499070727657,85.98213195800781,23901600
2018-03-06,86.6248979494578,86.7626323927048,85.33939516039193,85.68831634521484,22175800
2018-03-07,85.54140691434773,86.2576176308536,84.87110300977957,86.18415832519531,26716100
2018-03-08,86.56063142661581,87.32275601704482,86.10152124040059,86.70755004882812,25887800
2018-03-09,87.49719857213178,88.64497375488281,87.2309138890779,88.64497375488281,36937300
2018-03-12,88.60823905258323,89.26017447853212,88.18585865008662,88.85615539550781,26073700
2018-03-13,89.06734207129689,89.28771291489217,86.28513652746962,86.68915557861328,35387800
2018-03-14,87.34111622173435,87.60740094562114,85.85359683482145,86.17497253417969,32132000
2018-03-15,85.88112943987333,86.845263398787,85.2383781375734,86.47797393798828,27611000
2018-03-16,86.93706859418923,87.57981978249617,86.23921944298272,86.86360931396484,49081300
2018-03-19,86.07395804496848,86.22087663696011,84.57726166773998,85.29347229003906,33344100
2018-03-20,85.4403950569533,86.10150773682784,85.3944812433464,85.51384735107422,23075200
2018-03-21,85.33020373540688,86.35861288461828,84.669084068447,84.91700744628906,24457100
2018-03-22,83.80595291283925,84.24670168251981,82.32762486512657,82.44699096679688,38604700
2018-03-23,82.18070852728795,83.06219908536069,79.95861730763806,80.0504379272461,44068900
2018-03-26,83.19993097007492,86.31269681609042,83.00710557316275,86.11068725585938,56396800
2018-03-27,87.17581747243106,87.35945868800576,81.2716620212278,82.15315246582031,56569000
2018-03-28,82.47455458869047,83.76924869240905,81.60224802630908,82.07971954345703,52501100
2018-03-29,82.80508225462597,84.74252707061855,81.17065172863326,83.80593872070312,45867500
2018-04-02,83.07136356599679,83.44783011882886,80.353433237894,81.28083038330078,48515400
2018-04-03,82.2541919045459,82.68575664905212,80.7023970586745,82.3735580444336,37213800
2018-04-04,80.66563708906557,85.17410129388138,80.55545515686715,84.77926635742188,35560000
2018-04-05,84.8802932984515,85.45876960995129,83.92534327238921,84.8251953125,29771900
2018-04-06,84.0079733479135,84.89864816044994,82.1623555874764,82.85102081298828,38026000
2018-04-09,83.59477092034959,85.55057749624869,83.20912010349022,83.34684753417969,31533900
2018-04-10,84.83437575748775,85.65159129103206,84.1457105097505,85.2843017578125,26812000
2018-04-11,84.48542880563636,85.6607493493689,83.99877329975925,84.34769439697266,24872100
2018-04-12,84.87110063732773,86.45962480182462,84.87110063732773,85.92705535888672,26758900
2018-04-13,86.35863916105396,86.47800530178309,84.88030362413843,85.46796417236328,23346100
2018-04-16,86.37696753486767,86.91872105557526,85.78012304798983,86.46878814697266,20288100
2018-04-17,87.23091414473232,88.64497401468152,87.12072520489833,88.21340942382812,26771000
2018-04-18,88.35115966070136,88.81026981732072,87.70840123815526,88.55316925048828,21043300
2018-04-19,88.55315930915889,89.1316355195898,87.54311147361628,88.2501449584961,23552500
2018-04-20,88.06651033026803,88.25015158390038,86.35862005072107,87.23092651367188,31154400
2018-04-23,87.91038951563229,88.41541336766554,86.89116465459307,87.55228424072266,22331800
2018-04-24,88.36949601498489,88.58068970975977,84.85271853313046,85.50465393066406,34524800
2018-04-25,85.66995313632209,85.66995313632209,82.89692402559747,84.76091003417969,33729300
2018-04-26,85.89948673751839,87.36863738662927,85.48628352012094,86.55142211914062,42529000
2018-04-27,89.61830252127729,89.89377142158538,86.23007427809249,87.98387145996094,48272800
2018-04-30,88.45216743170857,88.51644257557932,85.53222645714487,85.87196350097656,41523600
2018-05-01,85.5873113734427,87.49721123526412,85.20166053753591,87.23092651367188,31408900
2018-05-02,87.22171650916809,87.38699639065753,85.56892469973641,85.86275482177734,27471000
2018-05-03,85.35774346684035,87.16663826548742,84.88944923339976,86.37696838378906,31142500
2018-05-04,85.68830183160676,87.57065589107083,85.32101238031333,87.3778305053711,22531300
2018-05-07,87.38700138915934,88.80106112157203,87.32272626520708,88.35113525390625,24242000
2018-05-08,88.01140005684547,88.29605306732101,87.28600529702683,87.97467041015625,23484600
2018-05-09,88.15832300367343,89.03981355141954,87.27683245592732,89.01226806640625,27327400
2018-05-10,89.48975075792475,89.9396767492296,89.11328407288417,89.9029541015625,22388100
2018-05-11,89.80192587820731,89.86620100305342,89.10407666169013,89.71009826660156,16778300
2018-05-14,89.91211777899167,90.61915123620625,89.3520029122761,90.01312255859375,19454100
2018-05-15,89.28773912071341,89.84785405856903,88.46133945785553,89.36119842529297,24594000
2018-05-16,89.7854199427847,89.82230879833322,89.10299370471166,89.59175872802734,17384700
2018-05-17,89.23211303015593,89.95142821929379,88.37446637329985,88.69723510742188,17246700
2018-05-18,88.54042111483959,89.38884339888159,88.54042111483959,88.86318969726562,17865800
2018-05-21,89.45341046838934,90.38483454742206,89.26897326113641,90.00672912597656,19422500
2018-05-22,90.08050129555572,90.53237735067661,89.63784217515196,89.91450500488281,15441200
2018-05-23,89.18599614956746,91.04884482055597,88.82633857131499,90.98429107666016,21251200
2018-05-24,91.04884377699244,91.24250500646023,89.27821375531639,90.66151428222656,26649300
2018-05-25,90.6522660746702,91.27936237865704,90.2464958086117,90.70759582519531,18363900
2018-05-29,90.22804730826103,91.18713618110571,89.6655117644797,90.38482666015625,28671000
2018-05-30,90.66147866610426,91.52834890721931,90.29260429917045,91.2516860961914,22158500
2018-05-31,91.56526288514259,92.21080024030006,90.93816643906268,91.1502685546875,34140900
2018-06-01,91.55601575052748,93.01309345307145,91.45457318669038,92.94853973388672,28655600
2018-06-04,93.38200286001583,93.93532162403287,93.00389736584248,93.76010131835938,27281600
2018-06-05,94.06441899537772,94.36874674543232,93.63098378211734,94.23963928222656,23514400
2018-06-06,94.50705656457791,94.61771605868442,93.97217889030493,94.51627349853516,21122900
2018-06-07,94.66383020696597,94.70071905079759,92.57043229344373,93.03153228759766,28232200
2018-06-08,93.22520142697147,94.01829404772263,92.71799561144894,93.72319030761719,22165100
2018-06-11,93.15144275226665,93.68631351288427,92.83789103041448,93.1883316040039,23490900
2018-06-12,93.23441654630416,93.55718513205375,92.91164796055457,93.4280776977539,18325200
2018-06-13,93.8061923269109,94.07363119174059,92.73643686759219,93.00387573242188,29492900
2018-06-14,93.74164250711047,94.09207601570733,93.14221102896627,93.52953338623047,25691800
2018-06-15,93.61253011280647,93.63097101825238,92.28455977420134,92.33988952636719,65738600
2018-06-18,92.22923858277454,93.24365733633289,91.68513683793704,93.01310729980469,23586000
2018-06-19,91.89724596730763,93.14221475739417,91.75891453822496,93.01310729980469,28653100
2018-06-20,93.4834266225966,94.54395110839727,93.25287659771325,93.94452667236328,26180800
2018-06-21,94.13817916397662,94.48861263657083,93.03153492513619,93.27130889892578,23198200
2018-06-22,92.59811401367188,92.9300995716742,91.87879203648667,92.59811401367188,38923100
2018-06-25,92.220002614729,92.32144518047141,89.73006535846244,90.73526000976562,35433300
2018-06-26,91.13181565919619,92.29378978147665,91.06726193217108,91.37158966064453,26897200
2018-06-27,91.83268985028008,92.23845311965374,89.82229330260405,89.95140075683594,31298400
2018-06-28,89.80383867822557,91.3992478665679,89.69317917473393,90.95658874511719,26650700
2018-06-29,91.23324458221121,92.13700366114283,90.67992599968231,90.93814086914062,28053200
2018-07-02,90.46782724248035,92.27533857099753,90.37560864082884,92.22923278808594,19564500
2018-07-03,92.66264872168303,92.80097307753476,91.24246003638146,91.34390258789062,14670300
2018-07-05,91.7588985191893,92.14622082434005,91.32546340045168,91.99867248535156,18977400
2018-07-06,92.11857388451546,93.53876298238353,91.91568872255876,93.2897720336914,19234600
2018-07-09,93.74164159068165,94.29496024362525,93.3727601434431,93.92607879638672,18212000
2018-07-10,94.06442041817778,94.53474449030082,93.93531295301916,94.17508697509766,19293100
2018-07-11,93.28053934829003,94.37795265735183,93.23442653003333,94.04596710205078,19644600
2018-07-12,94.7745006692124,96.28691529800363,94.73761885694064,96.08403015136719,24335900
2018-07-13,96.25000938654429,97.38431136226136,95.9917874956215,97.2275390625,24635200
2018-07-16,97.19989243867491,97.58721479403467,96.38835184364103,96.74801635742188,21786900
2018-07-17,96.47135513076026,98.21431279495945,96.2039162516201,97.70709991455078,25901700
2018-07-18,97.69786936108925,97.79931192303096,96.57278424561036,96.94166564941406,29493900
2018-07-19,96.76645964390954,97.11689315940295,95.80737066716968,96.27769470214844,40171600
2018-07-20,99.67139191767527,99.78205143054332,97.8269916543689,98.00220489501953,56004000
2018-07-23,98.02988131638405,99.72672625944745,97.87310193956468,99.56995391845703,29707000
2018-07-24,100.12326367137263,100.35381369429057,98.91518380274765,99.28406524658203,26316600
2018-07-25,99.56074116541907,102.50256230361119,99.22874850248324,102.20745849609375,30702100
2018-07-26,102.12445062718776,102.36422465497036,100.98092432179509,101.09159088134766,31372100
2018-07-27,101.60800570703225,101.60800570703225,97.88231651712185,99.30250549316406,37005300
2018-07-30,98.85065311692796,99.16419784397677,96.60970609043389,97.17224884033203,34668300
2018-07-31,98.20509426117076,98.41720339631175,97.18145150827125,97.82699584960938,27655200
2018-08-01,97.7808711887249,98.16819352513863,97.21832858953103,98.01142120361328,23628700
2018-08-02,97.19987009675283,99.68058302372827,96.68343337248388,99.20104217529297,26104300
2018-08-03,99.413187769454,99.64373782732766,98.5094284468243,99.63451385498047,18659600
2018-08-06,99.7082894723668,99.98494531451928,99.19185256918954,99.7175064086914,20265900
2018-08-07,100.1140301912609,100.61201903776244,99.75437275253663,100.40913391113281,16080200
2018-08-08,100.82413134078567,101.21145366621715,100.29847760317784,100.9716796875,15487500
2018-08-09,101.1745612686569,101.5895554906168,101.07311870567743,101.1376724243164,13677200
2018-08-10,100.9071435599541,101.15614155245039,99.9480545136943,100.51982116699219,18183700
2018-08-13,100.7411477327063,101.05469945888534,99.68984006908853,99.7912826538086,18472500
2018-08-14,100.11403953388572,101.21145989261467,99.63449858277856,101.03623962402344,16788300
2018-08-15,100.43451166232066,100.89738618365872,98.88851245614863,99.66614532470703,29982800
2018-08-16,100.25863423340353,100.77705148932749,99.33288509759336,99.64763641357422,21384300
2018-08-17,99.38842086622823,99.88832621231116,98.7681706835143,99.59208679199219,18061500
2018-08-20,99.52726264525455,99.88830413826693,98.5737424425345,98.93478393554688,17914200
2018-08-21,98.98106181712713,99.37913409094755,97.99051086546741,98.1108627319336,22881900
2018-08-22,97.99052425242935,99.36988820056841,97.92572210890347,99.11067962646484,18000600
2018-08-23,99.19400919547144,100.14752955879334,98.93480059917863,99.57356262207031,18167700
2018-08-24,99.67538123328855,100.49929717987754,99.57354829041543,100.35118103027344,17234000
2018-08-27,101.15659067181767,101.4991203463239,100.45302651328696,101.46208953857422,19662300
2018-08-28,101.77685019376133,102.29526738826925,101.63798642725969,102.07308959960938,19151500
2018-08-29,102.24895951040604,103.71164441501118,102.08232443186996,103.70238494873047,20818000
2018-08-30,103.3783647134859,104.2485708280436,103.16544644901073,103.6375732421875,22798700
2018-08-31,103.39690871355248,104.40597173963764,103.2395260147658,103.98938751220703,23222700
2018-09-04,102.6192985346325,103.64688072295236,102.03607907487229,103.41544342041016,22634600
2018-09-05,102.767392958106,103.14694635504733,100.07346012233752,100.43450164794922,32872400
2018-09-06,100.21233951101011,100.89739186354123,99.52728715847898,100.66595458984375,23477600
2018-09-07,100.19381953376949,100.6474345759177,99.2680705138481,100.17530059814453,22498600
2018-09-10,100.75854032031502,101.49914251122904,100.31418465609137,101.2584457397461,20727900
2018-09-11,100.81406690535135,103.3043268975769,100.8048074377939,102.98031616210938,24301800
2018-09-12,103.15623477162785,103.54504774480132,102.30454719336996,103.41544342041016,18891100
2018-09-13,103.79497128854888,105.28542761241907,103.79497128854888,104.52631378173828,26055600
2018-09-14,104.94289660021701,105.28542623824886,104.09120930137978,104.95215606689453,19122300
2018-09-17,105.24840558990361,105.25765799457025,103.55428323253648,103.81349182128906,20736500
2018-09-18,103.85977816915505,105.25765401463005,103.4246750275275,104.80403900146484,22170900
2018-09-19,104.65591750148049,104.90586660046014,102.79516020764099,103.4061508178711,21728400
2018-09-20,103.94311941121161,105.35026215538389,103.61910860265415,105.13733673095703,23714500
2018-09-21,105.53540340139048,106.72962065584962,105.08178829420858,105.7761001586914,71229700
2018-09-24,104.6374118032196,106.36856503316281,103.88755734853035,106.1556396484375,27334500
2018-09-25,106.27598311739176,106.55370356682415,105.3039438871183,105.95196533203125,22668000
2018-09-26,105.97048359989464,106.51667209104255,105.29468375767529,105.5168685913086,19352000
2018-09-27,106.25746246876888,106.37781435152824,105.72052638712965,105.9149398803711,19091300
2018-09-28,105.71127932815253,106.06306140137394,105.23914536608629,105.87791442871094,21647800
2018-10-01,106.22970363950031,107.09065053974841,106.21119176615191,107.02584838867188,18883100
2018-10-02,106.73883931832704,107.23873745428486,105.94269478639002,106.5999755859375,20787200
2018-10-03,106.84995227415557,107.55352352067055,106.39633722313489,106.61851501464844,16648000
2018-10-04,106.10011594009205,106.23897973210137,103.34138022777447,104.41525268554688,34821700
2018-10-05,104.2671042225449,104.7670095152075,102.4248657450153,103.80422973632812,29068900
2018-10-08,103.36912409643953,103.71164666431771,101.22137989854824,102.6192626953125,29640600
2018-10-09,102.8877344719318,104.68368963805082,102.57298322911707,103.92457580566406,26198600
2018-10-10,102.98031887377424,103.22101559627568,97.93498954647234,98.27751922607422,61376300
2018-10-11,97.52764211382318,100.84182476596342,96.4630294999576,98.04606628417969,63904300
2018-10-12,100.91587858683049,102.98029445399327,99.16621392122863,101.43429565429688,47742100
2018-10-15,100.82333175331259,101.35100842577738,99.00885741205698,99.610595703125,32068100
2018-10-16,101.40655537998632,103.13770870751122,100.86035974841012,102.75814819335938,31610200
2018-10-17,103.38766284233901,103.50800768626881,101.41581974339805,102.48968505859375,26548200
2018-10-18,101.9249606795243,102.32303302107412,99.82351361509426,100.44376373291016,32506200
2018-10-19,100.84184519517206,102.62854116006616,100.17530474318393,100.5918960571289,32785500
2018-10-22,101.20288060421115,102.3322955165829,100.20306998707179,101.48986053466797,26545600
2018-10-23,99.76798739940656,100.87889066849925,97.30549821929357,100.073486328125,43770400
2018-10-24,100.36046437130689,100.43451893227386,94.04684866285604,94.72264862060547,63897800
2018-10-25,98.63856794461381,101.15659952585064,98.2682668976097,100.25862884521484,61646800
2018-10-26,97.84240652160545,100.67519598292687,96.98145973551117,99.01810455322266,55523100
2018-10-29,100.08272310110335,100.62891161079169,94.08386658454805,96.13903045654297,55162000
2018-10-30,95.9631519492038,96.62968534650538,92.6767399268155,96.0279541015625,65350900
2018-10-31,97.6109704168172,100.11048972768616,97.56468014469212,98.87924194335938,51062400
2018-11-01,99.10146005971151,99.35140924958837,97.69431724417093,98.05535888671875,33384200
2018-11-02,98.57375862957426,99.35138441517266,97.18513510137323,98.27751922607422,37680200
2018-11-05,98.4719218104394,99.74019339619628,98.03681865860294,99.52727508544922,27922100
2018-11-06,99.40694418247958,100.75853713469513,98.38862149934795,99.7217025756836,24340200
2018-11-07,101.31397381998696,103.90606680782544,101.27694301207298,103.64685821533203,37901700
2018-11-08,103.49875915534086,103.87831263911808,102.67484296604542,103.45246887207031,25644100
2018-11-09,102.61925298730735,103.17470085429316,100.68444138701118,101.43429565429688,32039200
2018-11-12,101.29543930809682,101.79534454370703,98.22195335289952,98.93478393554688,33621800
2018-11-13,99.56429539752435,100.66593176779611,98.7218605220601,98.99958801269531,35374600
2018-11-14,100.5058134343671,100.6545766021726,97.1308288657352,97.595703125,39495100
2018-11-15,97.6142536287169,100.2268506827164,96.61013104500954,99.74337768554688,38505200
2018-11-16,99.55746223638481,101.23100513163368,99.29713381446281,100.68245697021484,33502100
2018-11-19,100.66383908184476,100.93346692334615,96.27543333626045,97.270263671875,44773900
2018-11-20,94.6483859360412,95.7361898154035,92.3704981967714,94.56470489501953,64052500
2018-11-21,96.32193828105675,97.09363119921817,95.05747981791106,95.86636352539062,28130600
2018-11-23,94.99239522284569,96.51718207787826,94.83433969244517,95.82917022705078,13823100
2018-11-26,97.42831058742644,99.1390437978617,97.23306432493646,98.99028778076172,32336200
2018-11-27,98.80435944062972,99.78989756908848,97.9582920844041,99.61324310302734,29124500
2018-11-28,100.31056137394653,103.5088983651164,100.28267005492876,103.31365203857422,46788500
2018-11-29,102.57912353482604,103.31362548499001,101.37044800297826,102.44895935058594,28123200
2018-11-30,102.9231380266173,103.1741740498185,101.67727866038477,103.09979248046875,33665600
2018-12-03,105.06156667705791,105.45205929326048,102.95104098084359,104.21549224853516,34732800
2018-12-04,104.0760307016921,104.72685169764911,100.6080662973065,100.89628601074219,45197000
2018-12-06,98.38595674793915,101.56569397056495,97.62356348824378,101.51921081542969,49107400
2018-12-07,100.7661165279575,101.76094690870966,96.97274891791253,97.45621490478516,45044900
2018-12-10,97.43761726410594,100.39421691689823,96.59154297063711,100.03160858154297,40801500
2018-12-11,102.08636643412991,103.15557130708585,99.89215987313781,100.96136474609375,42381900
2018-12-12,103.09980407862354,103.45310593265408,101.37977088106324,101.41696166992188,36183000
2018-12-13,101.88180472253079,103.08118069598872,100.99853971753912,101.76093292236328,31333400
2018-12-14,100.64526513423503,101.58431301217553,98.08845701304199,98.58122253417969,47043100
2018-12-17,98.00477394091753,98.36737521870621,94.56470089648415,95.66180419921875,56957300
2018-12-18,96.4613707146021,97.16798129587262,95.31777736719606,96.6659164428711,49319200
2018-12-19,96.36841071902464,99.37149369355274,94.22998683591966,96.40560150146484,68198200
2018-12-20,95.81055143148254,96.98202901445705,91.84052278671103,94.37873840332031,70334200
2018-12-21,94.49030848146617,95.76406608889972,90.61326012960724,91.32917022705078,111242100
2018-12-24,90.81782147999952,91.08744935974066,87.37775533265946,87.5172119140625,43935200
2018-12-26,88.45627115156817,93.61637813062849,87.35916764491292,93.4955062866211,51634800
2018-12-27,92.32401323107835,94.08123703061523,89.62774161962797,94.07193756103516,49498500
2018-12-28,94.91797888514651,95.2155050829412,92.52852658307388,93.33740997314453,38196300
2018-12-31,94.17421139140227,95.20623262922426,93.38392671117005,94.43453979492188,33173800
2019-01-02,92.55644686887081,94.60189030844347,91.98929983370067,94.01615142822266,35329300
2019-01-03,93.06782078791431,93.15150183911494,90.3715487958128,90.55750274658203,42579100
2019-01-04,92.7144985099424,95.30849703139141,91.97999652629915,94.76924133300781,44060600
2019-01-07,94.49961363004833,96.01510075707526,93.88598346019937,94.89010620117188,35656100
2019-01-08,95.80127789307129,96.66594420600957,94.56471079405098,95.57814025878906,31514400
2019-01-09,96.56363881343093,97.511978760024,95.98719243433939,96.94483184814453,32280800
2019-01-10,95.96863570528046,96.46140124658122,95.1876433222731,96.32193756103516,30067600
2019-01-11,95.94074157452923,96.17317867915331,94.49962868849293,95.57814025878906,28314200
2019-01-14,94.74134232155188,95.64319920405269,94.14630404527797,94.88080596923828,28437100
2019-01-15,95.30851017182643,97.67007195164445,94.72276414187279,97.63288116455078,31587600
2019-01-16,97.86531766738658,98.79506605881,97.58639031259263,97.97688293457031,29853900
2019-01-17,97.62357343374724,99.13906063913635,97.40043582348393,98.6648941040039,28393000
2019-01-18,99.91075901340024,100.31985056619368,98.46965329559843,100.14319610595703,37427600
2019-01-22,99.2506287139424,99.57603919268188,97.4934050353328,98.25579833984375,32371300
2019-01-23,98.66488426369519,99.52025092890877,97.93967468918868,99.21343231201172,25874300
2019-01-24,99.35290271739653,99.48306691036669,97.93968134598275,98.73926544189453,23164800
2019-01-25,99.70622590927903,100.30126437437812,98.73928663013848,99.64114379882812,31225600
2019-01-28,98.7950478242376,98.99959356754458,97.30745209120867,97.69794464111328,29476700
2019-01-29,97.51201248399933,97.59569353101836,94.99239509768105,95.70830535888672,31490500
2019-01-30,97.27027940570382,98.90663146972656,97.00065152058912,98.90663146972656,49471900
2019-01-31,96.5078510609984,97.82809159824706,95.9314047125844,97.09358978271484,55636400
2019-02-01,96.48928819859835,96.78680740403813,95.15974769760429,95.55953979492188,35535700
2019-02-04,95.64321135841614,98.36737419487005,95.55023085253204,98.31158447265625,31315100
2019-02-05,98.60910300180335,99.73409760013845,98.51612958994576,99.68761444091797,27325400
2019-02-06,99.48307962460183,99.48307962460183,98.1163483303264,98.58122253417969,20609800
2019-02-07,97.80023641991107,98.17213010500232,96.96346144162102,97.8746109008789,29760700
2019-02-08,97.05641391883174,98.3487633478712,96.93554920660053,98.24649047851562,21461100
2019-02-11,98.73927619970999,99.0925851277653,97.59568965210272,97.85601806640625,18914100
2019-02-12,98.68348709294986,99.61323542214171,98.06985688425999,99.38079833984375,25056600
2019-02-13,99.94793264903785,100.20826101308414,99.21343071138385,99.30640411376953,18394900
2019-02-14,98.84154336476908,99.75269985547057,98.23721262089163,99.39009857177734,21784700
2019-02-15,100.32912044801249,100.69172163799307,99.81775615782703,100.61734008789062,26606900
2019-02-19,100.2175828592679,101.02646653681518,100.20828338892805,100.57088470458984,18038500
2019-02-20,100.71092082439031,100.78562004585854,99.2449824406983,100.04798126220703,21607700
2019-02-21,99.81454398743175,102.22354026972947,99.78653356242748,102.1581802368164,29063200
2019-02-22,102.75577972149443,103.8295508821607,102.54102121513476,103.61479949951172,27763200
2019-02-25,104.35243270518517,104.74459295772115,103.88557322634414,104.19369506835938,23750600
2019-02-26,103.88558441090827,105.73434415688274,103.80154599133975,104.91267395019531,21536700
2019-02-27,104.28707887266992,104.91266890187599,103.530761627791,104.73526000976562,21487100
2019-02-28,104.61388477854021,105.39820537286741,104.32443414830676,104.60454559326172,29083900
2019-03-01,105.40753527734225,105.52891618043107,104.26839697984079,105.07139587402344,23501200
2019-03-04,105.52888838306943,105.7436468267299,103.45603877356002,104.81926727294922,26608000
2019-03-05,104.80995790718804,104.94067799748723,103.85756766019237,104.2964096069336,19538300
2019-03-06,104.45515034949226,105.1927892373233,104.04431169710259,104.34310150146484,17687000
2019-03-07,104.01630809281515,104.15636738111408,102.58771902433112,103.07324981689453,25339000
2019-03-08,101.92479087367776,103.37205135351937,101.58865139315834,103.18531036376953,22818400
2019-03-11,103.63347005532513,105.46355844471744,103.62413799437518,105.35151672363281,26491600
2019-03-12,105.34217146694036,106.43462092680946,105.18344095541275,106.08914947509766,26132700
2019-03-13,106.56536424475901,107.37770247147073,106.23856396632733,106.91084289550781,35513800
2019-03-14,106.94818373794297,107.56443462330097,106.75210358697855,106.99486541748047,30763400
2019-03-15,107.69516733002997,109.4785743919588,106.99487794159528,108.2273941040039,54681100
2019-03-18,108.47013571090957,109.81469336525524,108.35809398885458,109.77734375,31207600
2019-03-19,110.26288233080987,110.58968970657254,109.23579277134337,109.85205078125,37588700
2019-03-20,109.60927095209536,110.87912934011904,108.97434175808351,109.73065185546875,28113300
2019-03-21,109.37585250708065,112.81193900786722,109.32916370357661,112.251708984375,29854400
2019-03-22,111.57941772566744,111.66344901419697,109.28246989762448,109.29180908203125,33624500
2019-03-25,108.83429248451851,110.18818940980864,108.61020190242989,109.86138916015625,27067100
2019-03-26,110.75775779498369,110.84178909125521,109.10507106453288,110.09481811523438,26097700
2019-03-27,110.06677825099631,110.37490718896221,107.86320113949235,109.03034973144531,22733400
2019-03-28,109.65596248224365,109.78668257335133,108.43278573872087,109.17976379394531,18334800
2019-03-29,110.24421417076793,110.47764394644278,109.20778539687471,110.12283325195312,25399800
2019-04-01,111.0658731697101,111.21527163039491,110.27221343752652,111.13123321533203,22789100
2019-04-02,111.16859761036567,111.56076505994658,110.66438842408591,111.28998565673828,18142300
2019-04-03,111.91556273741057,112.44778229590851,111.25262308550687,112.01827239990234,22860700
2019-04-04,112.13966536707812,112.2610534123729,110.53366733401256,111.44871520996094,20112800
2019-04-05,111.4766982918095,112.26102586785177,111.4580270483439,111.94355773925781,15826200
2019-04-08,111.8688395537708,112.06491963361405,110.77639034162605,111.98088836669922,15116200
2019-04-09,110.76706660237404,111.61675419053059,110.72038493326048,111.37398529052734,17612000
2019-04-10,111.82217917077135,112.37306991082541,111.61675986983255,112.22367858886719,16477200
2019-04-11,112.55046546993825,112.83991601954229,111.97155724702102,112.35438537597656,14209100
2019-04-12,112.64386845859573,112.96133664791964,112.3917674431804,112.93331909179688,19745100
2019-04-15,112.92399320725777,113.52157287709714,112.57851456662405,113.02670288085938,15792600
2019-04-16,113.57760469973613,113.58694388652204,112.13967625433463,112.76526641845703,14071800
2019-04-17,113.20407422863484,113.77364331136728,112.55047386666793,113.69894409179688,19300900
2019-04-18,114.09112059654672,115.33296138402915,113.2601113022804,115.19290924072266,27991000
2019-04-22,114.4926438767822,115.78117372955882,114.4459550701485,115.55708312988281,15648700
2019-04-23,115.87451486532875,117.25642198130265,115.62241389502043,117.12570190429688,24025500
2019-04-24,117.45248160910108,117.50850245412879,116.26665481548442,116.72418212890625,31257000
2019-04-25,121.43949332968546,122.6626629649692,120.29102292561114,120.58980560302734,38033900
2019-04-26,121.1033756818488,121.8690322538097,120.46845347357069,121.2807846069336,23654900
2019-04-29,121.29008257318844,121.55152273221088,120.77654856273588,121.16870880126953,16324200
2019-04-30,121.20606431906505,122.03707368116726,120.81390403837405,121.94371032714844,24166500
2019-05-01,121.87834086351423,121.9903825851974,119.23591436358876,119.40398406982422,26821700
2019-05-02,119.49735202590337,119.51602327010687,117.2003971848161,117.84466552734375,27350200
2019-05-03,118.91845561802302,120.85124659150588,118.81574595535531,120.35637664794922,24911100
2019-05-06,118.01275691905519,120.03892566391802,117.75131670987436,119.65609741210938,24239800
2019-05-07,118.07809941249357,118.75037820682213,115.98657092635722,117.20040130615234,36017700
2019-05-08,117.12571813847306,117.99407712677579,116.48144972413883,117.19107818603516,28419000
2019-05-09,116.05194062080588,117.4525191842377,115.37966177056487,117.1817398071289,27235800
2019-05-10,116.6308619432303,119.45069062964431,115.61310436978647,118.7037124633789,30915100
2019-05-13,115.88386088832989,117.22841847255457,114.88478188441582,115.17423248291016,33944900
2019-05-14,115.65976968236609,117.53653965547308,115.50103204577395,116.4627685546875,25266300
2019-05-15,116.4534131109468,118.74948990017307,115.92859004334717,118.10283660888672,24722700
2019-05-16,118.78694408617447,121.25171917856906,118.51516244879627,120.8299789428711,30112200
2019-05-17,120.248991346818,122.26392733954914,119.88349345792838,120.02407836914062,25770500
2019-05-20,118.57141624532015,119.57419353399882,117.85916816276269,118.29026794433594,23706900
2019-05-21,119.42423006857383,119.51794615388611,118.62763261830096,118.92752838134766,15293300
2019-05-22,118.6651098713915,120.18333605797481,118.57138664438096,119.64913940429688,15396500
2019-05-23,118.27150982856791,118.35585931635548,116.90323486624975,118.25276947021484,23603800
2019-05-24,118.93693395082015,119.41488825879041,118.05598678305543,118.30902099609375,14123400
2019-05-28,119.00253044579348,119.95844616765655,118.13095707435339,118.23404693603516,23128400
2019-05-29,117.50305056133807,117.51242431747906,116.24723894152343,117.0906982421875,22763100
2019-05-30,117.39058114847812,117.85916880274307,116.9407338543485,117.8310546875,16829600
2019-05-31,116.42530805563868,116.79080590522717,115.57247497321141,115.90985870361328,26646800
2019-06-03,116.0691636522864,116.55649882987035,111.53323846907796,112.31108856201172,37983600
2019-06-04,113.66062169109387,115.5349723315145,113.07020381339026,115.42251586914062,29382600
2019-06-05,117.10006287475238,117.96226967316758,116.40655508370786,117.9247817993164,24926100
2019-06-06,118.49644223059795,119.9303192352101,117.70921129370355,119.78974151611328,21459000
2019-06-07,121.07367188877706,123.94142584332684,120.20209147700956,123.14482116699219,33885600
2019-06-10,124.08202368497805,125.65648587484255,123.70715922557162,124.26947021484375,26477100
2019-06-11,125.4690283624345,125.80641202798061,123.032366966806,123.80085754394531,23913700
2019-06-12,123.14483036545607,123.67902715775793,122.49819141184493,123.22918701171875,17092500
2019-06-13,123.6883990724366,124.6443219364454,123.29478714023557,124.00704956054688,17200800
2019-06-14,123.95082535979687,125.38470271780271,123.36978113110939,124.12889099121094,17821700
2019-06-17,124.29755870311398,125.32844290398613,124.20383545750764,124.50373840332031,14517800
2019-06-18,125.75957121087691,126.74360825653412,125.17852702970266,126.66863250732422,25934500
2019-06-19,126.51867568242288,127.39024191749101,125.40343469764089,127.16532897949219,23744400
2019-06-20,128.8147638765865,129.0115770148908,127.19345433785757,128.34617614746094,33042600
2019-06-21,127.9994465420794,129.07719277361664,127.88699004492142,128.3649444580078,36727900
2019-06-24,128.39304295341407,129.70508292776324,128.39304295341407,129.12403869628906,20628800
2019-06-25,128.62731116118212,128.94594733420595,124.39127476042653,125.04729461669922,33327400
2019-06-26,125.90951062001223,127.21218374961302,125.20662912633928,125.51588439941406,23657700
2019-06-27,125.71269455225575,126.24689133895703,125.12226953540915,125.72206115722656,16557500
2019-06-28,126.1156838383989,126.14379795268461,124.79426326633084,125.54400634765625,30043000
2019-07-01,128.04628053106447,128.11187537351978,126.49056592223192,127.15595245361328,22613500
2019-07-02,127.56828276734362,128.00875625231572,126.83728726040238,127.9993896484375,15237800
2019-07-03,128.2055880472187,129.08653514574118,127.72761947665488,128.82412719726562,13629300
2019-07-05,127.3996023331806,128.70227532350148,127.19342263973479,128.44923400878906,18141100
2019-07-08,127.83068443150086,128.48671847504428,126.86539517334259,128.3555145263672,16779700
2019-07-09,127.4558407020966,128.36490188641113,127.2684085022726,127.88694763183594,19953100
2019-07-10,128.51486878999233,129.87377027700444,128.4117789226928,129.18963623046875,24204400
2019-07-11,129.51763065603177,130.4735535181549,129.20836107416366,129.70506286621094,22327900
2019-07-12,130.1267824407969,130.38919035318898,129.33954440346187,130.1736297607422,18936800
2019-07-15,130.67971237761174,130.77342131766108,129.7612846842394,130.1736297607422,16651500
2019-07-16,130.22988113504934,130.31422347687305,127.94317120009755,128.46798706054688,22726100
2019-07-17,129.04902362097044,129.26456991533286,127.66200831352702,127.70886993408203,20211000
2019-07-18,127.03408850320196,128.0368584307365,126.20936983371017,127.84942626953125,30381800
2019-07-19,131.4107484985754,131.83247460951378,127.87759289328382,128.0369110107422,48992400
2019-07-22,128.77723075571004,130.44540124866816,128.70225503353524,129.73313903808594,25074900
2019-07-23,130.97959701041162,131.19515759628266,129.35828796541364,130.53912353515625,18034600
2019-07-24,130.17363715097406,131.8980504876533,130.1267898283691,131.87930297851562,20738300
2019-07-25,131.60749649701572,131.77619545631205,130.56724583201162,131.38258361816406,18356900
2019-07-26,131.55131160627536,132.77900914156527,131.48571676172458,132.4603729248047,19037600
2019-07-29,132.6103038536368,132.61967045850167,130.61411590508914,132.16983032226562,16605900
2019-07-30,131.3357339100722,132.34788485715055,131.01709776936946,131.5325469970703,16846500
2019-07-31,131.51379900054368,131.66375046625618,126.59362914560351,127.70886993408203,38598800
2019-08-01,128.3929949491042,132.08546731084823,128.32738582483546,129.3863983154297,40557500
2019-08-02,129.41452672318675,129.63008732660623,126.76231905207105,128.29928588867188,30791600
2019-08-05,124.92545581960303,125.51586646582177,122.56377033425241,123.90393829345703,42749600
2019-08-06,125.39405635064563,127.15593616736156,124.84112636295711,126.22814178466797,32696700
2019-08-07,125.38467816692935,127.12782481183912,123.54782257131453,126.78107452392578,33414500
2019-08-08,128.0181359828158,130.25798410281516,127.3902160247668,130.1642608642578,27496500
2019-08-09,129.90184729536685,130.62347616036615,127.88692645562026,129.0583953857422,23466700
2019-08-12,128.45861539257012,129.19897753077302,126.74358300895678,127.25901794433594,20484300
2019-08-13,127.50268698659816,130.07991874953868,126.51865018071645,129.89248657226562,25154600
2019-08-14,128.21879028243967,128.7453538582876,125.6893912112304,125.98088073730469,32527300
2019-08-15,126.36639279171123,126.54505134704401,124.35415970387355,125.69877624511719,28074400
2019-08-16,126.8271324104605,128.31280185130936,126.67668160303253,128.00250244140625,24449100
2019-08-19,129.61982927691545,130.27803370860318,128.71713866504334,130.14639282226562,24355700
2019-08-20,129.95831033623563,130.42845831403469,129.04622211148325,129.0650177001953,21170800
2019-08-21,130.2780002751543,131.16188071992357,129.7608346587705,130.503662109375,14970300
2019-08-22,130.38145069166865,130.88920423378826,128.1529393487213,129.55398559570312,18697000
2019-08-23,128.9991906565249,130.08993729190473,124.87129242655617,125.42606353759766,38508600
2019-08-26,126.93055478578043,127.46651601360738,125.90562130137893,127.36308288574219,20312600
2019-08-27,128.2469746427543,128.55727405362552,126.62026653222833,127.63578796386719,23102100
2019-08-28,126.82715060336089,127.65460146735205,125.5765549893077,127.46654510498047,17393300
2019-08-29,129.0556499225792,130.17460466564032,128.73595266678487,129.8737030029297,20168700
2019-08-30,130.84220239448865,130.87041013092067,128.13415926255126,129.6292266845703,23940100
2019-09-03,128.45382988577265,129.00860105100233,127.59815713058806,127.91785430908203,18869300
2019-09-04,129.1026339711861,129.46934880972682,128.3315844221748,129.41293334960938,17995900
2019-09-05,130.80456558730077,131.99874541926397,130.47545627724116,131.68844604492188,26101800
2019-09-06,131.66963431961344,131.81067296613517,129.94889109316404,130.795166015625,20824500
2019-09-09,131.2559455035018,131.40639634170765,128.31282810042592,129.30953979492188,25773900
2019-09-10,128.63251209597647,128.7171353033161,126.47922594624515,127.95549774169922,28903400
2019-09-11,127.79565649488906,128.13416369155442,127.02460674501427,127.99311065673828,24726100
2019-09-12,129.61983926830337,130.155800651212,128.69833864512867,129.30953979492188,27010000
2019-09-13,129.5539574876609,129.81723917056854,128.41620757533343,129.12142944335938,23363100
2019-09-16,127.72043417682957,128.53848727703578,127.56058554505258,128.19058227539062,16731400
2019-09-17,128.78292028972328,129.30948364702135,128.28455031109254,129.18724060058594,17814200
2019-09-18,129.15902460628268,130.39080974134936,128.3785774131835,130.24977111816406,23982100
2019-09-19,131.92352061353486,133.86992570956915,131.70725656903707,132.64755249023438,35772100
2019-09-20,132.59114075955173,133.1929296572514,129.99592882843055,131.11488342285156,39167300
2019-09-23,130.91744792933375,131.2935750525382,130.17462017615182,130.83282470703125,17139300
2019-09-24,131.9799654136106,132.29026485832162,128.70773889777342,129.17788696289062,29773200
2019-09-25,129.2906913175235,131.60382563520815,127.90845514252489,131.03964233398438,21382000
2019-09-26,131.1148870821589,131.81069699554976,130.1745910065241,131.2089080810547,17456600
2019-09-27,131.78248802658757,131.979956513644,128.4914517926957,129.50697326660156,22477700
2019-09-30,129.80786877374024,130.90801339831535,129.553984830291,130.72935485839844,17280900
2019-10-01,131.32176186546792,131.8765331425289,128.82057069894088,128.8863983154297,21466600
2019-10-02,128.11533449442922,128.2281654270984,125.60474580808835,126.61085510253906,30521700
2019-10-03,126.8929440104205,128.5854797023842,125.26623592626193,128.14353942871094,24132900
2019-10-04,128.58550183542954,129.9959460968785,128.27520237617705,129.8737030029297,22897700
2019-10-07,128.9521900639223,129.9300915696498,128.83935913766322,128.93338012695312,15303700
2019-10-08,128.89579782013087,129.53519231448382,127.52295912963687,127.56997680664062,25550500
2019-10-09,129.25311191688624,130.41906993166458,128.79236164950365,129.98654174804688,19749900
2019-10-10,130.22158494014187,131.33112722018444,129.99590875793024,130.795166015625,17654600
2019-10-11,131.75426290595945,132.6099356573228,131.17128401274712,131.3405303955078,25446000
2019-10-14,131.3499636331216,131.91413268071037,131.1901150189158,131.21832275390625,13304300
2019-10-15,131.69791059701205,133.32461934062272,131.46283649860305,133.11776733398438,19695700
2019-10-16,132.3842955971231,132.5723663152234,131.19952755111063,132.02699279785156,20751600
2019-10-17,132.5346974174223,132.9766376155096,130.71993331071263,131.3499298095703,21460600
2019-10-18,131.41574130060494,131.64141746717655,128.40679748519608,129.2060546875,32273500
2019-10-21,130.18400159112943,130.231019269086,128.82997281355318,130.16519165039062,20078200
2019-10-22,130.6729245336376,131.6508259728014,128.12471628943948,128.2281494140625,27431000
2019-10-23,128.7076965438783,129.2436577008972,127.51351683407137,129.04620361328125,29844600
2019-10-24,131.06782591553826,132.0363294042335,130.39081181791786,131.58499145507812,37029300
2019-10-25,131.02085460078172,132.71339044349432,130.88921372122516,132.32786560058594,25959700
2019-10-28,135.77875297709673,136.97293305797643,134.94189001044404,135.581298828125,35280100
2019-10-29,135.47786032917864,135.87278295929912,134.13322947987797,134.302490234375,20589500
2019-10-30,134.95130744674947,136.34294173117877,134.26488092694217,135.97622680664062,18496600
2019-10-31,136.24886268174058,136.27707040936795,134.4529085157686,134.81021118164062,24605100
2019-11-01,135.6470967924306,135.7975475970039,134.4341212565321,135.13934326171875,33128400
2019-11-04,136.18308155649737,136.3429301666834,135.5530849112538,135.9197998046875,16912000
2019-11-05,136.3147663218723,136.36178401007228,135.31805446228222,135.83522033691406,18250200
2019-11-06,135.75051959568236,135.8915725946518,134.65037507305217,135.4590301513672,16575800
2019-11-07,135.25217213140596,136.23008799846062,135.18635887276898,135.6470947265625,17786700
2019-11-08,135.3838542816256,137.2738589856747,135.17698795234875,137.2456512451172,16732700
2019-11-11,136.66262573224404,137.67814719740517,136.08904456250804,137.38665771484375,14362600
2019-11-12,137.54652565024938,138.75951577120807,137.33965934043908,138.28936767578125,18641600
2019-11-13,137.9790837377639,138.65609821918503,137.54654112827373,138.51504516601562,16919200
2019-11-14,138.24232852893402,139.5493394573427,138.2235185906592,139.22023010253906,19729800
2019-11-15,140.03830402505773,141.03503003386288,139.41771944691715,141.01622009277344,23485700
2019-11-18,141.11026608336545,141.56160426905356,140.08533225958595,141.3641357421875,21534000
2019-11-19,141.87188307617376,142.29501346031734,141.232474254182,141.4111328125,23935700
2019-11-20,141.81683157521755,142.31688312760556,140.0713732271126,141.1658172607422,25696800
2019-11-21,140.95822529565103,141.33563214259124,140.10908508408411,141.03370666503906,18576100
2019-11-22,141.59036987350385,141.8073697971543,140.41100055449326,141.13748168945312,15901800
2019-11-25,141.52434933718655,142.79807423986176,141.44886795661458,142.68484497070312,22420900
2019-11-26,142.80749590026912,143.807598941976,142.76976241042755,143.43963623046875,24620100
2019-11-27,143.72270186896043,143.88309441054716,142.95847265456396,143.71327209472656,15184400
2019-11-29,143.5057188938195,143.6944151770697,142.73204541690905,142.82640075683594,11977300
2019-12-02,143.2320722061633,143.2509461501962,139.939281604175,141.0997772216797,27418400
2019-12-03,139.15616707862256,140.98653639491616,138.3636198568316,140.87332153320312,24066000
2019-12-04,141.65640458391803,141.69413806696122,140.76951656812594,141.38279724121094,17574700
2019-12-05,141.57152699865006,141.8262748585036,141.0337275608038,141.4582977294922,17869100
2019-12-06,142.4584396893398,143.28870622500705,141.77912154413693,143.1754913330078,16403500
2019-12-09,142.5338724971307,143.6094567942985,142.38290976152146,142.80747985839844,16687400
2019-12-10,142.741463513006,143.307566713041,142.24141192483611,142.59051513671875,16476100
2019-12-11,142.97731788741072,143.28867316517588,141.83569626553893,143.12828063964844,18856600
2019-12-12,143.08111449274102,144.76997982651594,142.48672200245406,144.58128356933594,24612100
2019-12-13,144.35482328025358,146.13802934491036,144.19443075975641,145.79837036132812,23845400
2019-12-16,146.34563108280756,147.09098641486455,146.0720236409799,146.7418975830078,24144200
2019-12-17,146.66637698018368,146.91169503134057,145.72288145197845,145.94932556152344,25425600
2019-12-18,145.58137795355316,146.69469588173047,145.46814868875833,145.6474151611328,24129200
2019-12-19,145.29829858286612,146.96828955217117,145.06242472153028,146.91168212890625,24958900
2019-12-20,148.45903282837668,149.53461719601128,147.45891543689208,148.51564025878906,53477500
2019-12-23,149.18551404746862,149.18551404746862,148.38355145562693,148.51564025878906,17718200
2019-12-24,148.5816608542314,148.79867517535496,148.24200191312298,148.48731994628906,8989200
2019-12-26,148.65717177108485,149.76105994998684,148.5062090124484,149.70445251464844,14520600
2019-12-27,150.44037676943395,150.53473209198071,149.2798811644335,149.9780731201172,18412800
2019-12-30,150.00640386931494,150.03470759185922,147.87409412695496,148.6855010986328,16348400
2019-12-31,147.91178648405898,148.8552819388846,147.60986102814766,148.7892303466797,18369400
2020-01-02,149.80822213313544,151.64803557454536,149.38365201536385,151.54425048828125,22622100
2020-01-03,149.3742503968611,150.91213864205648,149.1289322940356,149.65728759765625,21116200
2020-01-06,148.20428443592868,150.11014950002246,147.66648505583996,150.04409790039062,20813700
2020-01-07,150.31769734674324,150.64791210605264,148.43070650521202,148.67601013183594,21634100
2020-01-08,149.94971608193828,151.7140622586854,149.02509462671821,151.04417419433594,27746500
2020-01-09,152.69535469097917,153.05388769690074,151.93112540707537,152.9312286376953,21385000
2020-01-10,153.61994018744716,153.99733261890012,152.07259378733414,152.2235565185547,20725900
2020-01-13,152.61986801825498,154.08228931660122,152.1481201411499,154.05398559570312,21626500
2020-01-14,154.15774765402992,154.3558880672922,152.5821117076889,152.9689483642578,23477400
2020-01-15,153.43125473603405,154.6766758779403,153.38409147181704,153.95960998535156,21417900
2020-01-16,155.06350048050558,156.84670650655414,154.76157499203615,156.78065490722656,23865400
2020-01-17,157.96008381293834,158.00726148784545,156.08252176583332,157.65817260742188,34371700
2020-01-21,157.26180223764868,158.6864894681104,157.02592839383416,157.09197998046875,29517200
2020-01-22,157.94114347591156,158.0260690136895,156.31833003814165,156.3372039794922,24138800
2020-01-23,156.79952432683427,157.37505717560433,155.9315101674203,157.29957580566406,19680800
2020-01-24,158.04492786170331,158.06380180297066,155.15783390155633,155.71449279785156,24918100
2020-01-27,152.04430378397066,154.14830924899513,151.14798588100405,153.11045837402344,32078100
2020-01-28,154.52571391469783,156.39383124054007,153.85584007609117,156.1107940673828,24899900
2020-01-29,158.35628668301973,159.21487107258014,156.32777704725325,158.54498291015625,34754500
2020-01-30,164.2153941915774,164.2153941915774,161.13958965642146,163.01715087890625,51597500
2020-01-31,162.47939891941252,162.6586510071575,159.99800065070156,160.61126708984375,36142700
2020-02-03,160.79995976933012,164.63999404803988,160.77165605102132,164.5267791748047,30107000
2020-02-04,167.1308156372182,170.43305034843976,166.3477125352507,169.9424285888672,36433300
2020-02-05,173.6314737413291,173.79186624691567,168.32903369846085,169.73483276367188,39186300
2020-02-06,170.7444028199159,173.4333710847966,169.88581835396727,173.2541046142578,27751400
2020-02-07,172.51816064750537,175.1410770270383,172.16905751732648,173.4993896484375,33529100
2020-02-10,173.20689046692058,178.169671180043,172.89553525156342,178.03758239746094,35844300
2020-02-11,179.87740947996318,179.9245871338013,173.13142248247357,174.018310546875,53159900
2020-02-12,175.09392315032483,175.34867100497553,171.57468843308777,174.27308654785156,47062900
2020-02-13,172.7351525724815,175.70715754773664,172.53701218905192,173.32955932617188,35295800
2020-02-14,172.89557600506723,174.93353004235755,172.32947286250848,174.87692260742188,23149500
2020-02-18,175.12222224761544,177.09412463421762,175.01843715376268,176.6506805419922,27792200
2020-02-19,177.91841645341376,178.0319405494964,176.41416443662806,177.18048095703125,29997500
2020-02-20,176.86829430160537,177.15211900829618,171.33377748279395,174.4747314453125,36862400
2020-02-21,173.29215209549287,173.60435785009562,167.6914028824493,168.95913696289062,48572600
2020-02-24,158.72259003491985,165.13696053786106,154.42741272860948,161.67433166503906,68311100
2020-02-25,164.80587062511273,165.4113566093742,158.60909120804521,159.00645446777344,68073300
2020-02-26,160.5579939912632,163.9165403125389,159.13888503210237,160.99317932128906,56206100
2020-02-27,154.5125922995576,158.02251375085504,149.460553371622,149.64976501464844,93174900
2020-02-28,144.1909495095758,154.88157433959893,143.8030562222492,153.2732391357422,97012700
2020-03-02,156.39524445408495,163.59485683887016,153.5570269216217,163.47186279296875,71030800
2020-03-03,164.42741969774957,165.56270392318126,153.50973388064168,155.63839721679688,71677000
2020-03-04,159.4038446195427,161.49465786086628,156.6886052990288,161.35275268554688,49814400
2020-03-05,157.09537542343918,161.65543835111438,156.75478867248188,157.3035125732422,47817300
2020-03-06,153.84087330986785,154.31390963214946,147.5873325518678,152.85696411132812,72821100
2020-03-09,142.85696399322785,149.24295410550792,141.9108913840012,142.49745178222656,70419300
2020-03-10,149.63087915242681,152.3461034986869,144.35179113826226,152.24203491210938,65354400
2020-03-11,148.65634583949753,149.1955995464358,142.99882306419704,145.3450927734375,56371600
2020-03-12,137.46435020909462,145.19376153679778,131.10674124965627,131.56085205078125,93226400
2020-03-13,139.54570541900762,153.1786147486316,133.1407900163618,150.26470947265625,92727400
2020-03-16,132.45020301671514,141.29599020684492,127.71983862326103,128.1171875,87905900
2020-03-17,132.45020306878936,139.54574966176023,127.71983867347546,138.66590881347656,81059800
2020-03-18,130.55804437090856,138.12662665328008,127.7387515127842,132.82861328125,81593200
2020-03-19,135.07078487160544,142.05279062232898,131.50408724036618,135.01402282714844,85922700
2020-03-20,138.12660739420775,139.16729308730046,128.53343126632095,129.94308471679688,84866200
2020-03-23,129.62141109096703,132.98944191639754,125.37355404915603,128.64695739746094,78975200
2020-03-24,135.9979828444054,141.532515224966,133.65172603461022,140.3404541015625,82516700
2020-03-25,140.87965288531754,146.00736386444476,136.65070785219186,138.99696350097656,75638200
2020-03-26,140.3971505448925,148.21171848467063,140.36876952530807,147.69137573242188,64568100
2020-03-27,143.56651157981065,146.53717885318503,141.15402365454713,141.62705993652344,57042300
2020-03-30,144.21933299332323,151.9392901340011,141.92036869340518,151.5892333984375,63420300
2020-03-31,150.80397455281383,155.89385002651397,148.11713169291087,149.2051239013672,77927200
2020-04-01,144.74910853301455,149.24295340577154,142.686677183813,143.9071044921875,57969900
2020-04-02,143.67061116980452,147.09538997151475,142.25150201737102,146.8872528076172,49630700
2020-04-03,146.7358483748475,148.8928924883755,143.98277397555609,145.53433227539062,41243300
2020-04-06,151.674380216992,157.52110249756834,149.08213585583528,156.35743713378906,67111700
2020-04-07,160.44443456648847,160.83232776277265,154.45579380630528,154.67340087890625,62769000
2020-04-08,156.73587906377395,157.6819518638952,154.68290281982192,156.22500610351562,48318200
2020-04-09,157.38864581705784,158.34417399168134,154.52204685726437,156.23443603515625,51385100
2020-04-13,155.48703939874497,156.6412491390872,153.54758765892907,156.58447265625,41905300
2020-04-14,159.88630076083996,164.38014649228367,158.94022797527285,164.3328399658203,52874300
2020-04-15,161.9676250441045,164.20982690607568,160.11333084582998,162.6109619140625,40940800
2020-04-16,164.90049133393524,167.7197842257334,163.57598075714515,167.4927215576172,50479600
2020-04-17,169.820026433758,170.29306271908877,166.38577838276137,168.96856689453125,52765600
2020-04-20,167.10481731275797,169.11048671754907,165.5532587393318,165.61947631835938,36669600
2020-04-21,164.1436140033889,164.30444463062025,157.152137304255,158.76992797851562,56203700
2020-04-22,162.1473821076544,164.6166321676054,161.60812823309527,164.1625213623047,34620200
2020-04-23,164.72073463272773,165.61950089925315,161.69330458109863,162.17579650878906,32790800
2020-04-24,162.78126717777104,165.14644893831272,161.50407768863286,165.13699340820312,34277600
2020-04-27,167.0669739854221,167.36025421154562,163.95440116620728,164.66395568847656,33194400
2020-04-28,166.12085487529922,166.19654240217187,160.25520868390518,160.65255737304688,34392700
2020-04-29,163.8787209318409,168.09819726179364,162.61098692676447,167.86167907714844,51286600
2020-04-30,170.29306052505186,170.67148377407221,166.72636293755244,169.54566955566406,53875900
2020-05-01,166.31959502467402,169.0064382134677,164.62611669069204,165.1559295654297,39370500
2020-05-04,165.0802105916358,169.34699275403744,164.4274181980878,169.19561767578125,30372900
2020-05-05,170.87962012199586,173.74621880637977,170.1984467280906,171.01206970214844,36839200
2020-05-06,172.26089015431316,174.26655932356306,171.83516039766008,172.69607543945312,32139300
2020-05-07,174.23821330108638,174.59772555870285,172.73396112199262,173.69895935058594,28316000
2020-05-08,175.00451254481112,175.02343803963055,173.47187949066208,174.72068786621094,30877800
2020-05-11,173.27317489045691,177.39805162240447,172.9893646854429,176.66958618164062,30892700
2020-05-12,176.7263533728261,176.953401543454,172.4690269424975,172.66769409179688,32038200
2020-05-13,172.70557072381354,174.12467974465682,167.0196646746437,170.0565643310547,44711500
2020-05-14,167.96570219171386,170.94583917314944,166.20600679682212,170.79446411132812,41873900
2020-05-15,169.40379528420186,176.97237777471676,167.45488760264234,173.28269958496094,46610400
2020-05-18,175.7330369858318,176.15876689349778,174.03957288700883,174.93833923339844,35264500
2020-05-19,175.05183675097177,176.53717787203394,173.59489109296922,173.7273406982422,26799100
2020-05-20,175.33064720227907,176.31731120144525,174.50527623223215,176.13705444335938,31261300
2020-05-21,175.89037841860198,177.0952410908258,173.88860485853687,174.02142333984375,29119500
2020-05-22,173.79372643034782,174.99858898917685,173.17705787964485,174.09730529785156,20826900
2020-05-26,176.782176165125,176.93397286008036,171.8109574524387,172.25685119628906,36073600
2020-05-27,170.95707751534613,172.65527193682124,167.54173942256455,172.4844970703125,39517100
2020-05-28,171.46942973465383,174.7045118921634,171.12789439391577,172.09556579589844,33810200
2020-05-29,173.35733024164716,174.81834800632248,171.1563362064676,173.8506622314453,42130400
2020-06-01,173.17710663559222,173.6135185708967,172.1525150026941,173.45223999023438,22622400
2020-06-02,174.79941698735348,175.5109478570442,172.04817008166907,175.42556762695312,30794600
2020-06-03,175.34013654287895,176.40268436775008,174.1637339681085,175.85243225097656,27311000
2020-06-04,174.84678806804004,176.3077911894076,172.94937314484073,173.53756713867188,28761800
2020-06-05,173.252940829939,178.10083622506306,172.67422873664577,177.5980224609375,39893600
2020-06-08,176.4026467981423,178.87877355820228,174.9795857745705,178.69851684570312,33211600
2020-06-09,178.35702076730806,180.91852827671923,177.65497196351984,180.064697265625,29783900
2020-06-10,181.32644965381985,188.3373967476079,181.21259492226793,186.74356079101562,43872300
2020-06-11,183.2238936451731,185.7189846562895,176.52602066269233,176.71575927734375,52854700
2020-06-12,180.76672098608847,181.8862033655673,175.68164819844708,178.1103515625,43373600
2020-06-15,175.1124144347992,181.03235384944128,174.5716442657707,179.248779296875,32770200
2020-06-16,182.99619824445867,185.54822386322215,181.63955340017736,183.64132690429688,42556700
2020-06-17,185.02643488567597,186.25027574878882,183.7551702253078,184.27696228027344,25687800
2020-06-18,184.04923601907285,186.41152266185708,184.04923601907285,186.250244140625,23061600
2020-06-19,188.403752722879,189.06784484421124,184.40020732211852,185.14019775390625,44441100
2020-06-22,185.74742222527766,190.46249933268095,185.21614837815503,190.28225708007812,32818900
2020-06-23,191.72430349967055,193.48890010509766,191.0981530482965,191.5535430908203,30917400
2020-06-24,191.25942523146253,192.82478671322252,186.4779316388063,187.69227600097656,36740600
2020-06-25,187.65433065926044,190.32019619453087,185.44384063248827,190.0640411376953,27803900
2020-06-26,189.48533464197993,189.63713130801548,184.88411220227584,186.25973510742188,54675800
2020-06-29,185.73795493775134,188.3469005872741,183.6223412461814,188.2615203857422,26701600
2020-06-30,187.73022872460268,193.91579067434787,187.5974102649732,193.07144165039062,34310300
2020-07-01,192.72047308150405,195.76583103340928,191.42074822230836,194.20045471191406,32061200
2020-07-02,195.13013735746952,197.35012374670447,194.4850232532677,195.68038940429688,29315800
2020-07-06,198.11860638784356,200.3006367249916,197.41655756468825,199.89268493652344,31897600
2020-07-07,199.65552863745535,203.65907621069388,197.32171584805417,197.56837463378906,33600700
2020-07-08,199.29500916856912,202.32137420232715,197.985788069965,201.91343688964844,33600000
2020-07-09,205.23386188598084,205.28130014850328,200.62314360563047,203.32696533203125,33121700
2020-07-10,202.66288887882965,203.09930069264342,200.2531782297019,202.7103271484375,26177600
2020-07-13,203.47879513374653,204.73109607206322,195.90811279433242,196.44888305664062,38135600
2020-07-14,195.55710644975017,198.13759233564966,191.66739941517432,197.66323852539062,37591800
2020-07-15,198.81116499075517,200.4903815184619,194.513520663541,197.36912536621094,32179400
2020-07-16,194.8645170233169,195.14913217192185,191.93301428777966,193.46043395996094,29940700
2020-07-17,193.98219611919998,194.52295178977496,191.06017569726902,192.4737548828125,31635300
2020-07-20,194.4850454497009,201.41061337801344,192.59711223612445,200.74652099609375,36884800
2020-07-21,202.70085147260994,202.9664884191698,197.3596235217493,198.04269409179688,37990400
2020-07-22,198.46960223109352,201.41060121414287,197.70115148727237,200.88880920410156,49605700
2020-07-23,196.5627288593702,200.1014041342364,191.7812344755157,192.15122985839844,67457000
2020-07-24,190.13997095622724,192.4548197616395,187.37922843127433,190.97483825683594,39827000
2020-07-27,191.13608416979247,193.50785270867794,190.55737206725937,193.39401245117188,30160900
2020-07-28,193.1663240584175,194.20041170242473,191.3922457630907,191.6578826904297,23251400
2020-07-29,192.11331053064336,194.153026308788,191.64843854313742,193.59329223632812,19632600
2020-07-30,190.69023617073978,193.97277098377302,189.33359119030618,193.4414825439453,25079600
2020-07-31,193.9158403593291,194.57994730375984,188.80230663921913,194.4945526123047,51044000
2020-08-03,200.6706342883955,206.47672012993115,199.64602834998408,205.43313598632812,78983000
2020-08-04,203.1847055797649,203.75393593196725,199.52269365345714,202.34983825683594,49280100
2020-08-05,203.87728127226734,203.97215783380517,200.71809733411564,202.017822265625,28806400
2020-08-06,201.4485573768755,205.27184763929066,200.6990847830471,205.2528839111328,32656800
2020-08-07,203.82982184764134,204.6362145752695,200.11087553199408,201.5813751220703,27820400
2020-08-10,200.81295316674974,201.0121881493232,195.76583582974325,197.56837463378906,36716500
2020-08-11,196.53426409900342,196.99912154458283,192.7204556060686,192.94815063476562,36446500
2020-08-12,194.76020568674713,199.49426252346814,194.24790987635123,198.46017456054688,28013100
2020-08-13,198.69733391145982,200.50936900980943,197.47349292783164,197.9952850341797,22588900
2020-08-14,198.05217908321634,198.83960807157098,196.86629466872947,198.18499755859375,17958900
2020-08-17,198.84908754194612,200.35752891493178,198.2039589476091,199.49420166015625,20184800
2020-08-18,199.73140051485709,201.46753707867512,198.47911406909904,200.6421661376953,21336200
2020-08-19,201.12716528826644,201.70727635922714,198.9969182630244,199.42486572265625,27627600
2020-08-20,199.27272784174724,204.46519928761978,198.67360712535148,204.06578063964844,26981500
2020-08-21,203.38108226109503,205.65397415805003,202.42057643816506,202.58224487304688,36249300
2020-08-24,204.26545250984773,204.95969353187164,202.021090073676,203.2193603515625,25460100
2020-08-25,202.65826085369224,205.99626818352706,202.65826085369224,205.86312866210938,23043700
2020-08-26,207.20408028520444,211.20778593927406,206.7095557551651,210.3138427734375,39600800
2020-08-27,211.968557579832,219.8238185876198,208.649559722784,215.47775268554688,57602200
2020-08-28,216.9993776717254,219.3388462628036,215.4777849434819,217.69361877441406,26292900
2020-08-31,215.87720527831104,217.49390391341316,213.3190105239383,214.47923278808594,28774200
2020-09-01,214.46021648733137,216.30516063040494,213.43313373208045,216.1339874267578,25725500
2020-09-02,216.7996706686181,221.45006436765206,216.21005476958462,220.29934692382812,34080800
2020-09-03,218.03597815421034,218.07401180492377,204.42715773754352,206.65249633789062,58400300
2020-09-04,204.5602944159865,207.66055205053038,195.13587224368297,203.75193786621094,59664100
2020-09-08,196.3816986090303,199.73873084324882,192.2923915711213,192.7298583984375,52924300
2020-09-09,197.42781493215068,204.31305293830968,196.57190531885342,200.93699645996094,45679000
2020-09-10,202.94358877314926,204.21794102341093,194.1087966874438,195.3070526123047,35461500
2020-09-11,197.0474169840839,198.4073560474238,191.3794587853986,194.03274536132812,33620100
2020-09-14,194.2323628060402,198.94931753531253,194.03264630025052,195.34503173828125,30375800
2020-09-15,198.20759638726756,199.5009581300524,196.79059988981783,198.54995727539062,21823900
2020-09-16,200.29979862410642,200.32832748932069,194.61281748381796,195.0027313232422,26328100
2020-09-17,190.2477122151913,194.31799446274707,190.16212562618733,192.9675750732422,34011300
2020-09-18,192.8629911592998,193.6713332416722,186.6339321767802,190.57107543945312,55225300
2020-09-21,187.52786151375366,192.7773903131104,186.75755314054098,192.61570739746094,39839700
2020-09-22,195.01224432710944,197.9032952203945,192.17826567778008,197.25660705566406,33517100
2020-09-23,197.71305920777692,197.90327097541524,190.22868760484096,190.76124572753906,30803800
2020-09-24,190.05757702189405,195.49730451435164,189.43941759572255,193.23391723632812,31202500
2020-09-25,193.5762159252499,198.79720103506912,192.61569582922453,197.63699340820312,29437300
2020-09-28,200.54710188628258,202.15429594905353,197.86527201585727,199.1776580810547,32004900
2020-09-29,199.09200313404907,199.77672480163702,196.67645322030296,197.10440063476562,24221900
2020-09-30,197.55142430549373,201.59317836396667,196.41973084734164,200.02403259277344,33829100
2020-10-01,203.02919717182243,203.50469764479027,200.96552686047664,202.04966735839844,27158400
2020-10-02,197.80819290175853,200.6516908987254,195.46872423543033,196.08688354492188,33154800
2020-10-05,197.06639754821663,200.10009258534964,196.838152119923,200.07156372070312,21331600
2020-10-06,198.58800309532225,199.88135031174275,194.7839997215078,195.82058715820312,28554300
2020-10-07,196.9142162472281,199.81477148517834,196.59087946952087,199.54849243164062,25681100
2020-10-08,200.19518750026828,200.84187563629666,198.1125077886739,200.2617645263672,19925800
2020-10-09,200.8799331744118,205.2830723604593,200.8799331744118,205.2355194091797,26458000
2020-10-12,208.06949215642354,212.89107395427078,206.1865143322862,210.55160522460938,40461400
2020-10-13,211.80695442795582,214.17495225987633,209.62915390328155,211.94009399414062,28950800
2020-10-14,212.0731659140789,213.23338798265985,208.39279767832116,210.03802490234375,23421700
2020-10-15,206.4622756461877,209.56253297254858,205.4256737650071,208.89683532714844,22733100
2020-10-16,209.36281642336837,211.39795751708903,208.5734985438284,208.89683532714844,26057900
2020-10-19,209.61963771902458,211.40752423439918,203.24793395041902,203.7234344482422,27625800
2020-10-20,205.22599923044717,206.71906311300145,202.64878038007848,204.13233947753906,22753500
2020-10-21,202.67730485689108,206.29111113797111,202.67730485689108,204.27499389648438,22724900
2020-10-22,203.44756763419346,205.4732037174607,201.32684019000547,204.36053466796875,22351500
2020-10-23,204.493750396268,205.6825016842113,202.71538311306455,205.63494873046875,18879600
2020-10-26,203.3715320530445,205.73951481810852,197.90327731407123,199.7862548828125,37111600
2020-10-27,201.2222840641838,204.1513686811001,200.0240281118137,202.8009490966797,36700300
2020-10-28,197.49435530937347,198.607024621871,192.19728783819525,192.7488555908203,51195600
2020-10-29,194.0707590331236,197.199545583512,193.40504679969789,194.68890380859375,31432600
2020-10-30,193.52864762831226,194.27993181652224,189.83876017002257,192.5491180419922,36953700
2020-11-02,194.27993846687417,195.2214344412971,190.31426704734966,192.41598510742188,30842200
2020-11-03,193.89957334651695,197.92230309923994,193.16729858879407,196.3151092529297,27512000
2020-11-04,203.53315105949935,207.62245651328092,202.0115443056354,205.78701782226562,42311800
2020-11-05,211.16020229745342,213.13828561895033,210.31381220177101,212.3489532470703,36080100
2020-11-06,211.36943647428635,213.36654399549167,207.3467070793611,212.75790405273438,25231900
2020-11-09,213.44266096892412,216.94233758860318,207.20409690001915,207.68910217285156,44395000
2020-11-10,203.98968301620297,205.89168472264777,199.44390009868965,200.67068481445312,44045100
2020-11-11,201.98305746897677,207.35620613498025,201.8023649968637,205.93922424316406,29440800
2020-11-12,206.56689674868196,208.37379252192883,203.95164446517558,204.8836212158203,21593900
2020-11-13,205.75855501047297,206.7666136412532,203.66635593568657,205.9011993408203,18621100
2020-11-16,204.34154443508726,207.0709266945876,204.0087028500602,206.58590698242188,24953300
2020-11-17,205.51125493117257,207.01382325171753,203.5902294740936,203.9516143798828,24154100
2020-11-18,203.7132809002131,205.16259082846608,201.11978504928186,201.2628173828125,28372800
2020-11-19,201.54882732756656,203.1220808390254,200.16625445791493,202.5404510498047,24792700
2020-11-20,202.33075076295853,203.3700522735428,200.23307385148038,200.6049346923828,22843100
2020-11-23,201.13888043673134,202.41655461114135,198.47864751842303,200.33795166015625,25683500
2020-11-24,199.84208903643668,204.28535867251247,199.14604498028865,203.9134979248047,33979700
2020-11-25,205.10536827690913,205.27698960529233,202.57862394829687,203.92303466796875,21012900
2020-11-27,204.85750150939063,206.21145668171624,204.08516175027665,205.21981811523438,14512200
2020-11-30,204.1423273067158,204.77161999615228,201.03393888249715,204.1137237548828,33064800
2020-12-01,204.53327483092292,207.2125957883334,203.4272367302626,206.1542205810547,30904500
2020-12-02,204.8861008371722,205.44865689837735,202.90283829428745,205.35330200195312,23724500
2020-12-03,204.62865056946853,206.31633327179273,203.71329304727672,204.27586364746094,25120900
2020-12-04,204.25672493194136,205.36277734339387,203.26508671853233,204.3902130126953,24666000
2020-12-07,204.39978258353827,205.51536487958126,203.08397540183014,204.32350158691406,24620000
2020-12-08,204.01837142335373,206.85976915066394,202.98859989721,205.96348571777344,23284100
2020-12-09,205.15305477478972,205.21979155573646,201.38676956150456,201.94932556152344,32440600
2020-12-10,201.92068390599115,203.1697541123935,200.57625883152795,200.72882080078125,26733300
2020-12-11,200.28071849667674,203.3986370668293,199.38443493743736,203.34141540527344,30979400
2020-12-14,203.18882485275392,206.15418079461026,202.97905578555302,204.23765563964844,28798400
2020-12-15,205.16258335643218,205.40095602118834,202.36886270906425,204.17095947265625,27000600
2020-12-16,204.7621245198749,209.87283517134597,204.73352096326568,209.08143615722656,35023300
2020-12-17,209.64398793352765,210.6165524859304,207.7846840459289,209.2149200439453,32515800
2020-12-18,208.4234619140625,209.4723071680188,205.97299916488646,208.4234619140625,63354900
2020-12-21,207.43190114873119,213.58191314877274,207.1744545903805,212.23748779296875,37181900
2020-12-22,212.3328406363443,215.13610554728626,211.53191196153603,213.5247039794922,22612200
2020-12-23,212.73331641714506,213.16238433393622,210.53075516838518,210.7405242919922,18699600
2020-12-24,211.12187050307205,213.2100170826922,210.91210142344104,212.3900146484375,10550600
2020-12-28,214.01097912101392,215.51749613359814,212.64749443916563,214.4972686767578,17933500
2020-12-29,215.78447316733607,216.61400540208348,213.18144768825368,213.7249298095703,17403200
2020-12-30,214.75470691645884,215.13611192704442,211.16958711163565,211.36981201171875,20272300
2020-12-31,211.38887922848244,212.62842001281925,209.46282399587028,212.0753936767578,20942100
2021-01-04,212.18029080751847,212.628432614177,204.81934121407613,207.56539916992188,37130100
2021-01-05,207.15537629858184,208.35678384593277,205.66793319149298,207.76560974121094,23823000
2021-01-06,202.30212170745105,206.42120854830253,202.0828229184312,202.37840270996094,35930700
2021-01-07,204.0851012672595,209.13860385305338,203.7704622038596,208.13743591308594,27694500
2021-01-08,208.509325603842,210.32096654437632,206.9360718717711,209.40560913085938,22956200
2021-01-11,208.30906564141404,208.72860377908577,206.6499869740149,207.37464904785156,23031300
2021-01-12,206.43070295929502,207.00280310584745,203.39861001025608,204.9337158203125,23249300
2021-01-13,204.06609203445853,206.6786473478846,203.98026681062188,206.27818298339844,20087100
2021-01-14,205.86818216746164,207.34609567404829,202.8456183702962,203.1125946044922,29480800
2021-01-15,203.58932764260769,204.5332740745868,202.1686213365607,202.75978088378906,31746500
2021-01-19,203.80859756685624,206.88836785633777,202.74069284584706,206.3734893798828,30480900
2021-01-20,207.57490501983722,215.28864064220252,207.1839703739338,213.9060821533203,37777300
2021-01-21,214.2493283744459,215.7749191075521,212.075371036692,214.50677490234375,30709400
2021-01-22,216.51861096279615,219.3695526174147,215.29814436295163,215.441162109375,30172700
2021-01-25,218.46380161875487,219.09310902177296,213.79170264290093,218.854736328125,33152100
2021-01-26,221.07633334716795,223.2884239961353,219.3791212258297,221.52447509765625,49169600
2021-01-27,226.93075510239115,229.2572744153323,219.43631865864182,222.0679473876953,69870600
2021-01-28,224.65196875762058,231.35500794119304,224.15614946613,227.8175506591797,49111200
2021-01-29,225.01424242751062,226.9498270998263,220.59004681234464,221.1716766357422,42503100
2021-02-01,224.12752469767685,231.22149793113354,221.61983946645995,228.50404357910156,33314200
2021-02-02,230.07733162081746,231.04035208557335,227.58872006522793,228.37057495117188,25916300
2021-02-03,228.42774595379248,233.691003496613,228.13215165180748,231.69821166992188,27158100
2021-02-04,231.37408072720086,231.92710713639534,229.19057865045764,230.75430297851562,25296100
2021-02-05,230.96401309862384,231.9651810913466,229.23819752167216,230.93540954589844,18054800
2021-02-08,231.84126833297145,232.34661726281524,229.6101034862142,231.19290161132812,22211900
2021-02-09,230.6207778665767,233.37636525124478,230.1535767615209,232.4324188232422,23565000
2021-02-10,233.6051986080707,234.48240822021572,229.68635163313002,231.52659606933594,22186700
2021-02-11,233.39544815712694,233.74823505402443,230.88776300580494,233.1189422607422,15751100
2021-02-12,232.5849755201089,233.89126765033635,231.44078960935016,233.59568786621094,16561100
2021-02-16,233.6338058939717,234.68265139758873,231.62194010002432,232.36566162109375,26728500
2021-02-17,230.62633988583025,233.48383401445355,230.26317424435055,233.3787078857422,21653500
2021-02-18,231.0850397829088,233.12064247435825,230.18669197965465,232.98684692382812,16925600
2021-02-19,232.94861675471643,233.05374286763362,229.53680847582015,230.29180908203125,25262600
2021-02-22,226.89915507557774,227.386550086894,222.101603324749,224.11810302734375,36446900
2021-02-23,220.12329302100676,224.4238826563991,218.59418865093036,222.93301391601562,30228700
2021-02-24,219.81745546660107,224.777470934544,218.85221731247677,224.15628051757812,26339700
2021-02-25,221.795780936671,224.1945494104652,217.78189953492432,218.84271240234375,39542200
2021-02-26,221.27017985864828,224.94001393985326,219.36835773748183,222.08251953125,37819200
2021-03-01,225.44646168712504,226.94689663933326,222.81832355367666,226.4403839111328,25324000
2021-03-02,226.50729480119938,226.78445210469692,223.10505255325617,223.50643920898438,22812500
2021-03-03,221.87220796170382,223.2292812046213,217.18933480024668,217.47604370117188,34029500
2021-03-04,216.69239700995695,222.18759526620298,214.32228361038455,216.68283081054688,44727800
2021-03-05,219.34920613150112,222.9330311039714,216.42480728718476,221.3370361328125,41872800
2021-03-08,221.11724315034732,223.02861668898058,217.06514058132345,217.31361389160156,35267400
2021-03-09,222.5603588572807,224.9495759883229,221.4039713495017,223.42047119140625,33080500
2021-03-10,226.49774377773664,226.49774377773664,221.75753141565502,222.12069702148438,29746800
2021-03-11,224.5481556095097,228.5715884889649,223.92695049895786,226.6219940185547,29907600
2021-03-12,223.6402462040966,225.3700514329935,222.89481172208454,225.3031463623047,22653700
2021-03-15,224.54814690664654,224.76795075810895,221.53772513977538,224.40478515625,26034900
2021-03-16,225.80963010169157,229.42212430580386,225.48470015547667,227.17626953125,28092200
2021-03-17,225.68540440109052,227.97906119030745,222.8948010361049,226.5359649658203,29562100
2021-03-18,222.25450809258342,223.81228216044187,220.1233307246963,220.4960479736328,34833000
2021-03-19,220.78276444867765,222.16850736597712,219.18676927273987,220.1424560546875,46430700
2021-03-22,220.06595744383355,226.4021496850385,219.9417135194071,225.53248596191406,30127000
2021-03-23,226.96602417339062,230.36826626043398,226.5646375366449,227.05203247070312,31638400
2021-03-24,227.31010706233886,227.453454246672,224.89222066909963,225.02601623535156,25620100
2021-03-25,224.8730896144775,226.44041526230157,221.30838220851965,222.04425048828125,34061900
2021-03-26,221.28927982619135,226.22062717768958,221.28927982619135,226.0008087158203,25479900
2021-03-29,226.10590310307379,226.3066037177728,221.60462710644518,224.81573486328125,25227500
2021-03-30,223.1815355819631,223.4873623553538,220.85922367484778,221.57598876953125,24792000
2021-03-31,222.5890311266057,228.50473515150796,222.09206987389499,225.32229614257812,43623500
2021-04-01,227.90260302398238,232.0789491359086,227.50121636956897,231.6106719970703,30338000
2021-04-05,232.0024876345528,238.8834432319684,231.94514876834452,238.0328826904297,36910600
2021-04-06,236.63758894050287,238.34826175018762,235.93994171916324,236.8765106201172,22931900
2021-04-07,236.82871391899718,239.8104516951834,236.23619284363235,238.8260955810547,22719800
2021-04-08,241.5689234077923,242.87820947789177,240.83304058952368,242.02764892578125,23625200
2021-04-09,241.66450935083208,244.646261995429,241.25357103856228,244.51246643066406,24326800
2021-04-12,243.42297254578972,246.25181167284637,243.3369496576039,244.56979370117188,27148700
2021-04-13,245.85998537594716,247.70445382432965,245.4490179032841,247.03546142578125,23837500
2021-04-14,246.07020829480427,247.3603619356715,243.8530082747752,244.26394653320312,23070900
2021-04-15,246.50026676594953,248.4116401910308,246.30914692258776,248.00070190429688,25627500
2021-04-16,247.9720336082455,249.43423311853752,246.18490411402684,249.1857452392578,24878600
2021-04-19,248.660156360658,249.89300052637145,246.39518326067673,247.27439880371094,23209300
2021-04-20,246.3951997829252,248.66973923651958,245.45861613578364,246.81570434570312,19722900
2021-04-21,247.46555615795987,249.12844195003234,245.85044304245912,249.03286743164062,24030400
2021-04-22,248.67923824586626,250.17967342609856,244.31175743059978,245.7739715576172,25606200
2021-04-23,246.4524605409876,249.9216075016117,245.86947655978645,249.57754516601562,21462600
2021-04-26,250.064949037238,250.81038338816714,248.64098539430344,249.95980834960938,19763300
2021-04-27,249.98852001000546,251.52719079897994,248.5932255615848,250.3612518310547,31014200
2021-04-28,244.73220462374266,245.17184144601245,241.74091556835788,243.27957153320312,46903100
2021-04-29,244.13972189863736,244.7513607810362,237.96597962533752,241.3204345703125,40589000
2021-04-30,238.6732026105505,241.86519270079532,238.53940705534927,241.00506591796875,30945100
2021-05-03,242.1710003473486,243.0789143649509,239.99203587034623,240.69924926757812,19626600
2021-05-04,239.84872302638533,240.07809311354603,234.86958826445405,236.80963134765625,32756100
2021-05-05,238.02333610804502,238.4438406050571,234.92692041663318,235.54811096191406,21901300
2021-05-06,235.52901416460628,238.787909724678,233.84701060906457,238.66366577148438,26491100
2021-05-07,240.97639942940194,243.03113461686635,240.03983053154383,241.27267456054688,27032900
2021-05-10,239.75307869922185,240.57496971061474,236.16925415813992,236.22659301757812,29299900
2021-05-11,233.71319412843349,235.6723548531134,231.8209384749103,235.31874084472656,33641600
2021-05-12,231.4386591674871,233.55073330745444,227.52035223071903,228.4091339111328,36684400
2021-05-13,231.08509877823693,234.71671196885003,230.7219330843881,232.26058959960938,29624300
2021-05-14,234.6975637956637,238.13802749239937,234.61155548433553,237.15367126464844,23901100
2021-05-17,235.62456255687053,235.6627836091261,232.7288329763286,234.3152618408203,24970200
2021-05-18,235.35697738232508,235.4907729425289,232.1363031545397,232.30833435058594,20168000
2021-05-19,229.23345480523304,232.9883949759942,228.5533587131761,232.88302612304688,25739800
2021-05-20,233.68769674460555,237.50968232520998,233.5919015513451,236.10157775878906,21800700
2021-05-21,237.14570923286777,237.87370305685576,234.434868777639,234.8467559814453,21863100
2021-05-24,237.35639824386888,240.58450892855902,237.08818926220172,240.2205047607422,21411500
2021-05-25,241.16882349619877,242.10755492818512,240.25882769668084,241.1209259033203,17704300
2021-05-26,240.84311836926693,242.28954668456396,240.1917579060202,240.90060424804688,17771600
2021-05-27,240.5941215551288,240.89106621746035,238.7549676903661,238.81243896484375,24426200
2021-05-28,240.43123534348288,241.46576193477253,239.0518665550967,239.16680908203125,18270200
2021-06-01,240.6515985225494,240.7090697983866,236.561403484978,236.9828643798828,23213300
2021-06-02,237.6821383852985,238.77413648048068,235.48855390471664,236.8870849609375,19406700
2021-06-03,234.89462537591137,235.9674613279748,232.76810081643305,235.36399841308594,25307700
2021-06-04,237.32771657512865,241.0539221494448,237.088243171596,240.23013305664062,25281100
2021-06-07,239.45420630763013,243.39114906663502,239.2913661711621,243.12294006347656,23079200
2021-06-08,244.4160906173062,245.23030587769338,241.8776642631127,241.93515014648438,22455000
2021-06-09,243.1229386598986,244.7705165933857,242.54821134914607,242.91220092773438,17937600
2021-06-10,243.58275563871968,246.61927657838774,242.98886628752862,246.40853881835938,24563600
2021-06-11,247.1269091424967,247.60585584294424,245.8050115720476,247.03114318847656,18999700
2021-06-14,247.04074761199934,249.00444698400887,245.98705883099325,248.9469757080078,19150500
2021-06-15,248.83197177770197,249.0427095066787,246.82997796871686,247.48133850097656,18038900
2021-06-16,248.47753664071396,249.60784381199792,243.70723170634307,246.5426025390625,27220000
2021-06-17,245.28774070894647,250.72856755643323,245.2302694504055,249.9143524169922,27565500
2021-06-18,248.6978617304176,251.25542067246798,247.8549108828583,248.5062713623047,37202200
2021-06-21,248.87988544052254,252.42407369794967,247.05989371561796,251.57156372070312,26696100
2021-06-22,251.65779111329593,254.59853128657838,251.35125816575186,254.330322265625,24694100
2021-06-23,254.79001083282554,255.59463763792488,253.2956997329866,254.10032653808594,19518700
2021-06-24,254.95299559913406,256.57183832184967,254.29204659482548,255.46067810058594,21446900
2021-06-25,255.01997295194124,255.99701370596514,253.61186847057874,253.86090087890625,25611100
2021-06-28,254.98162143739555,257.577504111274,254.71341248104557,257.40509033203125,19590000
2021-06-29,257.5488508865929,260.2117939597386,256.69634077251254,259.9723205566406,19937800
2021-06-30,259.29219771509827,259.9339699994056,258.2480972924599,259.49334716796875,21656500
2021-07-01,258.2576514590782,260.393764479173,258.24809240227785,260.16387939453125,16725300
2021-07-02,261.33249401548636,266.2943749941608,261.02596110039144,265.9591064453125,26458000
2021-07-06,266.32319652571005,267.6067706350027,262.75024233617495,265.9687805175781,31565600
2021-07-07,267.63547550225076,268.8711664752793,265.4802148256769,268.1431579589844,23260000
2021-07-08,265.24061585092875,266.99357674160086,263.29609386369236,265.7387390136719,24618600
2021-07-09,264.1103530558396,266.34223167723803,263.7272015660929,266.23687744140625,23916700
2021-07-12,267.40552572361065,267.9898266674368,264.9341443751542,265.64300537109375,18931700
2021-07-13,265.83462337015317,270.94021266723723,265.71012175658416,269.1489562988281,26120100
2021-07-14,270.4612964858512,271.7161349148636,268.7370702579605,270.61456298828125,23113700
2021-07-15,270.1259657212331,270.6145007583491,268.04732397373385,269.1968078613281,22604200
2021-07-16,270.19307657220435,272.1375995678222,267.6929588734984,268.92864990234375,26186800
2021-07-19,267.18523908688275,268.5646081282036,262.89389472063215,265.3460998535156,32935600
2021-07-20,266.3231773819045,269.1393871259739,264.62771610030967,267.5588684082031,26259700
2021-07-21,267.15650513964744,269.66618156241043,265.6143105564195,269.5512390136719,24364300
2021-07-22,271.88850209711006,274.3598838297518,271.48620317580924,274.0916748046875,23384100
2021-07-23,275.2698498757222,277.7795261635657,274.4364872095776,277.4730224609375,22768100
2021-07-26,276.83117586382014,277.49212460846854,274.57056160813,276.8790588378906,23176100
2021-07-27,277.2430584755565,277.3867366280159,271.035928428635,274.4747619628906,33604100
2021-07-28,276.8216283504645,277.9327882988668,271.8788944693324,274.16827392578125,33566900
2021-07-29,274.18749223056574,276.4672839877571,274.034225725681,274.4365539550781,18168300
2021-07-30,273.16248327798326,274.58973513938895,271.9555281974139,272.9134216308594,20944800
2021-08-02,274.3023749668568,274.69511481884285,271.79269861607827,272.8272399902344,16267400
2021-08-03,273.401963651149,275.13574847156286,272.041742078418,275.0303649902344,17879000
2021-08-04,274.1682476532474,275.4805569222393,272.66434801294275,274.446044921875,16191300
2021-08-05,274.80055202884665,277.4347597296867,274.05339610482133,277.3293762207031,13900200
2021-08-06,276.36177802767656,277.3100829465394,275.50923904328334,277.2717590332031,16589300
2021-08-09,277.5496749205149,279.27387173431777,275.6913589689798,276.189453125,16117600
2021-08-10,276.6396738152466,277.07073764983113,273.19128006894726,274.3790588378906,18616600
2021-08-11,275.11667778044523,276.5056355221954,273.8235152678847,274.8676452636719,13955900
2021-08-12,274.56099216059465,277.76035263480225,274.28319488720257,277.6070861816406,14561300
2021-08-13,277.29103790576875,280.5670175063844,277.1185948484272,280.5191345214844,18249000
2021-08-16,280.84477083854165,282.40614177195425,277.80823587058995,282.1954040527344,22507600
2021-08-17,280.0784603423911,281.074648413446,278.8235931164337,280.7393798828125,20075300
2021-08-18,280.27878590638954,282.94682679080387,278.58004973759836,279.02154541015625,21813000
2021-08-19,277.0636542331081,285.490058075922,277.01567958739867,284.8182373046875,29850500
2021-08-20,287.64942035089217,293.52294577742174,286.0562697795544,292.1025390625,40817600
2021-08-23,291.03721689599007,293.10062411767575,289.6936049345583,292.3808288574219,22830200
2021-08-24,292.73598718389235,293.3406200208981,289.8376215126441,290.4326477050781,18175800
2021-08-25,292.0450447624562,292.32337391750315,288.321326942451,289.8472900390625,20006100
2021-08-26,288.8682755956676,290.25028508302194,286.9104532290402,287.0447998046875,17666100
2021-08-27,286.94883316309097,288.7531250293206,284.87581884584097,287.6494445800781,22605700
2021-08-30,288.9930892639242,291.9682498481404,288.9355079671407,291.3636169433594,16348100
2021-08-31,292.1602193870829,292.23698468985657,289.3578025746856,289.7225036621094,26285300
2021-09-01,290.6726548011196,292.89922956574026,289.348226203396,289.6745300292969,18983800
2021-09-02,290.02952050653766,291.1427780886664,288.0908531590959,289.02178955078125,16285600
2021-09-03,288.8683465578248,290.4135229329207,288.16776428642396,289.0123291015625,14747900
2021-09-07,288.8875324668998,288.96429776620096,286.1907010174333,288.0909423828125,17180400
2021-09-08,287.7070752289388,288.5036360740859,285.4901073055441,288.1197509765625,15046800
2021-09-09,288.7051331589924,289.9719800475994,285.0389683549398,285.2789001464844,19927000
2021-09-10,286.4017541506048,287.84134470048576,283.48417576872026,283.8008728027344,19633400
2021-09-13,285.56686392320825,286.51701392472955,282.2366088163071,285.0294189453125,23652900
2021-09-14,287.49592696697243,289.2522444456008,286.0947332155957,287.7166748046875,21853400
2021-09-15,291.0468952158528,293.02393100782655,289.66488563272827,292.5440673828125,28356300
2021-09-16,291.52675443497674,293.0143199346179,288.647572728406,292.9279479980469,19550800
2021-09-17,291.92030251442793,292.23699967637344,287.467153222757,287.79345703125,41372500
2021-09-20,284.39590711591853,286.68966885034547,277.8601681732073,282.4476623535156,38278700
2021-09-21,283.78175309872546,285.5572543702067,282.22699963878074,282.9275817871094,22364100
2021-09-22,284.7799778318743,288.12941774283956,282.64938141421806,286.5554504394531,26626300
2021-09-23,286.81448200996863,288.781911071233,285.5476350659735,287.4958801269531,18604600
2021-09-24,286.2194826708354,287.72623226962907,284.9718196101101,287.29437255859375,14999000
2021-09-27,284.21363131308823,284.5303284068583,281.14249251178086,282.3229675292969,23571700
2021-09-28,278.12892262453175,279.0694657966121,271.36285777992146,272.1018371582031,43186200
2021-09-29,273.6182975889951,275.2210260039281,271.6124707643782,272.5625915527344,26353700
2021-09-30,274.20369075422246,276.23830803362955,270.27840943903544,270.56634521484375,32343600
2021-10-01,270.7582465838053,278.301717984921,269.96168585473896,277.4571533203125,30086300
2021-10-04,275.8256432027342,276.1615536435043,268.9635982922401,271.7084045410156,31350700
2021-10-05,272.61052278816857,278.7047968877301,272.61052278816857,277.130859375,24993000
2021-10-06,274.270845855537,281.80471044780717,274.0117300480355,281.3056335449219,28002600
2021-10-07,283.29225249177205,284.69347521548,282.08301620161416,282.9755554199219,20430500
2021-10-08,284.29037692639525,284.69347521548,281.9294563433223,282.9755554199219,17685700
2021-10-11,281.12334424926865,285.96995558239155,280.96017771512624,282.3805847167969,19298600
2021-10-12,283.44585132765303,283.54182991335233,280.57627613312303,281.0849304199219,17974100
2021-10-13,283.03312739677557,285.3076759763524,281.6703020046008,284.3767395019531,23416300
2021-10-14,287.15996114857046,291.05645115386534,285.83553295482557,290.5574035644531,27262900
2021-10-15,290.1639632249141,292.1890031616516,288.4172524202229,291.9586486816406,25384800
2021-10-18,291.34451551392397,295.79763636243297,290.4999505369924,294.9147033691406,22729300
2021-10-19,295.9319350570906,296.84365846900545,294.8474384623916,295.8167724609375,17682100
2021-10-20,296.75725195686545,297.2275382211196,293.7820916523756,295.0297546386719,16537100
2021-10-21,294.7993649678428,298.49429060596367,294.0219591273545,298.2447814941406,16918100
2021-10-22,297.89937264623074,298.5615868809637,295.40407560259746,296.7093200683594,17449300
2021-10-25,296.90120994069343,296.9396072317386,294.1180067552253,295.72076416015625,17554500
2021-10-26,298.475142899543,299.81875504845516,296.171803603044,297.6209716796875,28107300
2021-10-27,303.27383257307736,312.9670843453073,303.27383257307736,310.15509033203125,52588700
2021-10-28,311.2682928158976,311.7865536762648,308.4179020167002,311.2875061035156,26297900
2021-10-29,311.07636256657173,318.6294104720148,310.8556147805,318.26470947265625,34766000
2021-11-01,318.01525586042806,318.14002510806927,313.2262255270214,316.10540771484375,27073200
2021-11-02,317.0075509960312,320.02110905104064,316.71003784901507,319.7139892578125,26487100
2021-11-03,320.4529410895813,321.41266839400566,317.33382735020217,320.5489196777344,21500100
2021-11-04,319.48363531417436,322.98663410539643,316.2397523503642,322.8906555175781,23992200
2021-11-05,324.8772834386426,325.1460058993081,320.95200246852335,322.52593994140625,22570100
2021-11-08,323.71593957200855,324.0518499151926,320.9711341206324,323.4184265136719,20897000
2021-11-09,323.53372933767673,325.0789058707678,321.057645229709,322.42047119140625,21307400
2021-11-10,321.0959739152807,321.1535552109362,316.63324777065986,317.477783203125,25500900
2021-11-11,317.90961275273645,320.32811458361215,317.1994240467713,319.0420837402344,16849800
2021-11-12,320.4721079279366,323.6488025020353,320.3473387102782,323.1593322753906,23831000
2021-11-15,323.94632259604236,324.2726263246895,320.5776708005054,322.5355224609375,16723000
2021-11-16,322.161233873272,326.95029273164477,321.9980966435647,325.8370056152344,20886800
2021-11-17,325.8851065761686,329.0099268651389,324.9813100529108,326.05816650390625,19053400
2021-11-18,325.1543261152059,329.2598774584323,324.1351564442823,328.12530517578125,22463500
2021-11-19,329.44260130183307,331.8078416400719,329.01954636756113,329.89447021484375,21963400
2021-11-22,331.3463268296399,336.2018344650954,326.47160009386823,326.7408142089844,31031100
2021-11-23,324.06784497801704,326.3754277340728,320.7122785777508,324.673583984375,30427600
2021-11-24,323.3275227878649,325.13511563845185,321.04881262656716,324.8947448730469,21661300
2021-11-26,321.4718896050423,324.9139862915625,315.4818391564863,316.98175048828125,24217200
2021-11-29,322.0392144330682,325.97167755508315,321.8469060388488,323.66412353515625,28563500
2021-11-30,322.4045459611877,324.7697863608636,316.3183410190401,317.8567199707031,42885600
2021-12-01,322.22180934894953,326.21195801552415,316.70290620086416,317.3663024902344,33337600
2021-12-02,317.5778100810167,320.6449430720415,315.17410268003374,316.79901123046875,30766000
2021-12-03,319.2027012508651,319.88537524190724,305.78040807041685,310.568603515625,41779300
2021-12-06,311.4724773249387,314.8376683407075,306.93427569570224,313.6261901855469,30032600
2021-12-07,318.8662948497607,322.8660390443126,317.38560254163633,322.01995849609375,31021900
2021-12-08,322.39489389495935,322.5775780301863,318.0585957516276,322.0679931640625,24761000
2021-12-09,321.52959065515364,323.52946273979535,319.327785978313,320.2700500488281,22214200
2021-12-10,322.0776255201496,329.7887095654795,321.894941380308,329.346435546875,38095700
2021-12-13,327.5580286364802,330.5482560904691,326.01964993405755,326.32733154296875,28899400
2021-12-14,320.3853706539691,321.75068944249216,311.6262451506804,315.6933288574219,44438700
2021-12-15,315.95294877643335,322.279524033455,312.0012673025278,321.76031494140625,35381100
2021-12-16,322.7794315194058,323.7890062177765,310.57821058980744,312.38580322265625,35034800
2021-12-17,308.5207023277349,312.405102273891,305.03051397428044,311.3282165527344,47750300
2021-12-20,307.72266611167277,310.36674473714834,305.3382067120296,307.58807373046875,28326500
2021-12-21,310.8379051743816,315.10689283678283,307.4823089268054,314.683837890625,24740600
2021-12-22,315.6548897596977,320.760362669551,313.2031195933652,320.3661804199219,24831500
2021-12-23,319.9334876096026,323.4333000256045,319.91426851160736,321.79876708984375,19617800
2021-12-27,322.53907121652355,329.2887004933562,322.5102279009017,329.2598571777344,19947000
2021-12-28,329.9329216504245,330.567504020854,327.21193737349995,328.1061096191406,15661500
2021-12-29,328.1541872836197,331.0386367329647,326.5965892757154,328.7791748046875,15042000
2021-12-30,328.7406647610165,329.91367522578065,325.76968573335654,326.25042724609375,15994500
2021-12-31,325.47164761227714,326.288884758608,322.9140990920403,323.3659973144531,18000800
2022-01-03,322.433341000755,324.98126516990294,317.0778734645708,321.8564453125,28865100
2022-01-04,321.9333330536582,322.28910640339575,313.5588245196175,316.3375244140625,32674300
2022-01-05,313.308871857317,313.5108044365724,303.8094433864934,304.19403076171875,40054300
2022-01-06,301.0883900628225,306.42463822029214,299.4923247910214,301.790283203125,39646100
2022-01-07,302.0499018859666,304.30939297872214,298.1462829521569,301.94415283203125,32720000
2022-01-10,297.56939515988586,302.597962334878,292.95428801782003,302.165283203125,44289500
2022-01-11,301.3095218517947,304.4150929012101,297.9539558539571,302.847900390625,29386800
2022-01-12,307.35726904389804,310.95320590504565,304.8670023701138,306.01116943359375,34372200
2022-01-13,308.1264806975711,308.5206922774309,292.2908533568236,293.0600280761719,45366000
2022-01-14,292.53126883368355,298.8482206128136,292.0505272250826,298.2521057128906,39846400
2022-01-18,292.3581471597959,297.8674260520063,290.1178753051929,290.9928283691406,42333200
2022-01-19,294.49264788128625,301.8191439350218,291.04092729643247,291.6466369628906,45933900
2022-01-20,297.16558676731063,299.6462002381442,289.541032877528,289.9833068847656,35380700
2022-01-21,291.03128783502143,292.39657724568343,284.2239718518976,284.6278076171875,57984400
2022-01-24,280.9453442370806,285.6661999443274,265.41737031888897,284.9547119140625,85731500
2022-01-25,280.2915581603582,283.6279058744891,274.1861636133682,277.3782653808594,72848600
2022-01-26,296.1272067657119,296.6175725961171,281.74342604783857,285.28167724609375,90428900
2022-01-27,291.0024659264915,295.46373205879246,286.4546404978711,288.29107666015625,53481300
2022-01-28,288.6661610944425,296.59839885177183,283.1087884211751,296.3868713378906,49743700
2022-01-31,297.05020471160907,300.34808458292423,294.56956197195456,299.00201416015625,46444500
2022-02-01,298.45396439636784,298.6654918462446,293.37733494145994,296.8675231933594,40950400
2022-02-02,297.7040073654435,302.9825400250582,296.98289506365415,301.386474609375,36636000
2022-02-03,297.5693697082304,299.2423701113963,288.40643772478234,289.6467590332031,43730000
2022-02-04,288.64681946632084,296.9059553802916,288.4160729228112,294.1561279296875,35096500
2022-02-07,294.37731117460294,295.98297161566165,288.3487929994967,289.3583679199219,28533300
2022-02-08,289.64680820459523,293.79079836630905,288.3968918064597,292.8293151855469,32421200
2022-02-09,297.9347607103794,299.9154135304483,295.5503014236904,299.22314453125,31284700
2022-02-10,292.3293112144285,297.21363213902004,289.1179613871902,290.7332458496094,45386200
2022-02-11,291.51210798469305,292.56974542474626,282.88760208602713,283.676025390625,39175600
2022-02-14,282.4549382210914,285.3297932381347,280.12816506880574,283.6375732421875,36359500
2022-02-15,288.45457654151164,289.21412712294915,285.57972189739905,288.8968505859375,27058300
2022-02-16,287.47084335612135,289.8795209046397,282.95216192287677,288.5595703125,29982100
2022-02-17,285.5343344781432,285.95826419364323,279.40667124960413,280.1100158691406,32461600
2022-02-18,282.34519885606585,283.1256081080043,275.8514129414356,277.4122314453125,34264000
2022-02-22,274.58919693436866,280.8903046336459,274.10746150115045,277.2098388671875,41736100
2022-02-23,279.58004589911764,281.04454083688285,269.8682698302373,270.03204345703125,37811200
2022-02-24,262.5555199373533,284.37813456051526,261.60166355056816,283.8289489746094,56989700
2022-02-25,284.3588691791243,286.75790276376836,280.9963351099328,286.4495849609375,32546700
2022-02-28,283.5592481567503,288.2128312016405,282.29710305164537,287.8756103515625,34627500
2022-03-01,285.5728578838848,289.01245712557574,281.47810528267394,284.17584228515625,31217800
2022-03-02,284.57087386389,290.4576988958387,282.97153735333467,289.2244567871094,31873000
2022-03-03,291.8258393249391,292.0570630305392,283.3087270663971,285.1104431152344,27314500
2022-03-04,283.539896997228,284.8598476008339,276.6799879839054,279.2716979980469,32356500
2022-03-07,277.9904231485337,279.1080535864359,268.3557084109104,268.7218322753906,43157200
2022-03-08,267.6523109324147,273.5872975701551,260.13724667838545,265.7735595703125,48159500
2022-03-09,273.0862641319039,279.0212499230222,270.52342735372963,277.96142578125,35204500
2022-03-10,272.68167772663327,276.13092196464873,270.33080504905854,275.1578063964844,30628000
2022-03-11,277.44118984064033,278.9345880109205,269.2227807529442,269.83941650390625,27209300
2022-03-14,270.0994808190958,274.97464216380376,265.7446020938021,266.3419494628906,30660700
2022-03-15,270.1091142008014,277.3062441058317,268.5482958074122,276.66070556640625,34245100
2022-03-16,278.54916547604324,283.80973979385806,272.8550761301039,283.6363220214844,37826300
2022-03-17,282.5764817272433,284.81171260660994,278.7996616158856,284.43597412109375,30816600
2022-03-18,284.58046582678224,290.00481304770483,282.0369173074508,289.45562744140625,43390600
2022-03-21,287.9718985278678,289.17623743354596,284.12762874703543,288.2320251464844,28351200
2022-03-22,288.8486068783485,293.85866806216893,287.856232880349,292.9530029296875,27599700
2022-03-23,289.5326860173236,292.1533283713497,286.84459363513463,288.5499267578125,25715400
2022-03-24,288.2127985858923,293.0879606698215,287.4227451186162,292.9916076660156,24484500
2022-03-25,294.08028132501425,294.3404079254056,288.3572608939785,292.5868835449219,22566500
2022-03-28,293.2131884282858,299.4468485037341,293.2131884282858,299.35052490234375,29578200
2022-03-29,302.4433121800482,304.2835460913771,297.7608258637069,303.8885192871094,30393400
2022-03-30,302.298756961056,304.40876140768165,300.1983672332794,302.39508056640625,28163600
2022-03-31,302.43362184596117,303.6283461991608,296.64317958234875,297.0478210449219,33422100
2022-04-01,298.0690878498517,298.8013353889546,294.3790059993479,298.1172790527344,27110500
2022-04-04,298.76270406982104,303.5993176653501,298.3965804034997,303.4644470214844,24289600
2022-04-05,301.82660661689823,303.3681663887453,298.5508104784777,299.52392578125,23156700
2022-04-06,294.041722765152,295.7856029580551,285.8714779355689,288.5595703125,40110400
2022-04-07,285.82344681690086,292.5581029125743,285.52477301656273,290.36138916015625,31411200
2022-04-08,289.46525511827485,290.1204083993762,285.4572118764955,286.12200927734375,24361900
2022-04-11,281.13127920546333,281.9213032700954,274.58930130303617,274.8398132324219,34569300
2022-04-12,278.6744307786593,280.119637735793,270.24405686204636,271.7567138671875,30966700
2022-04-13,272.40225746800036,278.03854117973947,271.0244711313333,277.1136169433594,21907200
2022-04-14,277.56643644763085,277.7784013045191,269.1168039398963,269.608154296875,28221600
2022-04-18,268.72168356502846,272.1419936429615,268.17249807222686,270.2728576660156,20778000
2022-04-19,269.1746530463071,275.7166322943476,268.24008458230134,274.8783874511719,22297700
2022-04-20,278.82852699073885,279.11758595882566,274.94573968215394,275.8995666503906,22906700
2022-04-21,278.0384353491604,282.5860194343852,269.82967339483776,270.5522766113281,29454600
2022-04-22,271.39056854763874,272.8550636325426,263.393769113378,264.02001953125,29405800
2022-04-25,263.30702351755633,270.8413451266627,260.8790575428307,270.4656066894531,35678900
2022-04-26,267.3632511079873,268.19182220528097,260.13721729425794,260.34918212890625,46518400
2022-04-27,271.795306311475,280.34129350642957,268.96269785054045,272.8743896484375,63477700
2022-04-28,274.77235637930573,280.35086291082894,271.1785981856094,279.0501708984375,33646600
2022-04-29,278.0673990236614,279.2910262219157,266.3997773201998,267.38250732421875,37073900
2022-05-02,267.56556930704056,274.5314764230111,266.1300066784379,274.0786437988281,35151100
2022-05-03,273.5872988286567,273.7511018849256,269.9164755719785,271.4869384765625,25978600
2022-05-04,272.2672643508038,280.254447114598,266.62133844584713,279.3873291015625,33599300
2022-05-05,275.10958168100854,275.88999102064156,264.318692205309,267.21875,43260400
2022-05-06,264.77155329439324,269.049368342921,261.3608565604997,264.6944885253906,37780300
2022-05-09,260.1949931476496,262.4109648333538,253.701207586284,254.9151611328125,47726000
2022-05-10,261.7654605643178,263.75020864058513,255.38728670730274,259.65545654296875,39336400
2022-05-11,255.97499051527322,261.447499215182,249.82804029550908,251.03237915039062,48975900
2022-05-12,248.27688839647124,250.3868926130945,240.88706627938942,246.02236938476562,51033800
2022-05-13,247.949343073978,253.43149708204328,246.02240048844536,251.5816192626953,34925100
2022-05-16,250.46392397407843,256.1098795725535,246.4366220731242,251.9476776123047,32550900
2022-05-17,256.38924817495007,258.52815492499775,252.87258498124666,257.0733337402344,28828800
2022-05-18,253.98312086554714,254.56255593288276,244.10385759056012,245.3689422607422,31356000
2022-05-19,245.19507408358177,248.8358391110842,243.2443400632524,244.4611358642578,32692300
2022-05-20,248.42057161150723,249.6760190694131,237.99085911430905,243.90103149414062,39199300
2022-05-23,246.73057447845937,252.53451735450935,244.74118884717117,251.71365356445312,33175400
2022-05-24,249.0483104249833,252.3703436440929,244.80880649372511,250.71897888183594,29043900
2022-05-25,249.28966362068385,255.50884059254616,248.31428212057364,253.51947021484375,28547900
2022-05-26,253.2781100641193,257.9521680064266,252.46691284814418,256.7836608886719,25002100
2022-05-27,259.2752549960121,263.96861721941957,258.3867839504424,263.8720397949219,26910800
2022-05-31,263.1863562668899,265.3495488346776,259.70977573202504,262.5489807128906,37827700
2022-06-01,265.7647953206282,268.1694163803511,260.7817020928469,263.0801086425781,25292200
2022-06-02,255.38337667898296,265.23365327445924,252.63108267756797,265.1660461425781,44008200
2022-06-03,261.04245577782234,264.0748154478667,259.2076029156242,260.76239013671875,28059000
2022-06-06,262.73246453455715,264.7797759619563,258.0584066884809,259.53594970703125,22400300
2022-06-07,257.49827263962237,263.76575382395623,256.82226032251066,263.1573486328125,22860700
2022-06-08,262.3943946678697,263.6401751761552,260.36638742610467,261.13897705078125,17372300
2022-06-09,258.5991944855066,263.36016296929256,255.55719774199142,255.7117156982422,26439700
2022-06-10,251.64602827171365,251.64602827171365,243.87203349036625,244.31626892089844,31422800
2022-06-13,236.70642597708846,240.48237551040242,233.24916419131782,233.95413208007812,46135800
2022-06-14,235.49932172717016,237.31487111467933,233.22988499278367,236.10772705078125,28651500
2022-06-15,239.79673406143797,246.54708847653447,237.97153296010552,243.12844848632812,33111700
2022-06-16,237.5466256119709,238.9372578860195,234.6881168136664,236.57125854492188,33169200
2022-06-17,236.31049083013178,241.9116415660145,235.6634634572943,239.1593475341797,43084800
2022-06-21,241.67990380993942,246.01597077834313,240.9556173405233,245.0406036376953,29928300
2022-06-22,243.253984977507,248.35297445153836,241.78609384504884,244.45147705078125,25939900
2022-06-23,246.8078191002136,250.47752474998597,244.93432941875366,249.98500061035156,25861400
2022-06-24,252.8338959418169,258.79237173531016,252.74698510975713,258.52197265625,33923200
2022-06-27,259.014440327957,259.10135115094255,254.253471928492,255.80828857421875,24615100
2022-06-28,254.9294466996231,257.75898446985053,247.53206654192712,247.68658447265625,27295500
2022-06-29,248.75859390135693,252.98843151702386,246.99133318160082,251.33706665039062,20069800
2022-06-30,248.23707094153858,250.6320551562228,244.22935890804,248.0246124267578,31730900
2022-07-01,247.59973919232516,250.86383187727745,245.88075254538774,250.6803436279297,22837700
2022-07-05,247.37761951989364,253.9638045325972,246.00630564678934,253.8382568359375,22941000
2022-07-06,254.70741739613206,258.8020409501888,253.40369581093594,257.08306884765625,23824400
2022-07-07,256.0304528288306,259.8353737242691,255.93387539808108,259.197998046875,20859900
2022-07-08,255.71173945693104,258.9082544536916,254.26316663768768,258.48333740234375,19658800
2022-07-11,256.54227590235445,257.39211012267776,253.19124247116224,255.44137573242188,19455200
2022-07-12,256.76433395035434,256.822274498301,243.39882584810758,244.9729461669922,35868500
2022-07-13,241.6122686543637,244.8570720526818,239.60357943296265,244.05552673339844,29497400
2022-07-14,241.97928690307253,246.39259810880876,237.5080204020861,245.3689422607422,25102800
2022-07-15,246.9526960395664,251.44326589652985,246.03526953214475,247.9184112548828,29774100
2022-07-18,250.84451446983314,251.89714046464383,244.6156545937457,245.5330810546875,20975000
2022-07-19,248.74886295733143,250.815507255263,244.9825802573405,250.63201904296875,25012600
2022-07-20,250.98941181771295,255.78901825254198,250.0333630587044,253.2781524658203,22788300
2022-07-21,250.88321967054287,255.8083742550317,248.21783565442738,255.76007080078125,22404700
2022-07-22,256.14625752229273,256.2331683426446,250.18781200275956,251.43356323242188,21881300
2022-07-25,252.05162349916128,252.5344810154432,248.00527515501608,249.9560089111328,21056000
2022-07-26,250.95075721193598,250.97009037906219,241.01356825164817,243.263671875,39348000
2022-07-27,252.20613823088766,260.7913294360416,249.97533889176114,259.5262451171875,45994000
2022-07-28,260.5016230921822,268.3142539608766,258.6860741639379,266.93328857421875,33459300
2022-07-29,268.17914544538223,272.33170936707273,267.1458230211277,271.1148986816406,32152800
2022-08-01,268.2950273632756,271.63639399506593,266.38290049065427,268.478515625,21539600
2022-08-02,266.5374558232472,268.3626721126067,263.0415707195236,265.3979187011719,22754200
2022-08-03,267.2713577584934,273.7802690088794,267.12647689627147,272.78558349609375,23518900
2022-08-04,272.13850053519735,274.0699307149256,270.5644096945988,273.9250793457031,18098700
2022-08-05,269.5794415241089,273.9251607194615,269.125554118187,273.2105407714844,16774600
2022-08-08,274.3114811243523,276.1173938990677,269.7436655854277,270.7093811035156,18739200
2022-08-09,270.05259210657965,273.37462502798235,268.0921621074516,272.6213684082031,23405200
2022-08-10,278.29022801202103,279.8739859897657,277.1023874252405,279.24627685546875,24687800
2022-08-11,280.87827114074025,281.2259144656879,276.687070719345,277.1795654296875,20065900
2022-08-12,278.58949041203584,281.9018859863281,277.1022809714472,281.9018859863281,22619700
2022-08-15,281.02312948938925,284.09409682100915,280.1636287959346,283.408447265625,18085700
2022-08-16,281.9792138029151,283.95894794046416,280.46306311134526,282.6745300292969,18102900
2022-08-17,280.4002359720042,283.8938831580585,280.1389500408416,281.9293212890625,18253400
2022-08-18,280.8357509194147,282.5003080383182,279.76151632304703,280.81640625,17186200
2022-08-19,279.5873182545467,279.9260419302894,276.35498651754625,276.92596435546875,20570000
2022-08-22,272.98719375507784,273.3549492553272,268.2838690742468,268.7967834472656,25061100
2022-08-23,267.5289611816406,269.87093596211275,266.52247730381634,267.5289611816406,17527400
2022-08-24,266.5321774149117,268.29351690361904,266.24183017802443,266.8999328613281,18137000
2022-08-25,268.3903061400595,270.02583166772644,265.6708883290783,269.861328125,16583400
2022-08-26,270.0838799821935,271.3032734990673,259.3417106465169,259.4481506347656,27549300
2022-08-29,257.28030737067536,258.78033116845745,255.34477754961907,256.6802978515625,20338500
2022-08-30,258.0738909142503,258.4416167849743,252.25761414315465,254.49314880371094,22767100
2022-08-31,256.83510906120074,258.49963612980343,252.90595688448272,253.0414581298828,24791800
2022-09-01,250.52533262450333,252.48023691824085,247.17687383626492,252.00601196289062,23263400
2022-09-02,253.2641326770218,256.20611724920184,246.26718053225406,247.80592346191406,22855400
2022-09-06,247.94142082307454,249.51885306650013,243.81873220604314,245.0865020751953,21328200
2022-09-07,246.48975437812405,250.48661397846638,245.0574662441124,249.77047729492188,24126700
2022-09-08,249.20919235362013,252.0350498159717,246.57685541782593,250.18661499023438,20319900
2022-09-09,252.10276352799647,256.68030226569743,251.8995411627663,255.9351043701172,22084700
2022-09-12,257.2125536578714,258.82873403398463,256.6125441459456,258.05450439453125,18747700
2022-09-13,250.49632403928555,252.00603528741846,243.48002680941664,243.8671417236328,33353300
2022-09-14,245.35746095813147,246.03489350941175,241.8057651557058,244.08969116210938,23913000
2022-09-15,241.71868768706014,243.2961347228246,236.1540384880937,237.47019958496094,31530900
2022-09-16,236.38629220933913,237.3927761581187,234.2572119949683,236.850830078125,39791800
2022-09-19,234.65400280433187,237.23793382536144,233.0862280822725,236.63792419433594,26826900
2022-09-20,234.2669028613096,235.66047218929285,231.91522600942378,234.6346435546875,26660300
2022-09-21,236.3959688481416,239.6766917207571,231.19906057717108,231.24745178222656,28625600
2022-09-22,230.20227093577722,235.99918898239684,229.91195323025747,233.21202087402344,31061200
2022-09-23,231.8184307644762,233.35718839815166,227.61833404254136,230.2506561279297,34176000
2022-09-26,229.40873723986832,233.66689809479655,229.26356360374658,229.79583740234375,27694200
2022-09-27,232.24421970145121,234.0055589313427,226.94087211261905,228.789306640625,27018700
2022-09-28,229.17639967038852,234.51846596138094,227.16344694092876,233.29908752441406,29029700
2022-09-29,231.18941598968382,232.21524468551831,226.85383225435683,229.84422302246094,27484200
2022-09-30,230.60870866268925,232.7861798495217,225.22793778149074,225.3924560546875,35694800
2022-10-03,227.8215623611014,233.82170241211634,227.0957386105692,232.97975158691406,28880400
2022-10-04,237.18953820241006,242.28966427196394,237.08308345370094,240.8573760986328,34888400
2022-10-05,238.06055067024138,242.50258909201375,236.23147515733956,241.1670684814453,20347100
2022-10-06,239.93795297204747,242.2702700067914,238.14759670449743,238.83470153808594,20239900
2022-10-07,233.13462052161643,233.5410948826366,225.65379998930908,226.68931579589844,37769600
2022-10-10,225.53763257488384,226.99895238528188,219.42135078516142,221.86012268066406,29743600
2022-10-11,220.28265795591057,221.67624187674608,216.8858082240652,218.14390563964844,30474000
2022-10-12,218.1342225142281,220.51493088352666,216.74065333491876,218.4729461669922,21903900
2022-10-13,212.7631757709487,228.48935957942223,212.0663836762347,226.68931579589844,42551800
2022-10-14,227.94737889006004,229.5925913283704,220.9794733149992,221.1923828125,30198600
2022-10-17,228.21837517177028,231.2571570244088,227.5602872186214,229.8732452392578,28142300
2022-10-18,235.39916206358598,236.06690750411659,227.7828415320167,230.81195068359375,26329600
2022-10-19,229.39903227367395,231.88619566301972,226.73767825485612,228.85708618164062,19985700
2022-10-20,228.16996380022994,233.53137553473397,227.29896641864062,228.53770446777344,21811000
2022-10-21,227.17315124335872,235.16688446931025,226.94088233766772,234.31524658203125,26299700
2022-10-24,235.90240190553322,239.85088505869388,233.52170816579923,239.2799072265625,24911200
2022-10-25,239.28959165367502,242.94774252500142,237.9056946583769,242.5800018310547,34775500
2022-10-26,223.71826021026072,230.61843021635175,222.64404034026404,223.86343383789062,82543200
2022-10-27,223.5924250678105,226.15701124638468,218.50198634809382,219.4407196044922,40424600
2022-10-28,218.94715681380413,228.97320270821285,218.76327910286216,228.2667236328125,40647700
2022-10-31,226.22473999169745,227.34735093033876,223.69887276321543,224.6472930908203,28357300
2022-11-01,227.03766243441322,228.14091388312903,220.00200713618008,220.81492614746094,30592300
2022-11-02,222.06337802281334,223.8440621960301,212.94701812750728,213.00509643554688,38407000
2022-11-03,212.9953870246754,213.30507890075714,207.08234251389777,207.34364318847656,36633900
2022-11-04,210.53731016893326,214.4470748558158,206.55010773152472,214.25352478027344,36789100
2022-11-07,214.8341938279996,221.047244401779,214.14707406489467,220.52464294433594,33498000
2022-11-08,221.32785232766216,224.18275612145348,218.5600438397234,221.49237060546875,28192500
2022-11-09,220.0406963347761,221.26008953603755,217.09869759308222,217.27288818359375,27852900
2022-11-10,227.84090847628838,235.4862608906142,227.42477661146236,235.1475372314453,46268000
2022-11-11,235.15722211445575,239.99604710310476,234.1313788126477,239.1444091796875,34620200
2022-11-14,234.18946032496393,236.0475673740293,231.49907477577239,233.76364135742188,31123300
2022-11-15,237.74119127906528,239.03799304138178,232.2926687365524,234.17013549804688,31390100
2022-11-16,235.62582643468144,236.60603316606853,233.32576434985185,234.59710693359375,24093300
2022-11-17,230.76366974368625,236.07226408161256,230.61810181463593,234.548583984375,23123500
2022-11-18,236.32460928740483,236.54783321127658,231.97680729240216,234.10218811035156,27613500
2022-11-21,234.30595375905,237.45035420758848,234.0730450796648,234.9076690673828,26394700
2022-11-22,236.40223227361014,238.07148033059326,233.6072243246812,237.79974365234375,19665700
2022-11-23,237.87737314142396,240.9538320187203,237.06216314669393,240.2744903564453,19508500
2022-11-25,240.01246797791015,241.3614517929226,239.44958062083853,240.18716430664062,9200800
2022-11-28,238.81875468278062,239.37192761122702,233.69455635778226,234.626220703125,24778200
2022-11-29,234.27685297681788,235.6258367832805,231.18099474535325,233.23843383789062,17956300
2022-11-30,233.47133933183883,247.79580032500542,232.78228328422537,247.6114044189453,47594200
2022-12-01,246.37891746379069,248.56252551104194,243.51596765243588,247.1747283935547,26041500
2022-12-02,242.44837741835488,248.504239491352,242.32220868898867,247.49493408203125,21528500
2022-12-05,244.57378861196725,246.3303923254423,240.74034652754588,242.81719970703125,23435300
2022-12-06,243.41888770234414,244.42819318650004,236.58661356400265,237.88706970214844,22463700
2022-12-07,237.60564320065706,238.89639979977625,235.0629579890975,237.15921020507812,20481500
2022-12-08,237.61533452681962,241.4002634352855,235.88785939315616,240.09979248046875,22611800
2022-12-09,237.47948221736485,240.98296029845363,236.95542284837845,238.17823791503906,20609700
2022-12-12,240.14831706074776,245.08811932166867,239.8765804009923,245.0590057373047,30665100
2022-12-13,253.96813536884156,256.13234388565945,245.6024963823434,249.33889770507812,42196900
2022-12-14,249.54269464575677,254.8415744130712,246.80589919892807,249.63003540039062,35410900
2022-12-15,246.2333334693487,246.69916567601095,240.04158720461845,241.6623077392578,35560400
2022-12-16,241.21585785298825,242.46778637167077,236.32456849542362,237.46975708007812,86102000
2022-12-19,237.63476384948163,237.97444210459676,231.66624165874438,233.35488891601562,29696400
2022-12-20,232.33584867761797,235.74228609848038,231.38477037827317,234.6650390625,25150800
2022-12-21,234.55829818550004,238.37232600874938,233.02491849714485,237.21743774414062,23690600
2022-12-22,234.14097913275145,234.84944921071,226.96904125544336,231.1615753173828,28651700
2022-12-23,229.14296825844733,231.821522034393,227.03700146219919,231.68565368652344,21207000
2022-12-27,231.65652750812146,231.8797366085177,228.87121912390276,229.96788024902344,16688600
2022-12-28,229.8999205275325,232.6464155156222,227.26018028486453,227.60955810546875,17457100
2022-12-29,228.69652150065144,234.7815128184782,228.69652150065144,233.8983612060547,19770700
2022-12-30,231.18100636407286,232.87936810259998,229.67674014824095,232.74349975585938,21938500
2023-01-03,235.90728230837536,238.49849510687616,230.39487805775428,232.51055908203125,25740000
2023-01-04,225.4259409938991,225.9985278733158,219.2924376104367,222.33978271484375,50623400
2023-01-05,220.49584400645332,220.83552222933494,215.21636361108918,215.75013732910156,39585600
2023-01-06,216.41983372647684,219.0983877724653,212.87754192297996,218.29287719726562,43613600
2023-01-09,219.7679543800602,224.4166202823216,219.72914120805405,220.41818237304688,27369800
2023-01-10,221.0393352972296,224.48458614807703,220.62203068917864,222.09718322753906,27033900
2023-01-11,224.4651718383663,228.98766979827053,224.2904903213458,228.81298828125,28669300
2023-01-12,228.31799199232134,232.82107525435615,226.66815819703726,231.4720916748047,27269500
2023-01-13,230.0066742453539,232.30673624907553,227.98804849183014,232.17086791992188,21333300
2023-01-17,230.948051370512,233.80130107166906,230.0940134168222,233.25782775878906,29831300
2023-01-18,234.4418522484385,235.22794870990262,228.57037036509706,228.851806640625,30028700
2023-01-19,226.88168988104673,228.57035182284125,223.87315781209423,225.08627319335938,28623000
2023-01-20,227.92981370488926,233.6363129556783,227.5901354890902,233.13165283203125,35389800
2023-01-23,233.98568794215404,237.93558370839386,232.5784623295547,235.42201232910156,31934000
2023-01-24,235.34439747923588,236.75160844059997,233.3451855854794,234.89796447753906,40234400
2023-01-25,227.5610395748184,236.1207891156233,224.08667522306712,233.51016235351562,66526600
2023-01-26,236.46043582898827,240.98293336442927,234.85912950577273,240.6820831298828,33454500
2023-01-27,241.6428822092,242.45809218411858,239.54661529494882,240.83737182617188,26498900
2023-01-30,237.2950768809861,238.35292478678218,235.05324194345323,235.54820251464844,25867400
2023-01-31,236.26634887736424,240.6335642533175,235.78110272448055,240.49769592285156,26541100
2023-02-01,240.68209268360533,247.65022035562143,238.22674832599188,245.29193115234375,31259900
2023-02-02,251.18282257259764,256.8796075980904,249.65914256333582,256.7922668457031,39940400
2023-02-03,251.88161873138833,256.4041171018203,249.51361478434532,250.7267303466797,29077300
2023-02-06,249.84355651391297,250.67816573061054,247.26204327207444,249.1933135986328,22518000
2023-02-07,252.84235731907512,260.83920438047807,252.40562393796253,259.6649169921875,50841400
2023-02-08,265.13852274513965,268.59347315321855,258.35476105655573,258.85943603515625,54686000
2023-02-09,265.7208390034506,265.8955501652922,255.0454213286766,255.8412322998047,42375100
2023-02-10,253.81285255852234,256.2973105018647,252.96852898785733,255.33653259277344,25818500
2023-02-13,259.742590569191,266.49720913120274,259.26702917112374,263.3139953613281,44630900
2023-02-14,264.6240704698557,266.85619025506884,261.33408832644074,264.1388244628906,37047900
2023-02-15,261.0547562578646,263.39950469785816,258.9726863891012,262.0276794433594,28922400
2023-02-16,256.87119590508456,259.5175484370859,254.80860328435423,255.0518341064453,29603600
2023-02-17,252.36654467181947,253.04757304733442,249.06832101285343,251.07254028320312,30000100
2023-02-21,247.58949511011687,248.57215705654002,244.7777476181148,245.82850646972656,28397400
2023-02-22,247.21003358389876,247.45326436545926,243.56157186049097,244.69989013671875,22491100
2023-02-23,248.6402152353794,249.88555556651798,243.69776430121092,247.87161254882812,29219100
2023-02-24,243.19186174048357,244.20369522047608,241.38222420199676,242.47189331054688,24990900
2023-02-27,245.6242009691581,245.97445391978178,242.6373195783351,243.386474609375,21190000
2023-02-28,242.32595921726772,244.68043129479227,241.99515408663171,242.66647338867188,22491000
2023-03-01,243.9701913432016,244.13558648881542,239.1347623459425,239.60177612304688,27565300
2023-03-02,239.8742028427946,244.592871158647,238.95965271701235,244.31072998046875,24808200
2023-03-03,245.36148024067188,248.69859936512998,244.58313878749726,248.37753295898438,30760100
2023-03-06,249.48667584365674,253.07676463691814,249.04886339595808,249.91476440429688,24109800
2023-03-07,249.36015006899643,250.71252727477477,246.52895545521775,247.26837158203125,21473200
2023-03-08,247.16138722750551,247.64784879607657,244.0188496513126,246.83059692382812,17340200
2023-03-09,248.8931916251687,252.53191447494493,244.76799238551584,245.4879608154297,26653400
2023-03-10,244.2815161845472,245.94520625250482,240.89574819649772,241.8589324951172,28333900
2023-03-13,240.7011840514009,250.92661597294014,239.0764041542882,247.04464721679688,33339700
2023-03-14,249.79806490605014,254.00110081635123,248.9321637364231,253.7286834716797,33620300
2023-03-15,252.9405940179142,259.26459506275955,252.19142412250247,258.25274658203125,46028000
2023-03-16,258.0289586598438,269.07164313641664,256.1512239726221,268.7214050292969,54768800
2023-03-17,270.72555782486927,275.6582547664565,268.8380848690044,271.8638610839844,69527400
2023-03-20,269.4802718017387,269.96673338942173,262.5433248107774,264.85888671875,43466600
2023-03-21,267.43710366119547,267.5538496813645,262.2222204606799,266.36688232421875,34558700
2023-03-22,265.9971973475459,273.43034485869043,264.81022985408475,264.9172668457031,34873300
2023-03-23,270.41426299778846,273.44977847868375,267.7484630649204,270.141845703125,36610900
2023-03-24,269.7332022897182,273.03142599171395,267.8262812456373,272.9730529785156,28172000
2023-03-27,272.9048917232196,273.83888945620816,268.05972466794566,268.8964538574219,26840200
2023-03-28,268.32245293412296,268.66298193563654,264.68370058234905,267.7776184082031,21878600
2023-03-29,271.4066545555062,273.5276497515444,270.87155865821495,272.9147033691406,25087000
2023-03-30,276.53394388967973,276.7576972006701,273.8584053599599,276.3587951660156,25053400
2023-03-31,276.0474474143603,281.4374193382453,275.3372029511124,280.4936828613281,32766000
2023-04-03,278.761931454292,280.46454697415277,276.26154151333856,279.4527282714844,24883300
2023-04-04,279.4527472277195,282.5855611844231,277.93498937950386,279.4040832519531,25824300
2023-04-05,278.1100534490355,279.37484150873803,275.25939610333745,276.64093017578125,22064800
2023-04-06,275.5415076837403,284.1713297291427,274.3934656981096,283.704345703125,29770300
2023-04-10,281.3791420104247,281.75859635291374,277.0009871179317,281.5542907714844,23103000
2023-04-11,278.0127931758795,278.2365761916983,274.0140932371224,275.1718444824219,27276600
2023-04-12,277.07875205265157,279.23864232032844,274.32536331001984,275.8139343261719,27403400
2023-04-13,275.91126538247534,282.05040792429327,275.50265429718814,281.9920349121094,24222700
2023-04-14,279.22900330153806,280.6689405579413,276.00862936698525,278.3923034667969,20987900
2023-04-17,282.0796326398558,283.70442754241606,278.4117226515916,280.980224609375,23836200
2023-04-18,283.6751635426458,283.86002128619106,279.2386370800672,280.5617980957031,20161800
2023-04-19,278.2463272755176,281.2234702218599,276.8356062940719,280.6397399902344,17150300
2023-04-20,277.52633742538336,281.20398586251105,277.3609274204324,278.363037109375,23244400
2023-04-21,277.2927991907115,278.5186620047946,275.3955874268566,278.0224914550781,21676400
2023-04-24,274.45190651995864,277.234482358,271.173160031667,274.14056396484375,26611000
2023-04-25,271.94168388036366,273.97508913803705,267.91376890254406,267.9624328613281,45772200
2023-04-26,288.66631890750085,291.45860367890464,284.80381270160626,287.372314453125,64599200
2023-04-27,287.9560567732343,296.936147852177,287.2555509397699,296.5761413574219,46462600
2023-04-28,295.7783383038111,300.5651029592613,295.097280309873,298.9403381347656,36469600
2023-05-01,298.65820207273595,300.2440714597597,296.887474923344,297.286376953125,21294100
2023-05-02,299.42687857918656,300.8084130116415,295.6811180076152,297.1405029296875,26404400
2023-05-03,298.31772775720617,300.2538355598004,295.856233076209,296.1578369140625,22360800
2023-05-04,297.9480161890788,299.42687857918656,295.1849176329067,297.1405029296875,22519900
2023-05-05,297.442082171176,303.5228521768905,296.03133165334634,302.23858642578125,28197100
2023-05-08,301.7326615616671,301.8007733081372,297.8020437181864,300.292724609375,21318600
2023-05-09,299.66033160181695,301.6451031506541,298.0160890953245,298.6874084472656,21340800
2023-05-10,300.2635487654328,304.52495706862396,299.33928955394174,303.8536376953125,30078000
2023-05-11,301.70342572575834,302.6957964886429,297.9674049998212,301.713134765625,31680200
2023-05-12,302.14130111816417,302.23859938067807,298.2982721245842,300.6040954589844,19774700
2023-05-15,300.73054195833356,301.50886857686805,299.26141854774806,301.0807800292969,16336500
2023-05-16,301.4407853698495,305.21573217875385,301.4407853698495,303.299072265625,26730300
2023-05-17,304.49838322404014,306.5849748220485,302.98703781876026,306.16571044921875,24315000
2023-05-18,306.68249676156313,311.07998209113083,305.89270858681226,310.57293701171875,27276000
2023-05-19,308.83734438329236,310.7972045125446,308.47658062453104,310.3974304199219,27546700
2023-05-22,310.65094892902596,314.5413890695808,310.0756729757329,313.16656494140625,24115700
2023-05-23,312.0452031592295,314.6680896434004,307.38446605372087,307.39422607421875,30797200
2023-05-24,306.87751903685313,308.60334694737196,304.81038789466385,306.01947021484375,23384900
2023-05-25,315.1751430242443,318.7438294879401,312.0159906409768,317.7882995605469,43301700
2023-05-26,315.9356336414489,325.0816057625892,315.79914213912696,324.5843505859375,36630600
2023-05-30,326.866039835357,327.3632951279749,322.2735326633113,322.9463195800781,29503100
2023-05-31,323.9994675036547,327.5583950923326,319.1631966660686,320.19677734375,45950600
2023-06-01,317.7980879864151,325.2084750715489,316.61828563761367,324.28216552734375,26773900
2023-06-02,325.9104976467162,329.07941048845686,324.2529005654924,327.03179931640625,25873800
2023-06-05,326.8563123114757,330.1129762401236,326.3102866082395,327.558349609375,21307100
2023-06-06,326.9635018339944,327.00251216553283,323.8823700342451,325.35467529296875,20396200
2023-06-07,323.37536016910263,326.14449888626166,314.45365769277373,315.31170654296875,40717100
2023-06-08,315.85773263123184,318.4903798108397,315.28245664141156,317.1448059082031,23277700
2023-06-09,316.8814584828526,321.7567079982965,316.3159426317722,318.6365661621094,22529000
2023-06-12,320.38188031031484,323.81407497291605,317.04722634427355,323.5703125,24260300
2023-06-13,326.12499527780267,328.5723804542734,322.1468041193806,325.9494934082031,22951300
2023-06-14,325.99819005349843,330.5809366273575,324.5063648507166,328.92333984375,26003800
2023-06-15,329.0599201554074,341.11152517053205,328.78690731624766,339.4149475097656,38899100
2023-06-16,342.55453717316414,342.70078870657477,333.4183243934552,333.788818359375,46552000
2023-06-20,330.84420359010136,333.54508130008793,327.48026928452794,329.6156311035156,26375400
2023-06-21,327.9775897528391,329.3036733312241,323.784886322757,325.2377014160156,25117800
2023-06-22,325.7836965611128,331.63399647710884,325.0231587622799,331.2342224121094,23556800
2023-06-23,326.0177487407771,329.5279351767741,325.13047930366815,326.6612854003906,23146900
2023-06-26,325.39371033432894,327.72406452687306,320.29418775939905,320.4014587402344,21520600
2023-06-27,323.58006632131827,327.76303899280276,321.0839407974331,326.22247314453125,24354100
2023-06-28,326.3102386492254,329.5474118113246,325.48144019271336,327.4705505371094,20259500
2023-06-29,326.35897729326905,327.72404134255896,324.3211263632283,326.69049072265625,16997000
2023-06-30,329.32312037613315,334.17887983586667,328.78685480648323,332.04351806640625,26832800
2023-07-03,330.727231395335,332.394558661991,328.1726050055835,329.5571594238281,12508700
2023-07-05,326.72948429799266,333.1258095919121,326.37848059881856,329.713134765625,18172400
2023-07-06,328.8843301211992,334.43236661409844,327.1292521462773,332.7552795410156,28161200
2023-07-07,330.8540383567949,333.26241352176123,328.5919147694236,328.8064270019531,21214800
2023-07-10,326.25174994494995,326.8660362322845,319.41663962980306,323.55084228515625,32791400
2023-07-11,322.800041689948,324.55511973893175,318.84134117994995,324.17486572265625,26698200
2023-07-12,328.20182929500714,333.1258197926784,327.29503995487715,328.786865234375,29995300
2023-07-13,331.0879653631058,335.16366709536976,330.5614300476907,334.1106262207031,20567200
2023-07-14,338.91768611399266,342.661875208143,335.71952273631194,336.6263122558594,28352700
2023-07-17,337.0552945851425,338.33260777182664,333.66213945063294,337.10406494140625,20363900
2023-07-18,337.2015639773949,357.6288755346599,333.63290678637566,350.520751953125,64738600
2023-07-19,352.72433009882633,353.4166072525743,343.64661716979606,346.2207336425781,39732900
2023-07-20,344.74842283159865,349.03863672095343,336.7530012262202,338.215576171875,33778400
2023-07-21,340.43870595783125,341.56000752112044,331.35123269865875,335.19293212890625,69405400
2023-07-24,337.221130162938,338.26444105722106,333.7694439948374,336.49957275390625,26678100
2023-07-25,338.4495845575855,343.11035203179654,336.46050402116185,342.2230529785156,41637700
2023-07-26,332.92106736693563,336.07048951280683,324.7988843745913,329.3426208496094,58383700
2023-07-27,331.9850652931189,332.81383406452954,320.84022015182325,322.46856689453125,39635300
2023-07-28,325.34498615387326,331.5268003348271,324.8574610945914,329.9277038574219,28484900
2023-07-31,328.51386838696095,329.2744062182313,325.0426629130829,327.538818359375,25446000
2023-08-01,326.8270321220212,330.093455775555,325.374217054016,327.9483337402344,18311900
2023-08-02,325.3059183538415,325.3059183538415,318.2172862001048,319.328857421875,27761300
2023-08-03,317.86632056535905,321.6495195711113,317.81757996467144,318.5098571777344,18253700
2023-08-04,323.5996092744747,326.7782818997198,319.0753628445266,319.6018981933594,23741500
2023-08-07,320.1771409046875,322.84876819218033,319.3483425125627,321.87371826171875,17741500
2023-08-08,318.80233812895545,320.54768595225426,314.9411484793251,317.9150390625,22327600
2023-08-09,318.3245092452558,318.9485256437574,313.0397262390528,314.1903076171875,22373300
2023-08-10,317.8857952635295,320.0699275319088,313.16655676040074,314.8728942871094,20113700
2023-08-11,312.26953644201075,314.3658880842269,311.2457160426732,313.0008239746094,24355500
2023-08-14,313.3713539974467,315.97472100192863,312.09401103937836,315.9552307128906,18836100
2023-08-15,314.9411611661193,316.9790121676308,312.89355014228914,313.82958984375,16966300
2023-08-16,313.45831419457073,316.9954936708588,312.48119971164607,313.0674743652344,20698900
2023-08-17,313.2042327148122,314.50378164094593,308.9733110073384,309.62799072265625,21257200
2023-08-18,307.29267431715726,311.0936633520083,304.4199558180871,309.2371520996094,24755000
2023-08-21,310.65393646381676,315.3831660095472,309.784320258957,314.5135498046875,24040000
2023-08-22,318.0507277854862,318.61744100027846,314.1031773769701,315.0802917480469,16084600
2023-08-23,316.409231948521,321.66611285256477,316.0574552143243,319.5164489746094,21166400
2023-08-24,325.2324836073719,325.3595132307544,312.6374666298359,312.6472473144531,23281400
2023-08-25,314.11298756039173,317.9139473148537,311.5040788241883,315.58843994140625,21684100
2023-08-28,318.20712835870484,318.68590494671366,314.35729464100035,316.2919921875,14808500
2023-08-29,314.5136087751781,321.45112744073015,314.5136087751781,320.8941650390625,19284600
2023-08-30,321.14825395413936,322.26214904101624,318.97905844898986,321.2655029296875,15222100
2023-08-31,321.6660497077852,323.33690686450706,319.30141990622377,320.2590026855469,26411000
2023-09-01,323.7277749745022,324.3922056211829,319.3014478601216,321.138427734375,14942000
2023-09-05,321.47064520868975,327.18677054781415,321.13842988312655,325.91650390625,18553900
2023-09-06,325.7503980121673,326.80566842614127,322.62362005663084,325.2618408203125,17535800
2023-09-07,323.7081941893977,325.45720725929107,321.49990640162497,322.3597717285156,18381000
2023-09-08,322.5356945258159,328.4667861972207,321.92010767166425,326.6200256347656,19530100
2023-09-11,329.5220626550476,330.67508035139593,327.7534879124914,330.2060546875,16583300
2023-09-12,328.1345774558951,329.08237965274225,323.8939043767627,324.17724609375,17565500
2023-09-13,323.72784612610087,329.14106953313245,323.59106558368177,328.369140625,16544400
2023-09-14,331.38835303568044,333.0592103619418,328.8674109262189,330.94866943359375,20267000
2023-09-15,329.2094292987057,329.6784251727831,322.10578782450574,322.6627502441406,37679800
2023-09-18,320.2981230556272,322.8386267343985,318.8910757818205,321.529296875,16834200
2023-09-19,318.7054373268487,321.85174708859677,317.0834237409372,321.128662109375,16505900
2023-09-20,321.9690173569062,322.0471733986375,313.17498661327795,313.42901611328125,21436500
2023-09-21,311.95356654433346,317.9041899225686,307.79104947595397,312.2173767089844,35560400
2023-09-22,313.96639594173394,314.0934255806642,308.9147015377864,309.7550354003906,21447900
2023-09-25,309.34461765593346,310.3999178157117,307.7910094721355,310.27288818359375,17836000
2023-09-26,307.918083681108,308.650919524038,302.92501329864484,304.99652099609375,26297600
2023-09-27,305.15284644995364,307.10707545013054,302.60259191792346,305.63165283203125,19410100
2023-09-28,303.8728115871533,308.2600757204857,302.3680768122536,306.4621887207031,19683600
2023-09-29,310.4780627905331,312.15870054663463,307.771466967037,308.5238342285156,24147300
2023-10-02,309.04173366618016,314.523360821819,307.96690188868587,314.4353942871094,20570000
2023-10-03,313.4875679533543,314.03477939534076,304.0877331522798,306.2178649902344,21033500
2023-10-04,306.84323355961436,312.71570064039577,306.8139213204077,311.660400390625,20720100
2023-10-05,311.7874898453599,312.6571361405953,307.6933773421631,312.0513000488281,16965600
2023-10-06,309.30558981860264,321.6563316821838,309.06131118825493,319.7705078125,25673600
2023-10-09,317.3179038998877,322.7408769349448,315.78382712320234,322.2718811035156,19891200
2023-10-10,323.38579530400693,323.5226056424412,320.17111018080624,320.8746337890625,20557100
2023-10-11,323.6300784570828,325.203248275294,321.60747414676473,324.8124084472656,20063200
2023-10-12,323.00471335948436,325.99468102864705,321.1970457612764,323.5812072753906,19313100
2023-10-13,324.7732507534645,326.1900485749301,318.89100367469473,320.22967529296875,21072400
2023-10-16,323.47376637843024,328.4473057791793,323.034082713558,325.02740478515625,22158000
2023-10-17,322.0471280716989,325.8285559881701,319.91702585909127,324.4606018066406,18338500
2023-10-18,324.88074324116036,327.909803713785,320.78663169696983,322.5552062988281,23153600
2023-10-19,324.5485406563444,329.1703024841639,323.33692834747904,323.737548828125,25052100
2023-10-20,324.12841643957864,324.3238512632102,318.0019193859901,319.1940002441406,25027700
2023-10-23,318.0213985858915,325.1152580837002,316.96612824184217,321.7832946777344,24374700
2023-10-24,323.71800459686386,324.24565474799095,320.1026990318568,322.96563720703125,31153600
2023-10-25,337.1239893295993,338.2770069491987,329.8933489527061,332.8735656738281,55053800
2023-10-26,332.74660165744723,333.81165295289384,319.45783763585234,320.3861083984375,37828500
2023-10-27,322.867891093588,329.0139487725961,320.8843501338627,322.2620849609375,29856500
2023-10-30,325.77974409067264,331.6815239306809,324.235886505314,329.5904846191406,22828100
2023-10-31,331.0952774404079,331.2418386618225,327.03047725787985,330.3721923828125,20265300
2023-11-01,332.01374650613616,339.4691349616439,331.8769361620282,338.1500244140625,28158800
2023-11-02,339.29314959662656,340.8467577077369,336.8796761567897,340.34844970703125,24348100
2023-11-03,341.6284859220493,346.2795596471139,339.3811050850171,344.7259216308594,23637700
2023-11-06,345.361075900052,349.3574699781312,345.26335850207806,348.3705749511719,23828300
2023-11-07,351.17493911544506,354.16490704694723,349.44545721598166,352.2790832519531,25833900
2023-11-08,353.4027369651116,355.54261993465985,352.2985928972702,354.8879699707031,26767800
2023-11-09,354.00856480709007,356.441600143659,352.11296032697913,352.4354248046875,24847300
2023-11-10,353.2171111454846,361.63008249841977,352.8067397541227,361.2099304199219,28042100
2023-11-13,359.7930947254669,360.03737334526807,357.5261819771122,358.288330078125,19986500
2023-11-14,362.5192275200011,363.4377174527681,358.9429851939613,361.796142578125,27683900
2023-11-15,363.5193564786247,365.3306930182784,359.4365063311856,361.9430236816406,26860100
2023-11-16,363.2060092906745,368.48335928952025,362.44231441681825,368.30712890625,27182300
2023-11-17,365.80068027610133,366.544804095545,359.3288587696676,362.1192932128906,40157000
2023-11-20,363.4606399313925,370.95073116555085,363.24523724780994,369.5506286621094,52465100
2023-11-21,367.81760182816333,368.35609354646346,363.36268990163154,365.2719421386719,28423100
2023-11-22,370.0988850281661,371.85147806167527,367.1322205576516,369.9520263671875,23345300
2023-11-24,369.44291677497637,370.0695536363756,367.29872033158176,369.54083251953125,10176600
2023-11-27,368.9044009726802,372.683733332582,368.336537498751,370.6961364746094,22179200
2023-11-28,370.4416329997911,374.994431479148,370.2556020402747,374.7007141113281,20453100
2023-11-29,375.7385254123956,376.26721663239306,369.55062106548934,370.93115234375,28963400
2023-11-30,370.578695000301,372.145257364252,367.62183057461635,370.98992919921875,30554400
2023-12-01,368.884854564053,370.2555853515813,363.5487602115402,366.681884765625,33040500
2023-12-04,361.3849305128498,361.79613477265366,355.3145134346435,361.4241027832031,32063300
2023-12-05,358.7903292029664,365.28172122334854,357.9776614584204,364.7334289550781,23065000
2023-12-06,365.7321604216408,366.3587674073999,360.33732257448145,361.0912170410156,21182100
2023-12-07,360.5331422311326,363.68583789268007,358.66306211428184,363.1962890625,23118900
2023-12-08,361.4828549867559,366.6328881744278,360.53312909562084,366.40771484375,20154400
2023-12-11,360.77790780370736,363.83268764840955,358.44765064841334,363.5389404296875,27708800
2023-12-12,363.0983520859286,366.59373770012405,362.7164896784692,366.5545654296875,24838300
2023-12-13,368.16027437565873,369.7464376106383,363.0200118977458,366.5447692871094,30955500
2023-12-14,365.50690312981,365.94750897813526,356.5187948133364,358.2811584472656,43277500
2023-12-15,359.1819317961551,364.6159110894826,358.6238390376856,362.9808349609375,78502300
2023-12-18,361.7276838655909,365.20346900477807,360.97375945804686,364.86077880859375,21802900
2023-12-19,363.7249554315047,365.4579772949219,362.1094503782396,365.4579772949219,20603700
2023-12-20,367.1616214647713,368.1700908565403,362.78505374172363,362.8731689453125,26316700
2023-12-21,364.77259031859234,366.5839268091088,362.3052751851502,365.73211669921875,17708000
2023-12-22,365.8691539017797,367.3378001809741,364.9194281127133,366.7503356933594,17107500
2023-12-26,367.1616249726416,369.0610768362086,365.69297847275107,366.8287353515625,12673100
2023-12-27,365.8790367110042,367.2203958335403,365.0174259193831,366.2510986328125,14905400
2023-12-28,367.5238756999293,368.5910885400905,366.33917592392487,367.4357604980469,14327000
2023-12-29,368.14066782074684,369.2764245304369,365.6733528250178,368.1798400878906,18730800
2024-01-02,366.04544293017665,368.04281055620135,359.10364399056556,363.1179504394531,25258600
2024-01-03,361.2968150611858,365.45797986261033,360.8072662610182,362.85357666015625,23083500
2024-01-04,362.92215399405467,365.30135421024977,359.49531207816057,360.24920654296875,20901500
2024-01-05,361.25764113124956,364.2830491168241,358.8392688743441,360.0631408691406,21004600
2024-01-08,361.58077277397365,367.3574731734819,361.296855951119,366.8581237792969,23134000
2024-01-09,364.2341014424794,368.1308907001316,363.4312342532303,367.9350891113281,20830000
2024-01-10,368.50291657762523,376.139894907687,368.4539736551255,374.7691345214844,25514200
2024-01-11,377.93172165061986,382.5138918300766,372.4291972197734,376.5903625488281,27850800
2024-01-12,377.43234537080764,380.55566927985785,376.6099069263744,380.3500671386719,21661200
2024-01-16,385.4314897651499,385.79375102587426,379.51773304613687,382.1123352050781,27202300
2024-01-17,379.87031666196907,381.9557695556543,376.7665639671979,381.32916259765625,22234100
2024-01-18,383.5320922463087,385.7546329209657,381.96553019541545,385.63714599609375,23392100
2024-01-19,387.48767542805655,390.33685302734375,385.2749052923237,390.33685302734375,29331100
2024-01-22,391.6586277842315,392.2460923450514,385.36303712070327,388.2220153808594,27016900
2024-01-23,387.4777998195263,391.03192819685114,385.69583536306715,390.56195068359375,20525900
2024-01-24,393.14686950723774,397.1513752160577,392.079656679383,394.1455383300781,24867000
2024-01-25,395.8687348533506,398.5025096949156,394.11614184479663,396.4072265625,21021200
2024-01-26,395.9177133168471,397.680107020746,394.0182614789132,395.4869079589844,17803300
2024-01-29,397.57235261817027,401.4104281984527,395.8785030835569,401.1558532714844,24510200
2024-01-30,403.64277019124665,404.41623575131524,397.9542157503529,400.0494689941406,33477600
2024-01-31,398.4535945955144,406.6388669659615,388.9073919493629,389.2696533203125,47871100
2024-02-01,393.4307745878308,399.4718199134869,393.40140285508346,395.34002685546875,30657700
2024-02-02,395.36939499914837,404.0246140998081,395.12462060191353,402.62451171875,28256700
2024-02-05,401.33212452419457,402.5657971362689,395.5456537728456,397.17095947265625,25352300
2024-02-06,397.39614463854895,399.4424550677267,394.4882235276778,397.0142822265625,18382600
2024-02-07,398.9235343367266,405.64012962816963,398.88436206584436,405.3953552246094,22340500
2024-02-08,405.3953275824479,406.87377444064305,403.9071100669644,405.4540710449219,21225300
2024-02-09,406.57025541446654,412.02383590927224,406.4135962217608,411.75946044921875,22032800
2024-02-12,411.7693143498308,411.9455447595813,406.0807592685953,406.5801086425781,21202900
2024-02-13,396.4757753769111,401.49855072964925,394.9581860838381,397.8269348144531,27824900
2024-02-14,400.2791549212446,402.01535139218385,396.8459767481885,401.6720275878906,20401200
2024-02-15,400.34791702088137,401.3190066322356,396.57141418180584,398.7980651855469,21825500
2024-02-16,400.17139258245663,400.49510912619843,395.7376972791326,396.3458557128906,22296500
2024-02-20,395.5413968145009,396.7675320143623,390.41126629664336,395.1000061035156,24307900
2024-02-21,392.53007321174096,394.60959394201785,389.63638185870155,394.5016784667969,18518900
2024-02-22,402.3587150074255,404.9482969480148,400.76964859968683,403.79083251953125,27009900
2024-02-23,407.73411674298126,407.92046175721333,401.162019956702,402.505859375,16295900
2024-02-26,403.60448178020243,404.2911294979053,399.5827521513917,399.75933837890625,16193500
2024-02-27,400.20071277924296,400.52442923735737,396.13976854109416,399.7004699707031,14835800
2024-02-28,400.3870613953607,401.48567367865326,397.58167859587735,399.93585205078125,13183100
2024-02-29,400.83837846610305,406.29222617012584,398.1703067167653,405.742919921875,31947300
2024-03-01,403.4180998812608,407.93028353505224,403.03556125394095,407.5673522949219,17823400
2024-03-04,405.54668869062186,409.38204334564557,404.4480762959748,406.9984436035156,17596000
2024-03-05,406.0567462440755,406.3412180011649,392.991071894389,394.9626770019531,26919200
2024-03-06,395.27656457076307,397.4247558475786,390.7840183450358,394.4133605957031,22344100
2024-03-07,398.3664344564578,401.9565620702222,394.56050584072034,401.32879638671875,18718500
2024-03-08,400.171309298901,402.58436507476455,396.61060766849016,398.46453857421875,18002200
2024-03-11,396.0515271512708,397.93485423983793,393.5992565104688,396.7969970703125,16120800
2024-03-12,399.8378019777306,407.63603426425436,399.02366133031137,407.3515625,22457000
2024-03-13,410.11768156800736,410.19614104443707,403.5946487063615,407.1749572753906,17115900
2024-03-14,412.21687278632703,419.652174073812,410.0098292271171,417.101806640625,34157300
2024-03-15,411.28501994441507,414.53182378938754,404.9091164524236,408.4698181152344,45079900
2024-03-18,406.34123515822085,412.69753127897746,405.8802070917239,409.3526306152344,20106000
2024-03-19,409.8528643144651,413.61957818454806,407.61639479250874,413.3645324707031,19837900
2024-03-20,413.9432282491302,417.82761603764675,412.6288149554134,417.111572265625,17860100
2024-03-21,421.6237557740876,422.5948752417206,419.004747660182,421.17254638671875,21296200
2024-03-22,421.4963200117596,421.6532390012991,417.9356179957843,420.55462646484375,17648500
2024-03-25,417.1213703760103,419.24995422394994,413.5606690168653,414.78680419921875,18060500
2024-03-26,417.48433323864253,417.8570831519167,413.30568457627095,413.5999450683594,16725600
2024-03-27,416.3366986755512,416.3465173372015,411.0103740796991,413.3841552734375,16705000
2024-03-28,412.92309148516256,413.815721504757,411.11822405931304,412.68768310546875,21871200
2024-04-01,415.85607505767865,419.7208560550212,414.15909296576694,416.4642333984375,16316000
2024-04-02,412.0892354914383,414.31591575565676,409.86258516215554,413.39385986328125,17912000
2024-04-03,411.7166269488562,415.17923184367993,411.0888313055727,412.4228820800781,16502300
2024-04-04,416.8761593197056,420.48592418548293,409.5978373618215,409.90191650390625,19370900
2024-04-05,411.99124304246095,418.36714603884514,410.33350586860576,417.3960266113281,16554800
2024-04-08,417.0527386666228,419.12244053087517,415.21841524840187,416.4837951660156,14272400
2024-04-09,418.29848942937065,419.5736580977935,413.57050478624086,418.14154052734375,12496900
2024-04-10,414.12962029851764,415.9344877287147,411.68716854848634,415.17919921875,16216600
2024-04-11,417.69033834286756,421.1725504908495,414.2963744060529,419.7600402832031,17966400
2024-04-12,415.95406972864896,417.06250067629605,411.7557842388935,413.8451232910156,19253800
2024-04-15,418.45548299345114,418.67128401490294,405.5369076275719,405.742919921875,20273500
2024-04-16,406.65512826574127,410.4119935798852,405.8311689524943,406.6649169921875,16765600
2024-04-17,409.2839508985917,410.8828360715611,402.4960529094379,403.97723388671875,15855500
2024-04-18,402.79031869935466,404.02627254838046,396.2378594372626,396.5517272949219,21029900
2024-04-19,396.31635459832717,397.738683518828,390.1758594431205,391.5000915527344,30565800
2024-04-22,392.44175811164087,395.1588931129713,388.1944385754191,393.3049621582031,20286900
2024-04-23,396.5223162949651,400.4067342721825,395.3648518176367,399.78875732421875,15734500
2024-04-24,401.7407287200192,404.59517495198185,399.01380533371923,401.2502746582031,15065300
2024-04-25,386.5072107491817,392.25534768176107,380.6217622511499,391.42156982421875,40586500
2024-04-26,404.3009099992489,405.1150505614492,398.0132854043954,398.5625915527344,29694700
2024-04-29,397.5130370183344,398.562615947593,391.56873588609426,394.5703125,19582100
2024-04-30,393.8248513162942,394.4820730278576,381.74008419354954,381.8970031738281,28781400
2024-05-01,385.11439972061993,394.050490048908,382.8583225669511,387.3999328613281,23562500
2024-05-02,390.0679200441085,392.2945706625557,387.115377073286,390.2444763183594,17709400
2024-05-03,394.59976579857647,399.37678414031285,394.1877711661832,398.8961486816406,17446700
2024-05-06,400.95600534299797,406.027283466649,398.6116206105037,405.6447448730469,16996600
2024-05-07,406.74343315845897,406.7532518204941,401.2797668251692,401.5249938964844,20018200
2024-05-08,400.377248580207,404.3597328349939,398.9451012860691,402.7019958496094,11792300
2024-05-09,402.73146980472023,404.84041635842834,401.2895336143813,404.44805908203125,14689700
2024-05-10,405.0562156749531,407.4496339664975,403.93796601015913,406.82183837890625,13402300
2024-05-13,410.029454744504,410.3629599472109,402.9767222457907,405.82135009765625,15440200
2024-05-14,404.15378509704203,409.51935413927424,403.69275704643184,408.60711669921875,15109300
2024-05-15,410.66092785109674,416.46855556809163,410.0418362179186,415.7511901855469,22239500
2024-05-16,414.49335406459187,418.05067177577746,413.0684896947791,413.6973876953125,17530100
2024-05-17,415.2205635959117,415.5939858480529,410.7886784280323,412.930908203125,15352200
2024-05-20,412.9309356548489,419.3772981518083,412.71474538865465,417.9720764160156,16272100
2024-05-21,419.4362019217813,425.4698558470045,417.4905197677202,421.6079406738281,21453300
2024-05-22,422.63977275649836,424.91959180983645,419.7310556819618,423.06231689453125,18073700
2024-05-23,425.4698880093599,426.0889796466093,418.0506847119264,419.6033020019531,17211700
2024-05-24,419.7900037534496,423.59296088139126,417.05816150216543,422.70855712890625,11855300
2024-05-28,422.1877338257991,423.35712243524114,419.2102222377172,422.86578369140625,15718000
2024-05-29,418.3159892619867,423.4750461602697,418.3159892619867,421.7357177734375,15517100
2024-05-30,416.95003623481153,416.95003623481153,407.0643033400361,407.48687744140625,28394500
2024-05-31,409.5308058785648,409.5308058785648,397.5028441158069,407.9388732910156,47995300
2024-06-03,408.3319723384426,409.21637607324783,401.83648858598,406.3567810058594,17484700
2024-06-04,405.2856798357907,409.22622626275023,402.58331667273,408.8626403808594,14348900
2024-06-05,410.57245747625547,416.7338342090642,409.08860495020656,416.6650695800781,16988000
2024-06-06,416.66505364933033,417.942522272772,413.294447378338,417.16619873046875,14861300
2024-06-07,418.8171717087438,418.89577271534046,415.67259164399417,416.50787353515625,13621700
2024-06-10,417.3431202309482,420.66454478320344,416.5471539046789,420.45819091796875,13982900
2024-06-11,418.10961578141064,425.3224647271418,417.8835891699695,425.18487548828125,14551100
2024-06-12,427.7791794767063,435.71920053687387,425.7450298401941,433.41973876953125,22366200
2024-06-13,433.21338970261115,435.7093989946261,431.75901618030764,433.93072509765625,15960600
2024-06-14,430.68786981308114,435.4636977946633,429.15489539650804,434.903564453125,13582000
2024-06-17,434.92324397820295,443.1286073434569,433.0856417971322,440.6031188964844,20790000
2024-06-18,441.9198947788086,442.34246889984814,437.18341197055486,438.6082763671875,17112500
2024-06-20,438.5689526211533,438.79497924029823,433.6260860366594,437.9793701171875,19877400
2024-06-21,439.63028836717615,442.77483854275334,438.7753636944757,441.98870849609375,34187100
2024-06-24,442.00833058442447,444.9072412251996,438.677069430459,439.9152526855469,15913700
2024-06-25,440.4851865060809,443.60028735592437,439.01117026568124,443.138427734375,16413400
2024-06-26,441.22215886891127,445.7424809709231,440.42619256271684,444.3274230957031,16507000
2024-06-27,444.3471165440364,448.2680202655606,443.94421515967235,445.0055236816406,14806300
2024-06-28,445.2216529567904,447.49163533200266,438.67701793083796,439.2076721191406,28362300
2024-07-01,440.88808384173325,449.447196335744,437.94005138791704,448.81829833984375,17662800
2024-07-02,445.349461110364,451.6287548273333,445.26099374388446,451.3241271972656,13979800
2024-07-03,450.2529744663604,453.0339384006955,449.94834686189404,452.78826904296875,9932800
2024-07-05,451.6483951731934,460.2370169877969,451.01949716215944,459.460693359375,16000300
2024-07-08,458.46817132419625,459.598274429734,456.4143789671548,458.1635437011719,12962300
2024-07-09,458.91038601076474,459.23465638604694,450.06628863582495,451.5796203613281,17207200
2024-07-10,453.2305340754163,458.3797547644369,450.9113994976311,458.17340087890625,18196100
2024-07-11,454.96002402992053,456.72883147324404,443.7279978013262,446.8234558105469,23111200
2024-07-12,446.45987718044813,448.4547114032981,442.8436310012122,445.6933898925781,16324300
2024-07-15,445.4476817175394,449.33910606074033,443.61007966105154,446.09625244140625,14429400
2024-07-16,446.35175028412175,446.430351284593,438.92271119875926,441.733154296875,17175700
2024-07-17,434.92321432561624,437.1440749862863,431.5722805813875,435.83709716796875,21778000
2024-07-18,436.6428994208888,436.94752703468305,426.8750830594602,432.7416687011719,20794800
2024-07-19,425.59766083378145,433.49839687991425,424.5167095108502,429.5381774902344,20940400
2024-07-22,434.1371082507153,436.898429671943,431.306992206013,435.2671813964844,15808800
2024-07-23,436.21051790501895,440.6227600869156,435.4243879336588,437.1440734863281,13107100
2024-07-24,432.82027904039575,433.8324355773718,420.183031900693,421.4703369140625,26805800
2024-07-25,421.37206072933304,422.35473813773996,410.2776543804513,411.1522216796875,29943800
2024-07-26,410.9557819937685,421.49008700580964,410.04186903933714,417.9032897949219,23583800
2024-07-29,424.10394408211863,424.66407745687695,417.34314804369717,419.3379821777344,15125800
2024-07-30,420.3108034246303,421.6177512482942,410.13024936818454,415.5939636230469,32687600
2024-07-31,413.21586942488864,414.47369536650564,405.0694649339739,411.1031188964844,42891400
2024-08-01,413.50082759098166,420.0552689925362,405.9341996877239,409.8845520019531,30296400
2024-08-02,405.3446814228584,407.811211842754,397.3358648266263,401.4139709472656,29437900
2024-08-05,382.4286307082766,394.09300828762184,378.90079195613237,388.3050231933594,40709200
2024-08-06,393.07100276300895,398.6427974223072,391.59698650264767,392.687744140625,24946500
2024-08-07,401.56129474356715,402.9763225660977,390.5847753290331,391.52813720703125,20650900
2024-08-08,395.46871662305415,398.8294567188382,393.0120229903142,395.7143859863281,20203000
2024-08-09,397.0312061411671,400.9815590644515,395.2918776876415,398.9867248535156,19276700
2024-08-12,400.008700380632,401.6792641246606,397.23754263585204,399.7630310058594,16762900
2024-08-13,402.49490035510087,407.762067699129,402.4752575998139,406.8383483886719,19414300
2024-08-14,407.61463319199424,410.48406481515934,405.3053649551057,409.6389465332031,18267000
2024-08-15,413.27153919674845,414.56116454959863,411.16483466760724,414.482421875,20752100
2024-08-16,414.05913029915934,414.787612725286,410.8104315549657,411.9622497558594,22775600
2024-08-19,412.4446299731582,415.19125033166955,409.9835081573214,414.97467041015625,15234000
2024-08-20,415.14205004692775,419.2373304106215,415.08298552534507,418.1938171386719,16387600
2024-08-21,417.48497282390196,419.7689009161739,415.1616884163413,417.5440673828125,16067300
2024-08-22,417.76066831830366,420.1529016775488,408.1622927487291,409.0876770019531,19361900
2024-08-23,410.4954583139899,412.74000030450156,405.68148941527863,410.30841064453125,18493800
2024-08-26,409.89490950861074,410.7907614506505,404.94313363943934,407.0596923828125,13152800
2024-08-27,406.4394348780717,407.9161077791715,403.8700384507919,407.4042053222656,13492900
2024-08-28,408.42813090646126,408.54625995788336,400.9758461349833,404.2146911621094,14882700
2024-08-29,408.48716903331825,415.4865852646763,404.2146650393698,406.6954650878906,17045200
2024-08-30,409.13683384861065,410.9974260333262,405.7207960910566,410.65289306640625,24308300
2024-09-03,411.41094371784055,413.3503087826454,400.7001374742272,403.0726623535156,20313600
2024-09-04,399.59758459335677,404.8446830658677,398.0815251485243,402.54107666015625,15135800
2024-09-05,401.28095677141835,406.67574622741506,399.8141378862011,402.03900146484375,14195500
2024-09-06,402.6985610672717,404.26383081056673,394.5670056307313,395.4530334472656,19609500
2024-09-09,400.9069042814964,402.2949806412775,395.8960636873458,399.4105529785156,15295100
2024-09-10,401.8519446669211,409.8554868302287,401.3597203496137,407.7586364746094,19594300
2024-09-11,409.0383701691834,417.39632869679116,403.2104215678353,416.46112060546875,19266900
2024-09-12,416.72697057085117,420.7238298297295,413.2223356546228,420.3595886230469,17395700
2024-09-13,419.20778281644255,425.11447510259467,418.84354159900835,423.8937683105469,15874600
2024-09-16,423.9036586161946,426.78808638530086,421.5606656690322,424.63214111328125,13834700
2024-09-17,433.38382833136643,434.9786302945307,425.5475956574911,428.3828125,18874200
2024-09-18,428.235163297131,429.249144206207,423.7165475930165,424.1103210449219,18898000
2024-09-19,434.36830593406904,434.63409626466625,430.1056262859268,431.8677978515625,21706600
2024-09-20,430.42066355244185,432.4092391189892,427.4673174405253,428.5009765625,55167100
2024-09-23,427.52641684805,429.6725079875257,423.6969266994437,426.7684020996094,15128900
2024-09-24,426.2662748026867,426.61083784634445,419.4735849772464,422.495849609375,17015800
2024-09-25,423.14556440453987,426.384408985251,421.9051794925785,425.3901062011719,13396400
2024-09-26,428.32381527731917,428.53054110869147,422.45650897162153,424.60260009765625,14492000
2024-09-27,424.80927883764434,425.1341637224931,420.8222737453315,421.36370849609375,14896100
2024-09-30,421.5507517579481,423.7264049247719,418.7549211722127,423.6082458496094,16807300
2024-10-01,421.78706729834266,421.81659955830685,412.2969671899716,414.1477355957031,19092900
2024-10-02,416.00832438993655,416.24461251055664,410.22961524498584,410.6430969238281,16582300
2024-10-03,411.1353013004486,413.02542591560956,407.84724636027164,410.062255859375,13686400
2024-10-04,411.7357819472086,413.2223089798081,408.5166457695598,409.5896911621094,19169700
2024-10-07,409.5306419831522,410.6233655735784,402.6395013728588,403.1711120605469,20919800
2024-10-08,404.5099947662806,409.19598053892946,401.82246884384335,408.2607421875,19229300
2024-10-09,409.3928021729279,413.84252930935924,407.8570646785986,410.9679260253906,14974300
2024-10-10,408.77263914925425,410.859665558973,406.7249690560659,409.3731384277344,13848400
2024-10-11,409.66850956364067,410.64310419410805,406.82343830885475,409.845703125,14144900
2024-10-14,411.27310627026066,417.4456186019399,411.02699410502277,412.621826171875,16653100
2024-10-15,415.61453317923247,415.9098858066577,408.80216519233556,412.22802734375,18900200
2024-10-16,408.7135954364056,409.88506179410496,404.0965284555642,409.6488037109375,15508900
2024-10-17,415.79171565844746,415.9295528895068,409.12700914123224,410.23944091796875,14820000
2024-10-18,410.6529471112624,413.12389293089865,409.78662744422246,411.6570739746094,17145300
2024-10-21,409.6488187127166,412.4446496235521,407.3156799270225,412.2674560546875,14206100
2024-10-22,411.9819473916582,423.88392916296095,411.53896348036403,420.8616943359375,25482200
2024-10-23,424.1595150969288,424.3760949935698,415.95907136722593,417.99688720703125,19654400
2024-10-24,418.7155841953702,419.35549993342784,415.8311564953273,418.12493896484375,13581600
2024-10-25,420.12336158504047,425.7937660019832,419.9363139175779,421.4917297363281,16899100
2024-10-28,424.9471252042487,425.2227696357769,419.670464602579,419.9559631347656,14882400
2024-10-29,421.34405104712135,426.4336641349943,419.1782518516455,425.2326354980469,17644100
2024-10-30,430.6372355196224,431.68074872313076,425.3802831426112,425.8035888671875,29749100
2024-10-31,408.9006246633273,409.6882017012257,399.9815212546983,400.03076171875,53971000
2024-11-01,402.6493843637014,409.0384470027673,401.162857168779,403.98822021484375,24230400
2024-11-04,403.42703719981586,404.0374205874987,399.26283871579096,402.1078796386719,19672300
2024-11-05,402.019305938334,408.4477546696806,401.73380740675793,405.0612487792969,17626000
2024-11-06,406.00632872643234,413.91145024796907,404.1358522419557,413.6456298828125,26681800
2024-11-07,414.72850912180576,420.21189508853655,413.3502870767265,418.81396484375,19901800
2024-11-08,418.7057298172818,419.8673720771894,415.2207729945687,415.9689636230469,16891400
2024-11-11,415.9492116532179,418.20360735923634,409.53061759674426,411.5093688964844,24503300
2024-11-12,411.7456609678349,417.8394007087299,410.71200186963034,416.4513244628906,19401200
2024-11-13,415.0829505962656,422.65333320998997,411.70626883397995,418.58758544921875,21502200
2024-11-14,418.3906594438851,421.5113747579457,413.4684163916041,420.25128173828125,30246900
2024-11-15,413.2912534776132,416.2248913266483,407.2073678244848,408.54620361328125,28247600
2024-11-18,408.41819885611204,411.89330132284374,405.69128696291637,409.29437255859375,24727000
2024-11-19,406.68560375296545,411.4405079817959,405.1498661250552,411.2928466796875,18133500
2024-11-20,410.38713903081657,410.8006207181085,404.19494808048387,409.0285949707031,19191700
2024-11-21,413.80287334750346,414.07906953202513,404.717960528392,407.2629089355469,20780200
2024-11-22,405.7832472742104,411.73135363774225,405.4774597411712,411.3367919921875,24814600
2024-11-25,412.69804256956826,415.36135617252853,409.2159842267064,413.10247802734375,27691100
2024-11-26,413.891635863064,423.21330950979313,413.161695275106,422.17755126953125,23458900
2024-11-27,419.33668746447955,421.4279216336492,416.28865548862075,417.2454833984375,18332400
2024-11-29,414.384847961252,419.10980447039015,412.1259395107062,417.7090759277344,16271900
2024-12-02,415.84474493949193,427.1195090506518,415.58826631722377,425.126953125,20207200
2024-12-03,424.00241788094525,426.5967051479557,421.93093157664276,425.3439636230469,18302000
2024-12-04,427.1490975254907,433.698935348809,426.754535872994,431.4794921875,26009400
2024-12-05,431.97270407918,438.6211597736825,430.2464705000807,436.6088562011719,21697800
2024-12-06,436.29321828806303,440.04162946603964,435.7704172944161,437.5459899902344,18821000
2024-12-09,436.5891402244184,442.2413029263077,434.51765390142566,439.9626770019531,19144400
2024-12-10,438.35480554213524,443.5137582543868,435.60268777878343,437.3091735839844,18469500
2024-12-11,438.019420871054,444.2338797106506,438.019420871054,442.892333984375,19200200
2024-12-12,443.0106891858234,449.96496224230685,443.0106891858234,443.45458984375,20834800
2024-12-13,442.34983294961415,445.2992167545738,439.5286583553318,441.1957092285156,20177800
2024-12-16,441.1956629672055,446.0389843929351,439.2326985780913,445.4570007324219,23598800
2024-12-17,444.8849272856994,449.1068002031095,443.4644812477741,448.2880554199219,22733500
2024-12-18,445.1907332778121,446.50265760588917,431.08492025325205,431.4499206542969,24444500
2024-12-19,435.62247901256285,437.1612906860421,430.39446885306654,431.0948181152344,22963700
2024-12-20,427.22800034083093,437.7136411325363,422.80886164173944,430.6706237792969,64263700
2024-12-23,430.80871372187636,431.70635881030796,426.9518110200716,429.3389587402344,19152500
2024-12-24,428.74712104240933,433.6299083717355,428.2933766162313,433.3635559082031,7164500
2024-12-26,433.1169230295789,434.9516783695283,430.7002140852734,432.16009521484375,8194200
2024-12-27,428.69777768381334,429.30935275325726,420.5598195240772,424.68304443359375,18117700
2024-12-30,420.27376177490316,421.7435167493127,416.17025429217676,419.0604553222656,13158700
2024-12-31,420.3131993235258,420.93464819489714,414.9470768224156,415.7756652832031,13246500
2025-01-02,419.7509810335182,420.2836558558519,409.21603069875914,412.8953552246094,16896500
2025-01-03,415.3613950253171,418.27134378737713,413.8423310893823,417.6005859375,16662900
2025-01-06,422.1874466156374,428.42162361284306,419.7016808979234,422.03948974609375,20573600
2025-01-07,423.1738448521772,424.801430542522,415.0851952170159,416.6338806152344,18139100
2025-01-08,417.70906128958796,421.171402275518,415.81515330470927,418.79412841796875,15054600
2025-01-10,418.8631994200863,418.9420997125399,409.383695034764,413.2603454589844,20201100
2025-01-13,409.6006710891581,412.816407095229,406.690752709142,411.5242004394531,17604800
2025-01-14,412.1357932076061,414.03957499111027,405.14208486737954,410.0248718261719,16935900
2025-01-15,413.43790279096226,422.3353935398116,412.5895665870108,420.5203857421875,19637800
2025-01-16,422.87788427352234,423.6571336957602,418.6264203199314,418.8138122558594,15300000
2025-01-17,428.1946780656617,428.579395977241,422.35509365285844,423.2033996582031,26197500
2025-01-21,424.3575582513444,425.0480336398343,419.82002384260585,422.6806335449219,26085700
2025-01-22,431.61761238386987,441.1957350447454,430.0788007344463,440.1402893066406,27803800
2025-01-23,435.9972845633218,440.68277574358376,435.50407496539947,440.643310546875,18389300
2025-01-24,439.1143639891968,440.5841189283991,435.40541825453283,438.029296875,15549500
2025-01-27,418.2516146753107,429.28964793288844,417.74853125025015,428.6583251953125,35647800
2025-01-28,428.69779052094407,442.29064589853647,425.52151949148305,441.1266784667969,23491700
2025-01-29,440.6235877197962,440.81100977301065,434.41900262341227,436.3227844238281,23581400
2025-01-30,413.0827896381068,417.1172408671569,407.54899194570174,409.3541259765625,54586300
2025-01-31,413.2899333042713,414.976701732093,409.27519987674,409.42315673828125,34161900
2025-02-03,406.01014380943144,409.7683985075356,403.1100689884043,405.3393859863281,25679100
2025-02-04,407.0853452090854,408.29865167160733,404.1753965052981,406.7696838378906,20532100
2025-02-05,406.74997908357795,408.2098602907994,404.8264495269334,407.6772155761719,16316700
2025-02-06,408.37753095462284,412.5205034548323,408.37753095462284,410.1728210449219,16309800
2025-02-07,410.8238533335017,412.96436600470287,402.5576561425311,404.18524169921875,22886800
2025-02-10,408.0914896331453,409.81772327895646,405.3394016663598,406.6217346191406,20817900
2025-02-11,404.0768132724711,406.8880841725034,403.74140422239867,405.85235595703125,18140600
2025-02-12,401.67976029438313,405.17169274595005,398.8783333348811,403.48492431640625,19121700
2025-02-13,401.4726062482461,405.4182829681306,400.8412835235649,404.96453857421875,23891700
2025-02-14,402.25188608897315,403.3566707547541,400.3678218416371,402.8831787109375,22758500
2025-02-18,402.4590098668831,405.0237056562673,400.9793811541372,404.0767517089844,21423100
2025-02-19,402.34070226719325,409.84733856693146,402.1138149948078,409.1371154785156,24114200
2025-02-20,410.47141636340496,414.4447616167347,407.75332449561745,411.3016662597656,23508700
2025-02-21,412.49767332735263,413.1994268757111,403.1573381232245,403.4736022949219,27524800
2025-02-24,403.77011965609864,404.62012670611466,394.6867476536957,399.31243896484375,26443700
2025-02-25,396.44608593506547,397.25657880262406,392.09714469383994,393.283203125,29387400
2025-02-26,393.3919661639477,398.91710270889797,389.6755831630129,395.0920104980469,19619000
2025-02-27,396.61410618114576,401.03224256641477,387.6197164134029,387.97552490234375,21127400
2025-02-28,388.10398215130573,393.01631660620876,382.0846478468725,392.38372802734375,32845700
2025-03-03,394.1925192721913,394.1925192721913,381.67940898205217,383.98236083984375,23007700
2025-03-04,378.9514121108331,388.02488953137174,376.5792652913011,384.1009521484375,29342900
2025-03-05,384.82253320835395,397.00948665687173,384.29868393839774,396.36700439453125,23433100
2025-03-06,389.70521049036057,397.4838909032578,388.12376908504734,392.2849426269531,23304600
2025-03-07,387.76798692760104,390.21919261692045,381.06665528777256,388.7464904785156,22034100
2025-03-10,381.3631423753148,381.91664235119805,372.8431639999478,375.7490539550781,32840100
2025-03-11,374.6025176419591,381.5212976511773,372.53677123025375,376.03570556640625,30380200
2025-03-12,378.5067033632867,380.75035405096787,374.55311473502826,378.8229675292969,24253600
2025-03-13,378.71423026442886,380.8491715851453,373.07049136146827,374.3751525878906,20473000
2025-03-14,375.3734195488383,385.7021804869834,375.10656321193693,384.0515441894531,19952800
2025-03-17,382.2132080479099,388.15345468919406,381.0963143894263,384.19000244140625,22474300
2025-03-18,382.57883477918654,382.8753418143747,376.6781034710803,379.07000732421875,19486900
2025-03-19,381.0566918328374,385.1585333246225,379.5444456387846,383.32012939453125,19185500
2025-03-20,381.2642891356356,387.24410971121733,378.8328407062668,382.3515319824219,18470500
2025-03-21,378.7735544022507,387.19468720298374,378.35841433019584,386.72027587890625,39675900
2025-03-24,390.81222312553433,390.81222312553433,385.28708673252123,388.5191345214844,21004500
2025-03-25,389.3494398440526,391.76110127123206,388.08429262956173,390.5750427246094,15775000
2025-03-26,390.4168262767483,390.7232269425197,384.061440622416,385.4451904296875,16108400
2025-03-27,385.6033351411741,387.6888383797828,382.9050004114053,386.048095703125,13766800
2025-03-28,383.5771397086297,384.6149747790714,372.5565178920864,374.4048156738281,21632000
2025-03-31,368.2174858935481,372.694923815259,362.9789628551185,371.034423828125,35184700
2025-04-01,370.30297052308924,378.4078388750376,368.89946352111616,377.7554931640625,19689500
2025-04-02,373.5844258095808,380.6119141988697,372.25008378933455,377.7060546875,16092600
2025-04-03,370.4413834397649,373.1001742376296,365.06450042697054,368.7808532714844,30198000
2025-04-04,359.90502676066706,370.2436515761853,355.30898645827625,355.664794921875,49209900
2025-04-07,346.808801297969,366.6953473866903,340.78946619633433,353.7077941894531,50425000
2025-04-08,363.98709615832223,369.3145404099518,346.1860561796805,350.446044921875,35868900
2025-04-09,349.43788571366844,388.6673652686905,349.0029886182402,385.9591369628906,50199700
2025-04-10,377.627015987976,379.4456631401157,363.5324628545339,376.9252624511719,38024400
2025-04-11,376.22346214057205,385.52425170247653,374.49376732812806,383.9428405761719,23839200
2025-04-14,388.6575040815548,390.0709046779098,379.75203666792555,383.3102722167969,19251200
2025-04-15,384.0021677861047,387.3429548173336,379.702634359307,381.2544250488281,17199900
2025-04-16,376.25309164497827,377.182157055766,363.73008863656446,367.2981872558594,21967800
2025-04-17,369.41339637295704,369.9767899290697,362.6330071079686,363.5126647949219,21120200
2025-04-21,358.6102367890087,360.25097956592975,351.54320368031085,354.9531555175781,20807300
2025-04-22,359.1637239988867,363.5027713530303,355.6845470865514,362.5638122558594,19485000
2025-04-23,371.6965961898571,375.9763723537339,368.69186067990836,370.0459899902344,20545500
2025-04-24,371.3408006891215,383.9428636514652,370.8367085183124,382.8061828613281,22232300
2025-04-25,382.5097039822226,387.6098369882708,380.13755681192964,387.3034362792969,18973200
2025-04-28,387.4121350910717,388.1830836548117,382.15388522315925,386.6214294433594,16579400
2025-04-29,386.7597282920122,390.51565493433395,385.8504199570639,389.46795654296875,14974000
2025-04-30,385.7713871677669,392.0576085897077,379.97939447353656,390.6738586425781,36461100
2025-05-01,426.10788113002934,431.9196612018972,419.96994327038766,420.4641418457031,58938100
2025-05-02,426.73058824697114,434.34125858777406,425.00089318437847,430.2295227050781,30757400
2025-05-05,427.8474632490504,434.40054108405303,427.09627177369964,431.10919189453125,20136100
2025-05-06,427.18524232094876,432.65107712392626,426.1671945058241,428.2823486328125,15104200
2025-05-07,428.8061738000786,433.0365119798482,426.10783898687293,428.3218688964844,23295300
2025-05-08,432.8487322038109,438.5221520354275,430.60508165893515,433.0859680175781,23491300
2025-05-09,434.89471877509555,435.6261229679929,430.8225275981773,433.63946533203125,15324200
2025-05-12,440.7658165502587,444.1560114514232,434.67728663767485,444.04730224609375,22821900
2025-05-13,442.5844751269483,445.4409573721911,440.19254074927665,443.9287109375,23618800
2025-05-14,442.940276452347,448.6334230518337,442.940276452347,447.6845703125,19902800
2025-05-15,446.3576953837484,451.7246558325709,446.0210270484144,448.6946105957031,21992300
2025-05-16,447.6251542704443,449.91254071320964,444.3376746324017,449.82342529296875,23849800
2025-05-19,446.4666664897976,455.0914021356244,446.38743262939596,454.3784484863281,21336500
2025-05-20,451.1305396548173,453.85362179890075,449.87298168888566,453.685302734375,15441800
2025-05-21,450.12052955644793,453.2991005803846,447.38753565613104,448.1401062011719,19216900
2025-05-22,450.4967994491365,455.74490907390424,449.4570590917957,450.40765380859375,18025600
2025-05-23,445.5754438212613,449.2491205375805,444.51591011589574,445.7734680175781,16883500
2025-05-27,452.0118507212909,456.43809825868186,451.6553587930952,456.1806335449219,20974300
2025-05-28,456.7053805592909,457.9926435100278,452.457364471685,452.8831481933594,17086300
2025-05-29,457.0321797296883,457.2005290082406,450.8532686393741,454.1902770996094,13974800
2025-05-30,455.2200705832806,457.16087682654637,451.08099341488645,455.8537902832031,34770500
2025-06-02,452.66535029783114,457.58667299374565,452.41779739511384,457.44805908203125,16626500
2025-06-03,456.9529759669727,459.5968543955761,456.3489311405408,458.43829345703125,15743800
2025-06-04,459.4582001214203,461.1316602074749,458.48778183720145,459.3294677734375,14162700
2025-06-05,460.40879598021155,465.05289099241804,459.487906406924,463.1021728515625,20131700
2025-06-06,465.4886174973397,468.7068055435685,464.1914425792919,465.7757873535156,15285600
2025-06-09,465.10242514198006,468.7958952647425,464.0329796350046,468.12255859375,16469900
2025-06-10,466.5778015728124,468.1720277278758,462.38919566775553,466.3104553222656,15375900
2025-06-11,465.4192790589967,470.81594475736864,465.0628173622344,467.99383544921875,16399200
2025-06-12,470.37032681118086,475.7174938929388,468.88500933710617,474.1826477050781,18950600
2025-06-13,471.7467014438283,474.48957663576516,468.13243522834,470.3108825683594,16814500
2025-06-16,470.55842728964666,475.98479752096426,470.3504913231842,474.4499816894531,15626100
2025-06-17,470.7466055851971,474.0539088222925,469.4395189734987,473.36077880859375,15414100
2025-06-18,473.3211811212961,476.291816149254,469.8158233270243,475.53924560546875,17526500
2025-06-20,477.5097592999014,478.7277002496467,472.2022093150259,472.7270202636719,37576200
2025-06-23,473.52910172023695,482.97572926336846,467.8849134818946,481.24285888671875,24864000
2025-06-24,484.16397269221426,487.0355802812341,482.03499358247046,485.3125915527344,22305600
2025-06-25,487.2237477118272,489.71907018583636,484.59969288856837,487.45147705078125,17495100
2025-06-26,488.15456314430565,493.1650318097281,487.98621386300664,492.580810546875,21578900
2025-06-27,492.6797669341534,494.41263722515527,488.20402140418383,491.0855407714844,34539200
2025-06-30,492.17482524139086,495.85841392483957,490.4815414994746,492.54119873046875,28369000
2025-07-01,491.61036068604886,493.1748817381986,486.1741086010328,487.2336120605469,19945400
2025-07-02,485.1937811955959,488.66943364597034,483.9164299655294,486.28302001953125,16319600
2025-07-03,488.9763901568408,495.2345347518064,488.6100166980764,493.9571533203125,13984800
2025-07-07,492.51147619590915,493.86806132382594,490.38252718836065,492.84814453125,13981600
2025-07-08,492.3728680843929,493.32349309723224,489.2735005525455,491.7589416503906,11846600
2025-07-09,495.40291107466015,501.81949389446856,494.8483949293652,498.5815124511719,18659500
2025-07-10,498.12595942487985,499.502368126141,492.8778497571002,496.57135009765625,16492100
2025-07-11,493.59080845907414,500.08659454551145,492.9273533491097,498.3933410644531,16459500
2025-07-14,496.6109349689791,499.0369655948213,496.1257409313552,498.09625244140625,12058800
2025-07-15,498.09622485625505,503.3245408608939,497.8684955298327,500.86883544921875,14927200
2025-07-16,500.2351113436526,501.7600457375481,496.9773367906475,500.6708068847656,15154400
2025-07-17,500.730191050298,508.3449206172861,500.67078077223215,506.6912841796875,17503100
2025-07-18,509.44409517028413,509.6025628871289,502.46311478523944,505.0574645996094,21209700
2025-07-21,501.75013722027745,507.0775109565722,500.6014880788464,505.0673522949219,14066800
2025-07-22,505.968437121084,506.19619667447284,500.32421875,500.32421875,13868600
2025-07-23,501.78975657062705,501.82937349813983,495.7989881406536,500.9183654785156,16396600
2025-07-24,503.7899711970312,508.6420022469781,502.334358860161,505.87933349609375,16107000
2025-07-25,507.4537274302719,513.2167663968169,505.3643953860848,508.681640625,19125700
2025-07-28,509.04804137949895,509.9590192096989,505.1267813382861,507.4834899902344,14308000
2025-07-29,510.48381297361453,512.5533213636355,506.55264151082275,507.5527648925781,16469200
2025-07-30,510.12737953565073,510.89977372470673,504.45348544577774,508.2162780761719,26380400
2025-07-31,549.7952354974353,550.0131135040644,526.6936395202101,528.2779541015625,51617300
2025-08-01,529.7632164041114,530.5553736121248,515.7616096000787,518.9797973632812,28977600
2025-08-04,523.0991177691142,532.981410508703,522.960473635689,530.39697265625,25349000
2025-08-05,531.9218555369729,532.0406760929504,522.0791498987046,522.5841674804688,19171600
2025-08-06,525.70337986457,526.4955370830186,518.9006307843745,519.8016967773438,21355700
2025-08-07,521.6434435727333,522.9208551796034,512.483986539974,515.7418212890625,16079100
2025-08-08,517.4845698020915,519.524403327164,514.3257923084495,516.9300537109375,15531000
2025-08-11,517.1875004407061,522.4257584225397,514.6327376205326,516.6627197265625,20194400
2025-08-12,518.6233787752558,525.7825900386109,517.5836685759962,524.0596313476562,18667000
2025-08-13,526.901545781552,527.4857972911225,514.2862580919234,515.4844360351562,19619200
2025-08-14,517.445017549053,520.8018496782777,515.0487221853349,517.3657836914062,20269100
2025-08-15,517.6529556536844,520.9503168823401,513.9990723038397,515.078369140625,25213300
2025-08-18,516.4845535034275,517.7024945692299,508.98864359035275,512.0384521484375,23760600
2025-08-19,509.9589996924715,510.11740696385556,503.5721224631474,504.7801818847656,21481000
2025-08-20,504.87923949406314,505.9981835608303,499.50239716393804,500.7698669433594,27723000
2025-08-21,499.57959198776825,503.48744166230597,498.617506554828,500.1250915527344,18443300
2025-08-22,500.13506667774504,506.5621975190336,498.3100856343386,503.09075927734375,24324200
2025-08-25,502.4956437530773,504.04291093011733,500.00611695670057,500.1449890136719,21638600
2025-08-26,500.24412923099453,500.8590951140394,494.44189267773186,497.9430847167969,30835700
2025-08-27,497.9034268047853,503.1502662118434,495.8205578102606,502.604736328125,17277900
2025-08-28,502.95187030654046,506.91922816363694,501.3748491905692,505.4810791015625,18015600
2025-08-29,504.5090702372647,505.44140176386463,500.3730863144936,502.5551452636719,20961600
2025-09-02,496.38587753866574,501.87074834041937,492.75574161607386,500.9979248046875,18128000
2025-09-03,499.6788070917271,503.64616490840893,498.220801883355,501.22607421875,16345100
2025-09-04,500.1846427841772,504.00323087503085,499.0440334241921,503.82470703125,15509500
2025-09-05,504.9157294675595,507.79205789513924,488.35199810583333,490.9605407714844,31994800
2025-09-08,494.0451377441344,497.1099483047291,490.990285532587,494.1344299316406,16771000
2025-09-09,497.3380873986388,498.1514030762742,493.6385453300377,494.3427429199219,14410500
2025-09-10,498.8754294126598,499.1233892811019,492.66650462093776,496.2867126464844,21611800
2025-09-11,498.15138006137016,499.0638857033828,493.8170463660224,496.9215087890625,18881600
2025-09-12,502.5154742767582,508.367321245748,499.73833579713096,505.73895263671875,23624900
2025-09-15,504.63805606783444,511.26350676755015,502.8626547877709,511.1544189453125,17143800
2025-09-16,512.6620043570016,513.0091239663263,504.4495745277025,504.885986328125,19711900
2025-09-17,506.4530503919847,507.1175961354426,501.80132099339164,505.8579406738281,15816600
2025-09-18,507.31598208941665,508.88310546808697,503.51725007824297,504.3008117675781,18913700
2025-09-19,506.39357782967863,515.0622454615835,506.1456179521661,513.7034301757812,52474100
2025-09-22,511.3826037577857,513.5150225661836,508.3574445613838,510.25189208984375,20009300
2025-09-23,509.60711582016205,510.3907077578639,503.17008724169204,505.0744323730469,19799600
2025-09-24,506.21501140620444,508.29784998729696,502.7832554652563,505.98687744140625,13533700
2025-09-25,504.15198973027213,505.84805701475193,500.9186136455738,502.8923645019531,15786500
2025-09-26,505.8976246789574,509.74596656687834,502.4856945681329,507.28619384765625,16213100
2025-09-29,507.325895548039,512.6322125671903,504.72728094557834,510.40057373046875,17617800
2025-09-30,509.05168089535164,513.9315141469417,505.5009089039439,513.7232666015625,19728200
2025-10-01,510.5989067561486,516.2623314762835,507.51430077675985,515.4688720703125,22632300
2025-10-02,513.4157691025699,517.3434144406598,506.51254498360566,511.53125,21222900
2025-10-03,512.8801529316524,516.2425031799986,510.7973143114264,513.1281127929688,15112300
2025-10-06,514.377848960065,526.6965386672223,513.9712214168786,524.256591796875,21388600
2025-10-07,523.9788663400786,525.4765536672338,517.1847899970462,519.7040405273438,14615200
2025-10-08,519.0097599169904,522.6497936321297,518.8213080060119,520.56689453125,13363400
2025-10-09,518.0773939158137,520.0511445409561,513.1777050939771,518.1369018554688,18343600
2025-10-10,515.3995037763443,519.3073539147757,505.4711804745103,506.7903137207031,24133800
2025-10-13,512.1958293204747,512.1958293204747,507.50444767633473,509.8551025390625,14284200
2025-10-14,506.06619700641784,511.07500383118867,501.87070570435134,509.3789367675781,14684300
2025-10-15,510.75768630195654,512.9694689959882,505.83814063109804,509.2401428222656,14694700
2025-10-16,508.3970827878481,512.6321960787722,503.9833851231019,507.4349670410156,15559600
2025-10-17,504.8859867353243,511.2734052578957,503.1700935064365,509.3889465332031,19867800
2025-10-20,510.41049011219013,514.4671401409408,509.2401268135401,512.5726928710938,14665600
2025-10-21,513.2769402267872,514.4572316509175,508.8533142722573,513.4356079101562,15586200
2025-10-22,516.8971823641815,520.943843958813,513.4852520447155,516.2921142578125,18962700
2025-10-23,518.1964698863214,519.6743010066873,514.3778516149157,516.3119506835938,14023500
2025-10-24,518.5237205252405,521.0628270774097,516.4607380708425,519.3370361328125,15532400
2025-10-27,527.440383046071,530.2175212473691,524.6929685473742,527.1824951171875,18734700
2025-10-28,545.511702993095,549.2013167264516,536.3570441492753,537.6464233398438,29986700
2025-10-29,540.4929039137475,541.8120671168963,532.3498815675878,537.1305541992188,36023000
2025-10-30,526.1509968235328,530.6043464776645,517.8592331602406,521.4695434570312,41023100
2025-10-31,524.5640198650095,525.0004316167937,510.896444053691,513.5843505859375,34006400
2025-11-03,515.5680119038287,520.676008789008,510.3906395365282,512.8107299804688,22374700
2025-11-04,507.5837474278435,511.34279700787874,503.6957236126803,510.1327819824219,20958700
2025-11-05,509.11117977922714,510.6287232020861,502.4460174356622,503.02130126953125,23024300
2025-11-06,501.53353925537283,501.5732213085109,491.7639146320967,493.04339599609375,27406500
2025-11-07,492.89466053302914,495.304823297102,489.22484220934433,492.7657165527344,24019800
2025-11-10,495.95940345274505,502.7138276367279,494.72950196106785,501.8707580566406,26101500
2025-11-11,500.68058840039413,505.441436360325,498.2505996850444,504.5289306640625,17980000
2025-11-12,505.2033686484966,507.4945458106546,495.0469415436793,506.9688720703125,26574900
2025-11-13,506.1455939798088,509.3095642884979,497.1992129195551,499.1828918457031,25273100
2025-11-14,494.1641988801248,507.4250879884235,493.38063720960855,506.01666259765625,28505700
2025-11-17,504.300789978241,507.94082387806293,500.7896697837805,503.3486022949219,19092800
2025-11-18,491.32749949419616,498.8754133867433,482.8076023204449,489.7604064941406,33815100
2025-11-19,486.1005289347495,491.14898819063853,478.88983663624714,483.14483642578125,23245300
2025-11-20,489.60385435710714,490.45844852333465,472.50235794747454,475.41387939453125,26802500
2025-11-21,475.48346109105705,475.9008266883901,465.31794169549005,469.1436767578125,31769200
2025-11-24,472.0055061050608,473.89352206444323,465.0694984877541,471.0118103027344,34421000
2025-11-25,471.08136597664605,476.12932719889915,461.9592459889855,473.9829406738281,28019800
2025-11-26,483.24419169180504,485.2315832491155,478.16642081896737,482.4393005371094,25709100
2025-11-28,484.5260924315005,489.5243812398697,483.5820692635899,488.9082946777344,14386700
2025-12-01,485.3608038657598,486.77183499200703,481.59468809959253,483.6715087890625,23964000
2025-12-02,483.6516286444489,490.38888506208144,483.2541563831954,486.91094970703125,19562700
2025-12-03,473.3171775583083,481.18723109312356,472.2042431453193,474.7182922363281,34615100
2025-12-04,476.7355071807625,478.2856702042714,473.4861025034468,477.8086853027344,22318200
2025-12-05,479.47806435073966,480.35252146637674,475.8610275749173,480.1140441894531,22608700
2025-12-08,481.8331998835391,489.1964595164875,481.32640529111774,487.9245300292969,21965900
2025-12-09,486.01663804004494,489.0175885389743,485.4204144751398,488.918212890625,14696100
2025-12-10,480.97857754952304,481.19719183884354,472.084987996716,475.5430603027344,35756200
2025-12-11,473.6252433732215,482.96597801292137,472.86007818396723,480.422119140625,24669200
2025-12-12,476.79515128743174,479.4085762318817,473.3370788032073,475.5132751464844,21248100
2025-12-15,477.0733729131614,477.6894594742654,469.5411415575728,471.82666015625,23727700
2025-12-16,468.93498123657525,474.87729294411884,467.9114757916915,473.3867492675781,20705600
2025-12-17,473.903466892556,476.9739832708393,472.0055042784347,473.1184387207031,24527200
2025-12-18,475.1754171439269,486.51349034093164,474.87732052138307,480.9289245605469,28573500
2025-12-19,484.2875835443981,484.7745151206103,479.44828972039977,482.856689453125,70836100
2025-12-22,483.05539282771,485.6489546100234,479.6470235443271,481.86297607421875,16963000
2025-12-23,481.9226163967179,484.7546252629152,481.6841087754749,483.78082275390625,14683600
2025-12-24,482.61817584356095,486.0762481946253,481.77352833631136,484.94342041015625,5855900
2025-12-26,483.64171061957336,485.04282544173617,482.8964387136479,484.6354064941406,8842200
2025-12-29,481.80333660098637,485.27135560420123,481.1276307272214,484.02923583984375,10893400
2025-12-30,482.8666136001516,486.5929730105466,482.43933166580535,484.4068603515625,13944500
2025-12-31,484.7645645601486,485.06269150087525,480.25317705215497,480.5711669921875,15601600
2026-01-02,481.3363251826272,481.6046121327098,467.1960229709088,469.95849609375,25571600
2026-01-05,471.071443053882,473.0687813775576,466.5401924921144,469.86907958984375,25250300
2026-01-06,470.81304872472026,475.7219083069673,466.78859294331005,475.4933776855469,23037700
2026-01-07,476.73551614076564,486.6128550141313,474.936929133209,480.422119140625,25564200
2026-01-08,478.20618966596595,479.6172511411785,472.86010104573086,475.0959167480469,18162600
2026-01-09,471.07145138115897,476.7951491709672,469.2231916595613,476.258544921875,18491000
2026-01-12,473.6649886945649,477.95773148860775,472.68120923483104,474.1717529296875,23519900
2026-01-13,471.68751939768345,472.7805908527595,463.01257439213845,467.70281982421875,28545800
2026-01-14,463.51936213123724,465.24841354789686,454.2879494306214,456.4840087890625,28184300
2026-01-15,461.1940901109254,461.32327541703046,453.02590941718984,453.7811279296875,23225800
2026-01-16,454.94376661538865,460.2699922453042,453.6023014516422,456.9609680175781,34246700
2026-01-20,448.37541805572727,453.92022725149957,446.44764578645413,451.65460205078125,26130000
2026-01-21,449.74670883889326,449.8361378186282,435.9144504613163,441.3102111816406,37980500
2026-01-22,444.79810039972057,449.9851935867555,441.89652570286836,448.2959289550781,25349400
2026-01-23,449.02131930234236,468.1301005814363,447.6897705604439,463.0125732421875,38000200
2026-01-26,462.3766075757791,471.2602507862521,459.0874767807031,467.3152770996094,29291200
2026-01-27,470.7137217228436,479.82589540353166,470.17711748937944,477.5503234863281,29213900
2026-01-28,480.1637149068934,480.69037244143027,474.9865685400099,478.59368896484375,36875400
2026-01-29,437.2162272399066,439.7104135269112,418.36581575660404,430.76715087890625,128855300
2026-01-30,436.4013853645445,436.8286672682951,423.7615739365565,427.5773620605469,58566800
2026-02-02,427.5276741085398,428.02452201181774,419.58805431821895,420.70098876953125,42219900
2026-02-03,419.34957819955315,419.3893041977899,405.9843574339844,408.6176452636719,61424100
2026-02-04,408.4089957411405,417.15350712085007,406.6600813351222,411.5788879394531,45012400
2026-02-05,404.87144402823185,405.7260079125925,389.8467674620769,391.1882629394531,66289200
2026-02-06,396.6535630940219,399.25704122003975,390.4429643868461,398.61114501953125,53515300
2026-02-09,402.2977759502542,412.2744908996196,398.3428555009064,410.99261474609375,45480500
2026-02-10,416.9746165751398,421.009018998737,410.09825878894065,410.6646423339844,44857900
2026-02-11,413.5563153661985,413.8345489802859,398.4819668946231,401.8207702636719,42491000
2026-02-12,402.44681466699853,403.6392618034954,395.50089045865866,399.3067321777344,40802400
2026-02-13,401.90028127287496,402.98340606348665,395.54060384789733,398.7900085449219,34091600
2026-02-17,396.7032617740463,397.9950542597942,392.04282577248057,394.3581237792969,32078800
2026-02-18,395.6201070500213,400.02217209191446,393.8215201082963,397.0808410644531,23223400
2026-02-19,399.07278661262325,402.7976819572589,395.0690225854118,396.8517761230469,28234000
2026-02-20,394.51123443489973,398.5050592846536,393.56508699389525,395.6267395019531,34015200
2026-02-23,393.405742102137,393.7642745182822,381.55377772275136,382.9182434082031,43238300
2026-02-24,382.5895619940176,387.78846403174964,380.1693467763097,387.429931640625,33884700
2026-02-25,388.95376053046306,399.84960746436826,388.5852587696308,398.9831237792969,43625500
2026-02-26,403.0765245044552,405.8453028142193,397.1306190557743,400.0986022949219,34405900
2026-02-27,389.30236795593413,395.2183958601928,388.30640407164015,391.15484619140625,51367200
2026-03-02,391.2743390590049,399.57073485574693,389.0533591512552,396.9413757324219,35474900
2026-03-03,391.5532542396072,405.05852201627056,391.0851500003899,402.2996826171875,38199200
2026-03-04,399.6504140582061,409.3710312257941,398.69429724653685,403.5645751953125,35808000
2026-03-05,402.78771732924594,409.9486695143622,402.7677785996419,409.0224304199219,39001300
2026-03-06,407.54843921074234,411.38287590243635,406.8612216895844,407.30938720703125,31123900
2026-03-09,403.2857003455267,408.55432729115563,401.8714182880504,407.757568359375,30131900
2026-03-10,408.37506928692744,408.5443965203919,401.30371964643086,404.122314453125,31706400
2026-03-11,403.9330670994013,407.35918518479474,399.96912002302975,403.245849609375,25512100
2026-03-12,402.9968458288957,404.4808221962511,400.0886180975,400.2380065917969,27263900
2026-03-13,399.3815063856616,403.16615688192843,392.65875035547907,393.9534912109375,26848000
2026-03-16,396.4633374914087,399.01300251860397,393.1965772756644,398.33575439453125,27733700
2026-03-17,398.6544574759768,402.7677932271478,396.1446394015159,397.7979431152344,26228300
2026-03-18,395.5271224277118,396.3936061005556,389.42185925959103,390.20867919921875,25908500
2026-03-19,388.52551763585893,390.90585551603124,385.4977789148814,387.4498596191406,25138800
2026-03-20,385.2288602760525,385.43800417098345,378.58576812261686,380.3287048339844,50853200
2026-03-23,382.3505545919761,385.64719283721575,380.1395134056624,381.4541931152344,29680100
2026-03-24,380.8167328036651,380.9263046350485,370.34917314154325,371.2355651855469,42733600
2026-03-25,375.39872248264555,375.5381416220395,368.13813722010167,369.5424499511719,31181200
2026-03-26,369.32332012922615,373.2075730440749,363.7160388213271,364.4928894042969,36836600
2026-03-27,360.43934753557875,360.9871459448897,355.07111764854045,355.3300476074219,37883400
2026-03-30,360.43933630538186,363.88536295562653,354.84202394218255,357.5111999511719,44797000
2026-03-31,363.07862179545566,371.3949263066763,361.6046146993887,368.67596435546875,45244400
2026-04-01,371.98254731341393,372.48052926345224,366.7139201659809,367.8791809082031,29417200
2026-04-02,365.7278929006101,372.1319638369453,362.680245817395,371.9526672363281,24099100
2026-04-06,371.9825539180967,372.22160592655575,368.0086676124431,371.3750305175781,16146600
2026-04-07,368.8452727581139,370.9467724245638,365.080530373921,370.78741455078125,21443300
2026-04-08,383.4261612830284,383.44606961738685,369.91092498913014,372.8191223144531,33064800
2026-04-09,370.9965328148009,371.9924966612836,365.5685176937085,371.5642395019531,30435300
2026-04-10,371.47460743717505,374.1238749235223,368.5365019241105,369.37310791015625,28111100
2026-04-13,372.10205289266787,382.98796126737693,369.5225100750242,382.8186340332031,35745800
2026-04-14,386.3543213772784,393.09698589720546,384.95994763093,391.5233459472656,37504500
2026-04-15,396.3936283702306,412.69755239260473,395.1287651714373,409.5602722167969,45063400
2026-04-16,418.16537187855886,419.12151906860663,410.4765600541581,418.56378173828125,41642400
2026-04-17,423.10539315661504,429.83808848207923,418.99205736838906,421.0835876464844,48568200
2026-04-20,419.4501847919345,421.6213787702164,414.6197538627068,416.38262939453125,27582200
2026-04-21,418.5438369146158,425.45582843737157,415.516128706763,422.4480285644531,32048500
2026-04-22,424.4698510786937,431.9495495900464,421.9600330275293,431.1726989746094,29378200
2026-04-23,418.19529609754903,421.9500690544079,409.7495112929088,414.0719909667969,38308000
2026-04-24,415.28707116170386,423.23487407473965,414.12178001797366,422.90618896484375,27457400
2026-04-27,420.6752229306716,425.38611256831246,415.3866572294081,423.1053771972656,30867300
2026-04-28,422.8563830057505,428.1847957314844,420.197146128082,427.5174865722656,30438100
2026-04-29,422.8663369761165,425.0973167681131,418.59367375245296,422.746826171875,38288300
2026-04-30,409.15192465494977,412.74737011555624,396.4035989759817,406.1341552734375,70909400
2026-05-01,411.1338775963461,415.4264794885345,408.7834174283456,412.76727294921875,31372400
2026-05-04,409.87897009526375,419.0816663151199,409.14193618030583,411.9505615234375,28066500
2026-05-05,413.6437044066962,415.09780308537887,407.1500007946646,409.7196044921875,25700900
2026-05-06,406.3532485673598,416.73120520087787,403.4748984673602,412.2891845703125,30285900
2026-05-07,418.41437649189606,426.25263786097554,417.06984955189336,419.07171630859375,34942400
2026-05-08,415.70537649227293,416.9403619714099,412.32904436576047,413.44451904296875,33383800
2026-05-11,406.22377045102496,411.02432350049145,403.86334099070683,410.99444580078125,35657900
2026-05-12,412.8071154720842,413.8229876767416,404.9987623844293,406.1241760253906,38594200
2026-05-13,401.57265715241186,404.6700902960666,399.41140211310335,403.57452392578125,29667100
2026-05-14,402.8474630718804,410.17774231087935,399.2619871856725,407.7774658203125,27077500
2026-05-15,412.5979239362014,426.4418454559798,411.2434277199191,420.2170715332031,50771200
2026-05-18,414.93848271907115,423.40417602339767,413.9325494355234,421.83056640625,32564100
2026-05-19,428.16486989475214,430.9535870211983,414.808990493047,415.7352600097656,33018700
2026-05-20,412.49835957243755,420.3963455784958,409.63991780241736,419.36053466796875,27864000
2026-05-21,423.9518891931334,425.5388979071037,414.92886694253497,418.3025207519531,31393500
2026-05-22,418.7517174636334,423.60257118762803,415.54772693408205,417.7835388183594,22390300
2026-05-26,415.6475333356961,418.9812539216563,412.24393696715845,415.248291015625,30398000
2026-05-27,410.23773822181624,415.15846763645,408.8104019854481,411.8946228027344,28901500
2026-05-28,412.2040283766931,428.68298564682067,411.89461329838434,426.18768310546875,47250500
2026-05-29,431.7372486144539,449.48383969057267,431.54760317786213,449.3940124511719,79654400
2026-06-01,463.96658383705716,465.4438139523178,457.40892124774234,459.6546936035156,53628900
2026-06-02,446.0403151791343,452.64787129328397,439.6024225764256,440.48077392578125,37036800
2026-06-03,437.62618910935214,439.56254639446627,423.45285793258154,426.53704833984375,39037000
2026-06-04,434.9911260035114,435.33048350032107,425.60879436274143,427.2456970214844,26899500
2026-06-05,427.5351398188391,428.66302140752947,413.6213308264138,415.8870849609375,34782200
2026-06-08,413.3618539280056,416.37616844333525,407.79232157753756,410.9663391113281,32086700
2026-06-09,408.26144336727174,411.20591258759293,397.7312786929967,402.6520080566406,35317300
2026-06-10,397.80110870103243,404.2789346443135,396.41373636313654,396.61334228515625,32576000
2026-06-11,394.46741202742857,396.1043451719433,383.278483574852,389.6065673828125,47224100
2026-06-12,390.6945042817559,391.003919361718,381.55171206615995,390.00579833984375,34865800
2026-06-15,396.05442037645633,400.99513175706005,392.11186050588947,399.0088806152344,32266400
2026-06-16,395.0463355104342,396.094350419825,389.9559121071713,393.0899963378906,31506800
2026-06-17,389.51671695343225,389.6364865987809,376.6110198431126,378.1980285644531,41987800
2026-06-18,377.11008548581106,380.6534028700893,372.5786075934489,378.6871032714844,59714200
2026-06-22,375.0339909424311,380.9129385065033,366.3802985575179,366.6497802734375,45171100
2026-06-23,371.6802994138851,376.51120135394876,369.9735210485466,373.23736572265625,40647600
2026-06-24,370.87185096853153,378.16811350773463,364.09460041679364,364.7733154296875,44509900
2026-06-25,362.0883479855026,363.5456265920902,348.54386902384044,352.1670227050781,66179000
2026-06-26,356.4789138154501,375.90234020580533,354.762144454129,372.2691955566406,186201600
2026-06-29,376.790685328561,379.7850483907747,359.2237492715265,367.8774719238281,51229900
2026-06-30,370.3328407149792,373.44697342275583,366.7595808670141,372.319091796875,44945700
2026-07-01,380.1144231011508,388.09939143880604,374.18561213385976,383.5579528808594,48065800
2026-07-02,383.7575696594082,391.4630649298244,382.97903650468743,389.7562561035156,42128900
2026-07-06,386.31276024010407,388.418780928489,380.5036887115837,386.0133056640625,34224500
2026-07-07,391.75251064257776,394.8267404517197,387.4905448392632,388.109375,29297500
2026-07-08,383.3084264217563,384.58602015004215,380.6134873969759,382.6197204589844,25908300
2026-07-09,373.74643420118315,383.92725049460796,372.64849496928053,383.6377868652344,31083200
2026-07-10,387.07131223677504,391.1736053926777,380.783162110783,384.37640380859375,24644600
2026-07-13,387.02143811329415,392.91034623109437,383.4281962321871,390.2553405761719,28914900
2026-07-14,382.1007052927433,387.46061042423804,377.93852713765,384.20672607421875,27863900
2026-07-15,387.07132248997675,398.2103568181361,385.6739591427675,394.8866271972656,36253700
2026-07-16,397.56157784187184,405.2271399033625,391.31333055964967,400.3463439941406,37047400
2026-07-17,394.1180409920291,397.64143734197864,388.6583483977542,393.08001708984375,33049800
2026-07-20,390.67455694621333,402.4224305318551,388.91785418191677,401.53411865234375,27915800
2026-07-21,398.0606303262699,400.7156358198418,395.57531880381754,397.00262451171875,24126600
2026-07-22,398.8291961465565,400.246541441447,386.2329133568751,389.6065673828125,28142500
2026-07-23,389.23725659651495,391.04385321150613,376.68090752842744,380.8630065917969,30351800
2026-07-24,386.32274187573427,388.29903252889795,379.9347732203772,380.9828186035156,27659400
2026-07-27,389.3470355932277,393.45931979821836,387.2609663085435,388.368896484375,27856200
2026-07-28,392.4212554523594,399.56780545733704,390.5647345556998,392.61090087890625,32367500
2026-07-29,392.6607942930367,400.4960502148319,388.00954678983055,389.8061828613281,47209000
2026-07-30,437.07720086969465,457.8281459885008,431.6274684759506,450.2524108886719,110160700
2026-07-31,449.1544591210436,465.962813447145,448.4857046349594,463.8468017578125,60846000
2026-08-03,475.2353605631651,490.7261876465455,474.10747895013026,486.73370361328125,66762100
2026-08-04,479.99640781848416,498.50158065157444,478.2696778930625,491.884033203125,50455500
2026-08-05,495.42733843271316,497.3038108374591,484.7674131728324,486.5440673828125,33388900
2026-08-06,487.6319998350186,500.61756372489685,487.60205742358346,498.9207458496094,36441500
2026-08-07,498.2719734340298,504.23075699317457,497.79289485093346,499.0505065917969,28846200
2026-08-10,502.4940586092805,512.7647021753171,501.32624359045303,505.109130859375,31206100
2026-08-11,503.3823542433026,504.38047525067043,498.61133704649393,502.86334228515625,23049800
2026-08-12,499.0505227551261,500.557695253814,490.59643643442394,491.5047302246094,29001500
2026-08-13,492.34314786956145,500.3979918654044,492.0836571155829,495.9463806152344,23039000
2026-08-14,495.42733437790497,499.07050046550256,492.991947114923,494.4691467285156,16217600
2026-08-17,489.21906226283284,491.73431632358415,477.51109147171053,479.44744873046875,29635800
2026-08-18,480.6352093836093,483.36006030134655,476.2534434403709,480.72503662109375,24087600
2026-08-19,479.16797047398614,488.3806080919379,478.4592826108848,483.3999938964844,19961900
2026-08-20,483.29998779296875,484.1600036621094,479.5,481.1499938964844,20020800
2026-08-21,479.8800048828125,486.3599853515625,478.5299987792969,483.239990234375,22510800
2026-08-24,483.2099914550781,490.6099853515625,481.8599853515625,487.30999755859375,17230800
2026-08-25,485.44000244140625,492.44000244140625,484.29998779296875,491.7099914550781,19519000
2026-08-26,487.8500061035156,497.3999938964844,487.30999755859375,496.3699951171875,20758900
2026-08-27,494.8800048828125,506.4800109863281,490.0799865722656,505.05999755859375,28688800
2026-08-28,505.3299865722656,517.780029296875,504.8699951171875,513.530029296875,29207300
2026-08-31,510.3800048828125,512.1900024414062,506.3900146484375,507.2900085449219,27208900
2026-09-01,497.5199890136719,505.9700012207031,496.7799987792969,501.0199890136719,21046900
2026-09-02,499.8500061035156,500.2699890136719,493.80999755859375,496.82000732421875,15336100
2026-09-03,501.6600036621094,515.6500244140625,500.79998779296875,510.1199951171875,24125900
2026-09-04,510.0,511.0,499.3599853515625,499.70001220703125,18101800
2026-09-08,493.010009765625,495.19000244140625,490.1499938964844,493.95001220703125,18882300
2026-09-09,493.07000732421875,494.3900146484375,489.79998779296875,491.6499938964844,12889600
2026-09-10,488.32000732421875,494.5199890136719,486.0,492.44000244140625,16038800
2026-09-11,495.6499938964844,498.9700012207031,492.5799865722656,495.6300048828125,14510500
2026-09-14,497.05999755859375,509.95001220703125,495.3399963378906,505.4100036621094,23091900
2026-09-15,500.05999755859375,505.8999938964844,495.5400085449219,497.1199951171875,17794600
2026-09-16,493.0299987792969,495.9700012207031,487.2300109863281,490.29998779296875,16670300
2026-09-17,497.79998779296875,501.4700012207031,493.1700134277344,497.75,17841600
2026-09-18,497.9700012207031,498.6499938964844,491.1000061035156,493.7799987792969,39622300
2026-09-21,494.95001220703125,501.8699951171875,491.3299865722656,501.6099853515625,27959900
2026-09-22,507.32000732421875,508.5,493.6499938964844,498.0,21652800
2026-09-23,500.760009765625,509.44000244140625,495.8800048828125,500.5899963378906,19445600
2026-09-24,495.07000732421875,498.8999938964844,491.2200012207031,497.92999267578125,16657600
2026-09-25,499.0400085449219,519.4000244140625,497.25,516.1699829101562,38193100
2026-09-28,505.4700012207031,513.3300170898438,502.2200012207031,509.2200012207031,19626900
2026-09-29,508.30999755859375,513.6400146484375,502.3999938964844,508.9599914550781,21341800
2026-09-30,511.6099853515625,519.8300170898438,510.30999755859375,512.9000244140625,27223300
