date,open,high,low,close,volume
2017-01-03,59.56198579562317,59.82396545409183,59.04456747534672,59.52923583984375,10360600
2017-01-04,59.67986166044055,59.69950962954124,58.78256609496707,58.87425994873047,9434200
2017-01-05,59.07075640028374,59.14280229319944,57.924578100004226,57.99662399291992,14443200
2017-01-06,58.1538173645938,58.278261188925754,57.51850625691774,57.9638786315918,16518100
2017-01-09,57.78050051169918,57.78050051169918,56.68671986422582,57.00764846801758,13762300
2017-01-10,57.09279920004061,57.18449309942369,56.26755410559289,56.2806510925293,13283100
2017-01-11,56.260992029730154,56.94869613961934,56.23479306407603,56.85700225830078,11183700
2017-01-12,57.15828752191555,57.23033343409516,56.372338476064435,56.54917526245117,10407000
2017-01-13,56.50332716315259,56.77186282977729,56.43783224349405,56.55572509765625,8415600
2017-01-17,56.70638331612646,57.236898805515935,56.49024552528503,57.21725082397461,13237300
2017-01-18,57.020762848989406,57.2500026328618,56.35925746341535,56.50989532470703,11831700
2017-01-19,56.30684948466266,56.39199239123113,55.40300249011464,55.49470138549805,16382900
2017-01-20,55.95972587133351,56.300302518905184,55.70429213641899,56.25445556640625,18739700
2017-01-23,56.11690643509613,56.24789628093924,55.50779415773533,55.651885986328125,11433900
2017-01-24,55.65843165423355,55.979360243713444,55.56018678077674,55.730472564697266,11858100
2017-01-25,55.894222259521484,56.24790086847438,55.835278323167365,55.894222259521484,9578500
2017-01-26,56.123447819765865,56.215141695549164,55.750121326379144,56.06449890136719,8779400
2017-01-27,55.86800958213208,56.1627391591178,55.6977188281038,56.005550384521484,10947900
2017-01-30,55.9466171898581,55.966265167585355,55.1344691298295,55.57984161376953,12789200
2017-01-31,55.69773074879231,55.71737872520437,54.44675628317526,54.94452667236328,19128100
2017-02-01,55.016558747623975,55.121354591389164,54.06031915950056,54.322303771972656,15111800
2017-02-02,54.499167963639756,54.70875475979912,54.06689738272379,54.65635681152344,12200100
2017-02-03,54.820077117148784,54.83317909802053,54.29611281193572,54.71528625488281,12746300
2017-02-06,54.7218453012105,54.787340224386284,54.31576878241289,54.56465148925781,9938200
2017-02-07,54.512249795606905,54.76768345283598,54.001377484207225,54.21096420288086,11705200
2017-02-08,54.19111804388899,54.27704449997306,53.64914095624464,53.85403823852539,14006300
2017-02-09,53.854066135637034,54.23080643997754,53.854066135637034,54.092002868652344,9603000
2017-02-10,54.36960377364783,54.7066837462144,54.28367727494133,54.541446685791016,8739800
2017-02-13,54.70668330017186,54.97767449752148,54.4290862511563,54.85870361328125,9071600
2017-02-14,54.799203520968675,54.924780217524976,54.23739366204684,54.739715576171875,11370500
2017-02-15,54.620773926888674,54.977686658558255,54.50180301633215,54.96446990966797,11768500
2017-02-16,54.93803078034883,55.1363122673936,54.31012679811726,54.396053314208984,10615000
2017-02-17,54.257236427914854,54.32333528337524,53.827624123230464,54.039127349853516,15646000
2017-02-21,54.27705842491561,54.29688606059649,53.73508119822537,54.125038146972656,16419600
2017-02-22,53.966407680612676,53.99945205654654,53.45086902381824,53.49052429199219,12917400
2017-02-23,53.814403510401945,54.34316410982515,53.5566341049077,54.052345275878906,13847000
2017-02-24,53.93338207081615,54.065574760807614,53.37818790075855,53.589691162109375,11338700
2017-02-27,53.62273511856471,54.006086352483536,53.411231858925966,53.89372634887695,13465900
2017-02-28,53.88710861288192,54.19114419485102,53.56985628501625,53.74831008911133,16834200
2017-03-01,53.99948131246055,55.07683041278444,53.99948131246055,54.87193298339844,17482100
2017-03-02,54.72652124193699,55.68489425961812,54.71991034700092,55.0569953918457,14170300
2017-03-03,55.05699206821611,55.25527352061046,54.36960527278528,54.501792907714844,12190400
2017-03-06,54.48857610234115,54.792611696458344,54.41587139041802,54.74634552001953,9617200
2017-03-07,54.93140877056035,55.050379655770584,54.29028816929604,54.541446685791016,12711500
2017-03-08,54.42907668305923,54.44890431984129,53.543408622567554,53.55662536621094,16817700
2017-03-09,53.298868854341656,54.012694206419,53.080754711878825,53.979644775390625,14721800
2017-03-10,54.488552320368804,54.50837995266936,53.64253972465961,53.939964294433594,11355200
2017-03-13,53.86727678398243,54.15809559744082,53.56985211940686,53.81439971923828,9571400
2017-03-14,53.53681948347142,53.688839831628776,53.166689999451435,53.530208587646484,11335700
2017-03-15,53.768136555783265,54.23740918570902,53.56985511585343,54.19775390625,11970300
2017-03-16,54.2175876472559,54.3299476467905,53.979645858455974,54.24402618408203,9923800
2017-03-17,54.217581545979506,54.36960185496363,54.0787830252382,54.19775390625,18834100
2017-03-20,54.01268921192826,54.22419244010092,53.82762451760652,54.19775390625,7700300
2017-03-21,54.303513773000006,54.42909051875221,53.93337930265677,54.08539962768555,13387700
2017-03-22,54.17131497550491,54.257236427914854,53.82101322915749,54.039127349853516,11168400
2017-03-23,53.95322711569474,54.34318937365333,53.840867074938096,54.105247497558594,8928000
2017-03-24,54.21757922644426,54.21757922644426,53.63594663451151,53.68882369995117,9128500
2017-03-27,53.41784507980749,53.82102397395978,53.398017436264865,53.70205307006836,8481200
2017-03-28,53.74831199417689,54.21097375647751,53.51037021852657,54.092002868652344,11028600
2017-03-29,53.99287034656572,54.38282743831052,53.90033798436744,54.21097946166992,8495500
2017-03-30,54.217579273566955,55.43372656656361,54.15809635687152,55.32136154174805,44704900
2017-03-31,55.030553922051354,55.06359830970002,54.10522534309245,54.204368591308594,21750400
2017-04-03,54.21097675239054,54.40265236240355,53.768142606482186,54.24402618408203,11438700
2017-04-04,54.263843873670446,54.47534708685305,53.754916000355365,54.44230270385742,9270900
2017-04-05,54.75956462118412,55.222231448102605,54.50840608723541,54.54806137084961,13809100
2017-04-06,54.693470333089564,54.99750593767994,54.50179472620179,54.865318298339844,9554900
2017-04-07,55.017317873698275,55.096633460241485,54.64718855509749,54.70006561279297,8909600
2017-04-10,54.93802381697039,55.169354710519464,54.80583113306001,54.94462966918945,8885300
2017-04-11,54.911576140578575,54.971059056461314,54.475347920234064,54.75294494628906,8576500
2017-04-12,54.766166299383215,55.09002949387844,54.66041217069573,54.838871002197266,9516100
2017-04-13,54.673642436547674,54.680253331274415,53.913550907297896,53.99286651611328,8667900
2017-04-17,54.098612191466216,54.17792779525703,53.82762603645862,53.92015838623047,9577200
2017-04-18,53.74830088045432,54.0787749402315,53.556625320667486,53.569847106933594,8821400
2017-04-19,53.64917114072349,53.87389618003469,53.07414935944368,53.19972610473633,10764400
2017-04-20,53.5037547486066,54.02590443148522,53.33851769868177,53.54341506958008,11649100
2017-04-21,53.49053915378647,53.536805327055085,53.18650358050208,53.331912994384766,9816700
2017-04-24,53.721872320044966,53.80118792445879,53.411225839384464,53.60951232910156,8729700
2017-04-25,53.82100827590643,54.15148235225545,53.72186504447488,54.01929473876953,10733800
2017-04-26,53.88047324435014,54.41584449872199,53.79455182846375,53.80116271972656,9445900
2017-04-27,53.583063112315386,53.73508339647734,53.49714167330535,53.70864486694336,12385300
2017-04-28,54.50178177278628,54.521609409711346,53.90692745186423,53.96641540527344,12072200
2017-05-01,53.873900567256314,54.33656238787501,53.85407292389203,54.23741912841797,8664100
2017-05-02,54.29030263929009,54.58772741027084,54.13167643094277,54.23081970214844,9102900
2017-05-03,54.17794139791445,54.90498363264942,54.138286107380075,54.660430908203125,10289000
2017-05-04,54.38942566986412,54.43569184019098,53.80118220029363,53.959808349609375,16164500
2017-05-05,53.95321001802678,54.35638890016308,53.93999327027083,54.21097946166992,10213000
2017-05-08,54.197763314439484,54.81905636119962,54.197763314439484,54.786006927490234,8097100
2017-05-09,54.83227783192091,54.85871637263851,54.3035221454771,54.40266036987305,8647100
2017-05-10,54.78962630161937,54.95642374581423,54.476046292092384,54.64951705932617,9520300
2017-05-11,55.10318854376028,55.183253131045475,54.776267053621595,55.11653518676758,10047300
2017-05-12,54.96975858848712,55.183259087372754,54.876352438365494,55.07651138305664,7480200
2017-05-15,55.37674874838313,55.49684310590544,55.14323335604914,55.24331283569336,10881500
2017-05-16,55.310026758360706,55.53020057947029,55.00978834132398,55.07651138305664,9574200
2017-05-17,55.076522066682614,55.40344365552385,54.68287742316592,54.7028923034668,11151100
2017-05-18,54.5561157586968,54.80965117788097,54.322600312281075,54.54277420043945,9905800
2017-05-19,54.70955631713958,54.7696009478245,54.50272913555347,54.6628532409668,13028500
2017-05-22,54.7829512945581,54.929733855378146,54.66285693481933,54.903045654296875,9218700
2017-05-23,54.92306775897567,55.30336576647669,54.8696913497902,55.09653854370117,6857200
2017-05-24,54.98977849012059,55.069843093364405,54.71623333698187,54.903045654296875,8136000
2017-05-25,54.92974556321691,55.18327589214613,54.38931828407772,54.54277420043945,12370900
2017-05-26,54.44935440100938,54.5761220788897,53.92894722482192,54.409324645996094,8227100
2017-05-30,54.229160319974504,54.26919006004158,54.06903626945441,54.109066009521484,8973600
2017-05-31,54.002332012750415,54.00900024428214,53.688752062154514,53.70876693725586,13572300
2017-06-01,53.622032523078914,53.97564221337916,53.50193818578327,53.842201232910156,9884100
2017-06-02,53.76881451685122,53.82886423570772,52.88145610033359,53.04158020019531,21687300
2017-06-05,53.00156050876975,53.63538879663446,52.97487230535117,53.45524978637695,11527100
2017-06-06,53.5753435950141,54.25587495916387,53.52196718873647,54.1824836730957,12208600
2017-06-07,54.075740310351954,54.309255743824615,53.60203102926568,53.98233413696289,13096500
2017-06-08,53.982323063836986,54.09574409536469,53.70209951089598,53.78883743286133,11720700
2017-06-09,54.1424444894188,54.8029608588078,53.83553784212438,54.796287536621094,13553900
2017-06-12,54.79629753536256,55.83711710551246,54.79629753536256,55.33005142211914,18172900
2017-06-13,55.276668231598855,55.55688669714199,55.08985592123677,55.350059509277344,12175500
2017-06-14,55.249978883951385,55.25665220639819,54.41599173697589,54.75625991821289,13714000
2017-06-15,54.56278041235221,54.976439916164466,54.429344489963306,54.883033752441406,11862600
2017-06-16,55.116541582878114,55.73702820814861,54.84299136226533,55.70366668701172,39726100
2017-06-19,55.70365548789076,55.70365548789076,55.07650075668399,55.216609954833984,10445700
2017-06-20,54.75627294967029,55.02314991826727,54.31593027820185,54.91639709472656,13232600
2017-06-21,54.73623882292902,55.12987826826114,54.13576712727129,54.3359260559082,11422300
2017-06-22,54.34260969575756,54.429347631545475,53.975658342881104,54.09575271606445,8139900
2017-06-23,53.942263987999205,54.50270575187588,53.88221938307564,54.4493293762207,10611200
2017-06-26,54.42266942105912,54.54276378345855,53.98232681909722,54.20249557495117,7718700
2017-06-27,54.3425990432637,54.529416435125974,54.11575698852539,54.11575698852539,9221600
2017-06-28,54.31590989351462,54.54942524455344,54.16912736136083,54.39596939086914,9189700
2017-06-29,54.289222154665175,54.60279700569826,53.648720719172715,53.842201232910156,20525100
2017-06-30,54.095743777756475,54.20249148614003,53.84220842612001,53.86222839355469,14000600
2017-07-03,53.9022737355398,55.03649455266225,53.8555706451937,54.77629089355469,8422300
2017-07-05,54.49604071479934,54.49604071479934,53.722098420927644,53.9422721862793,9830800
2017-07-06,53.94896882398486,54.09575139765989,53.43522981612227,53.45524978637695,9822400
2017-07-07,53.50861838069803,53.77549531105208,53.248414773422695,53.52196502685547,10777800
2017-07-10,53.37518459593335,53.64873486030956,53.348496392804876,53.481937408447266,6338300
2017-07-11,53.595350824473236,53.87556928205029,53.40186519702616,53.775489807128906,9681100
2017-07-12,54.16914575564703,54.389314538387836,53.87558059165314,54.015689849853516,7974000
2017-07-13,54.022354125976555,54.10241363710861,53.86223001345869,54.02235412597656,5582300
2017-07-14,54.04235947289594,54.315909661697404,53.88890361986658,54.22917175292969,7497200
2017-07-17,54.04237314362566,54.32926495775137,53.92895210066423,53.94896697998047,7914700
2017-07-18,54.05570826470596,54.095743108826646,53.64872722313178,53.775489807128906,8046100
2017-07-19,53.66872712741232,53.95561882734722,53.55530103934345,53.9422721862793,9393200
2017-07-20,54.022358264309425,54.36929471638384,53.875575695651506,53.94896697998047,9681000
2017-07-21,53.808859573728064,53.93562217714841,53.375185176121214,53.45524978637695,12268600
2017-07-24,53.41522239896286,53.52197522755202,53.21506848074075,53.28845977783203,9403000
2017-07-25,53.88892330254571,54.075740741066525,53.555328369140625,53.555328369140625,11465300
2017-07-26,53.762164324384074,53.9756648925891,53.508628900090244,53.62205505371094,10465100
2017-07-27,53.53529149797754,53.96229243012521,53.30844947975962,53.92893600463867,11149700
2017-07-28,53.1416531423817,53.32179209631229,52.22092822822852,53.10829162597656,22800800
2017-07-31,53.26176148424026,53.63538613303708,53.10830559476781,53.40187072753906,12820200
2017-08-01,53.481910566641986,53.73544073373797,53.35514293796813,53.48857879638672,10421200
2017-08-02,53.308459044500474,53.80217800645818,53.24174109130406,53.775489807128906,10410100
2017-08-03,53.60202698610366,53.92228033517732,53.575343873080634,53.70210647583008,10136700
2017-08-04,53.668745189052956,53.74880470139518,53.40854159343304,53.515289306640625,8292200
2017-08-07,53.48860564153868,53.48860564153868,53.28177843011081,53.481937408447266,7893800
2017-08-08,53.38852142472205,53.52196242854801,53.261758833904665,53.34849166870117,9028400
2017-08-09,53.54197750750598,53.60869546454245,53.22839751015536,53.515289306640625,8087100
2017-08-10,53.73086653918125,53.74433741344223,53.15825930061195,53.19867706298828,12580300
2017-08-11,53.36036731936423,53.387314214583526,52.67997234896251,52.686710357666016,10192400
2017-08-14,52.9628943249479,53.077414736328535,52.62606595764508,52.70016860961914,8862500
2017-08-15,52.626060209255,52.713633724934525,52.32964963373595,52.572166442871094,10350900
2017-08-16,52.57217076829907,52.659744291183785,52.08039910387167,52.18818664550781,9117100
2017-08-17,52.04671111422024,52.06018198499625,51.33936961806642,51.37305450439453,13400400
2017-08-18,51.31917731405514,51.94567836908597,51.23160377675176,51.629058837890625,14324300
2017-08-21,51.514523523679905,51.61557304650095,51.25179784810052,51.45389175415039,10084900
2017-08-22,51.56842747164379,52.093878926569865,51.55495145815719,51.69641876220703,9503600
2017-08-23,51.66946376007403,51.87830081957228,51.514525606464055,51.60883712768555,7054300
2017-08-24,51.5347321855691,51.63578170796905,51.332633140769204,51.42021179199219,8678300
2017-08-25,51.57515009396128,51.95913416856332,51.48757658206686,51.68293762207031,6844900
2017-08-28,51.80420661311027,51.831153500647,51.37306669170917,51.51453399658203,8229700
2017-08-29,51.33936908146822,51.52799210791321,51.25179557335933,51.50104522705078,7060400
2017-08-30,51.35958175334762,51.5010490336376,51.23832335030015,51.2652702331543,8218000
2017-08-31,51.37978889927688,51.527994180184514,51.23158875796146,51.42021179199219,15641700
2017-09-01,51.447172244615764,51.770524634078484,51.41348734839968,51.58190155029297,7361100
2017-09-05,51.62904931799303,52.11408296659347,51.608840439233475,51.99282455444336,12784800
2017-09-06,52.4711359207303,53.36710083790766,52.262303924844716,53.0706901550293,18574400
2017-09-07,53.23235195950816,53.441189038441564,52.956155375824885,53.23908996582031,9836400
2017-09-08,53.22562216176844,53.245831042277224,52.9696293030753,53.097625732421875,8436000
2017-09-11,53.49508613330379,53.50181900044133,53.15151974433968,53.387298583984375,12955800
2017-09-12,53.488341384133506,53.68370243795392,53.38055384840118,53.55570602416992,7644400
2017-09-13,53.55570194688728,53.737586975097656,53.47486130124256,53.737586975097656,8369700
2017-09-14,53.79147556672902,54.047468350193775,53.737581808147844,53.95315170288086,9072600
2017-09-15,53.97337452573915,54.03400115934374,53.5893904274658,53.93968963623047,16043700
2017-09-18,53.751057817588986,53.98683658689202,53.69042605428724,53.95315170288086,8594400
2017-09-19,53.93295342844964,54.155261371596275,53.88579766532091,54.040740966796875,9277100
2017-09-20,54.08115228554234,54.33714508884483,54.067681414648995,54.26304244995117,10606900
2017-09-21,54.22262483508218,54.24957171908347,53.73085833593831,53.81843185424805,11984200
2017-09-22,53.70390522617179,54.09462728950611,53.67022034017704,53.8386344909668,10205800
2017-09-25,53.91274219926143,54.56618998812064,53.87906244969093,54.55271911621094,10496600
2017-09-26,54.370822297728644,54.56618332391095,54.2697727821734,54.49208068847656,8755100
2017-09-27,54.4920826636913,54.86932871987388,54.42471803074328,54.855857849121094,9724500
2017-09-28,54.990584818515195,55.54298300896717,54.94342906346168,55.367835998535156,15581700
2017-09-29,55.199447760700785,55.2802832989651,54.95693086671935,55.22639465332031,9944000
2017-10-02,54.76828635888285,55.11858554687904,54.734601471371256,54.9905891418457,6777900
2017-10-03,54.842388171426606,55.21963423581591,54.76828553169411,55.07816696166992,6082000
2017-10-04,55.105111418108386,55.152267174081665,54.86932749865006,55.09837341308594,6357100
2017-10-05,55.05123626804578,55.40153555375831,54.96365759192239,55.25333023071289,7375900
2017-10-06,55.084908573355875,55.16574923124262,54.80871198653052,55.044490814208984,6070600
2017-10-09,55.1320629365228,55.3611088915793,55.078174305562015,55.26005935668945,7489900
2017-10-10,55.46888954478963,55.7383532494718,55.30047537181236,55.415000915527344,7218500
2017-10-11,55.347645101355425,55.738362138885634,55.33416908719612,55.64405059814453,7023700
2017-10-12,55.44867747880621,55.576673887580505,55.35436595852801,55.529518127441406,6647500
2017-10-13,55.731603041356905,55.96738178224055,55.48234829265644,55.51603317260742,7180000
2017-10-16,55.71139693801554,55.87981108249514,55.603614558136336,55.785499572753906,5734000
2017-10-17,55.6642505909276,55.89329653871852,55.60362395567254,55.886558532714844,6444100
2017-10-18,55.886545045902395,56.1762175590432,55.60361053713922,55.75181579589844,6367100
2017-10-19,55.47562802830947,55.94719080046048,55.46215715577611,55.73835372924805,7945500
2017-10-20,55.81246148147007,56.00108455174384,55.65752330499942,55.987613677978516,9574100
2017-10-23,56.01454579896458,56.42547672498867,55.94044316380667,56.075172424316406,9829900
2017-10-24,56.284019196610245,56.459166237654664,56.12233788851778,56.230125427246094,7551200
2017-10-25,56.21664963472926,56.40527782824071,55.879821284276495,56.02802658081055,9153300
2017-10-26,56.16276078533726,56.35138383851908,55.987608604700114,56.230125427246094,9154500
2017-10-27,55.91350430189035,56.7488371439411,55.2465856294236,56.39179992675781,14866200
2017-10-30,56.39180312314989,56.55347929602872,56.18970919194957,56.27728271484375,7811100
2017-10-31,56.351383426635,56.37159230510067,56.02802595240628,56.14928436279297,9754200
2017-11-01,56.1762343353883,56.546747592935596,56.08866081069211,56.49959182739258,9430000
2017-11-02,56.3176864535174,56.39178908505504,55.85286692975319,56.270530700683594,7775500
2017-11-03,56.19642037318557,56.3446256159645,56.02127339498399,56.03474426269531,6903500
2017-11-06,56.115611086489714,56.49959524041945,55.95392976092425,56.41875457763672,9276700
2017-11-07,56.41199685064478,56.46589060699339,55.93370132713175,56.30421447753906,8471800
2017-11-08,56.15602277926856,56.25033430585947,55.819194430131674,56.230125427246094,8691600
2017-11-09,56.11560301352272,56.681472152814294,55.9673977228723,56.566951751708984,10528800
2017-11-10,56.43777085768687,56.48536303495382,56.036632346015494,56.39017868041992,8693700
2017-11-13,56.19300585640351,56.49215444190499,56.15900922327115,56.356178283691406,6720400
2017-11-14,56.03663386360094,56.26099921414637,55.8122685130555,55.91425323486328,9251700
2017-11-15,55.5811274579573,55.81228806702809,55.17319361496397,55.213985443115234,9663600
2017-11-16,54.69045006677148,54.96920276287065,54.49328099530708,54.77203369140625,10527200
2017-11-17,54.608870241796936,54.84003598634023,54.50009032866292,54.55447769165039,9536400
2017-11-20,54.54765953500938,54.8264121595573,54.39808267869527,54.76522445678711,8468600
2017-11-21,54.860437945769505,55.24117546446426,54.82644130138905,54.982818603515625,8838400
2017-11-22,55.179968596884926,55.34994138553404,55.105180154906684,55.1391716003418,7941600
2017-11-24,55.37034740396857,55.54711540169779,55.22077049269093,55.356746673583984,3851300
2017-11-27,55.28875355336022,55.343146095632726,55.08478411341753,55.14597702026367,9127500
2017-11-28,55.349946343675214,55.751079670984105,55.28195307239857,55.52671432495117,9794600
2017-11-29,55.51312874109343,55.961854326494645,55.39754845864334,55.93465805053711,9725000
2017-11-30,56.0570357346529,56.70293558338298,56.02984464729239,56.62814712524414,18592700
2017-12-01,56.73012165236905,57.199243038749835,56.02983456773796,56.743717193603516,13779300
2017-12-04,56.57377348574739,57.233269098591315,56.430996887166856,56.81853485107422,12597700
2017-12-05,56.709724594499434,56.9544806418523,56.233797666436,56.356178283691406,9357200
2017-12-06,56.32899751921425,56.56695845516591,55.89386746857138,55.94145965576172,13398900
2017-12-07,56.02303435889186,56.172611248676006,55.86665710489261,56.12501907348633,11359600
2017-12-08,56.08420173878006,56.3629595117813,55.92782972864059,56.19978713989258,11988600
2017-12-11,56.45817441938909,56.60095097054941,56.25420495364063,56.45137405395508,8760700
2017-12-12,56.35616808678346,56.68931324513907,56.22698712884359,56.267784118652344,11307000
2017-12-13,56.165815812911404,56.63494242891613,56.07743181899163,56.5125617980957,10172700
2017-12-14,56.45136769566453,56.655337138439286,56.356183338945215,56.36298370361328,9492400
2017-12-15,56.53976324312027,56.62134687969246,56.34259414280582,56.45137405395508,26582300
2017-12-18,56.55335111859828,56.88649635946692,56.36978277404242,56.39017868041992,9363500
2017-12-19,56.45136909193571,56.546553451009316,55.97544729656768,56.050235748291016,10285100
2017-12-20,56.15902439237867,56.52616634331355,56.104631839538094,56.34259796142578,10620300
2017-12-21,56.66893119625583,57.294429863215385,56.40377403988911,57.00887680053711,13578100
2017-12-22,57.02927263963349,57.1244569937474,56.838903931405675,57.0904655456543,10161400
2017-12-26,57.08365116646513,57.35560862023252,57.042859363904974,57.097251892089844,4777200
2017-12-27,57.104068739024186,57.17885719687173,56.93409591430866,57.04288101196289,7000600
2017-12-28,57.09728248027506,57.1448746711437,56.97490181987576,57.124473571777344,7495300
2017-12-29,57.110853899282866,57.246830047989555,56.866092681884766,56.866092681884766,8523400
2018-01-02,56.98849312480136,57.92674132660266,56.87971320540787,57.811161041259766,11469300
2018-01-03,57.899547100324526,59.13014872536767,57.668381355003135,58.94657516479492,13957700
2018-01-04,59.007771813735225,59.3001253063034,58.763010508926556,59.028167724609375,10863000
2018-01-05,58.98057174682617,59.06895575065451,58.273484154722134,58.98057174682617,11047600
2018-01-08,58.94658129767876,59.252535534745526,58.878593196272696,59.24573516845703,10927100
2018-01-09,59.10976043842123,59.25253701107928,58.91259130841923,58.99417495727539,8131600
2018-01-10,59.15053066302167,59.27971164275097,58.45704396518398,58.52503204345703,10822300
2018-01-11,58.71539805667964,59.40208954634783,58.4230446650116,59.102935791015625,14366000
2018-01-12,59.28650912544927,59.8236237828652,59.27291358412903,59.50407409667969,9834500
2018-01-16,59.653652338010794,59.66725306679714,58.878576786251365,59.1301383972168,10882800
2018-01-17,59.286514010674594,59.97320561498716,59.102945658355814,59.83042907714844,10546000
2018-01-18,59.67406984217371,59.95962819130041,59.38171631335262,59.442909240722656,9223700
2018-01-19,59.53807841860986,59.66725942004409,58.88538342063894,59.252525329589844,13090000
2018-01-22,59.266124312092465,60.02760444749601,59.184540674585726,60.00040817260742,10270400
2018-01-23,60.00037761397477,60.1431540940535,59.65363176969418,60.03437423706055,10281800
2018-01-24,60.16358055010085,60.45593402079297,59.83723562621512,60.19077682495117,10316100
2018-01-25,60.20435462617734,60.42191955495781,59.96638860865993,60.081974029541016,11271900
2018-01-26,60.26555370195152,60.51031494140626,60.14997344641957,60.51031494140625,10514400
2018-01-29,60.23157518673411,60.714302633818185,59.79644511617798,59.837242126464844,9315700
2018-01-30,59.51768010137436,60.08878625629825,59.00096130371094,59.00096130371094,12408000
2018-01-31,58.851384192922616,59.47008771240358,58.69501211221675,59.35450744628906,14404700
2018-02-01,59.49049315080462,60.680303013820705,59.38850841082851,60.55792236328125,17971000
2018-02-02,57.87913269499934,58.477440236733784,56.43096638878449,57.47119903564453,29822100
2018-02-05,56.62133478110493,57.10405688059417,53.11989428165475,54.200923919677734,30452700
2018-02-06,53.378266755426814,54.62926424212297,52.28364136098822,53.26948165893555,36262800
2018-02-07,53.33066204574306,53.990157273626544,52.29722462045419,52.31082534790039,21994500
2018-02-08,52.650774994860726,52.74595934573126,51.69212593474711,51.719322204589844,25650800
2018-02-09,52.37183242444403,52.52980878203597,50.75775076825558,52.049015045166016,29491600
2018-02-12,52.92131278406209,53.31281351010813,52.09022723910286,52.48859786987305,19340400
2018-02-13,52.268794219615636,52.715243584659376,52.01466545443422,52.406166076660156,11926600
2018-02-14,52.055887275038735,52.65344321062351,51.63004227310687,52.51607131958008,17188400
2018-02-15,52.62595729220517,52.68090079637229,51.82234631637795,52.3443489074707,14432400
2018-02-16,52.30313820539392,52.969377297833006,52.09708304106413,52.571006774902344,13722400
2018-02-20,52.522924778958405,53.20976829851544,51.82921135694975,52.02839660644531,13387300
2018-02-21,52.07648606552978,52.50233102098912,51.423986684936835,51.437721252441406,11715000
2018-02-22,51.71933873401009,52.77707354391253,51.64378549898817,52.10396957397461,14020200
2018-02-23,52.26192022992408,53.31279520338606,52.165762557612545,53.2509765625,13378800
2018-02-26,53.39522226252301,54.212567858070614,53.271590199668765,54.15074920654297,16940400
2018-02-27,54.26065033943423,54.85820622331568,53.230384826660156,53.230384826660156,14629500
2018-02-28,53.6836994979786,53.74551290807164,51.9940595926228,52.02153396606445,17087800
2018-03-01,51.87730589743056,52.66717723206223,51.41712185767361,51.6506462097168,15696700
2018-03-02,51.437710125303596,52.11081907184663,51.1561070106663,51.891029357910156,15630300
2018-03-05,51.67126516259998,52.58476350092444,51.595711919852455,52.38557815551758,14891000
2018-03-06,52.66029378549884,52.87321884959651,52.103952186179995,52.3237419128418,10754300
2018-03-07,51.51326380372258,51.67810478063845,50.524207461827054,51.005001068115234,27255500
2018-03-08,51.16985798436386,51.35530348613518,50.613516238848106,50.90885925292969,19299800
2018-03-09,51.38964803804601,51.55448906717331,50.970672940521,51.21106719970703,19714100
2018-03-12,51.423994634491706,51.91165307940985,51.30036254703344,51.678123474121094,14226700
2018-03-13,51.7399488289768,52.076500850502065,50.99815620829835,51.19047164916992,13739700
2018-03-14,51.266011006839044,51.369038605172825,50.503614115450894,50.551692962646484,14820700
2018-03-15,51.066827462193764,51.51327691012179,50.89511653916003,51.114906311035156,15640600
2018-03-16,51.07368531609275,51.59568786621093,51.07368531609275,51.59568786621094,32109700
2018-03-19,51.513259249496016,51.52012915131853,50.73025812811965,50.929443359375,12744800
2018-03-20,50.97752587267355,51.30720782116387,50.79207519147267,50.819549560546875,13003200
2018-03-21,50.98441068498837,51.95285758711858,50.8126997582091,51.54075241088867,15418500
2018-03-22,51.1149158393782,51.307231270593306,50.407467543035835,50.4830207824707,17737000
2018-03-23,50.69593227501954,50.97067080552502,49.91293086920995,50.06403732299805,20157300
2018-03-26,50.58605222601909,50.92947416205425,49.967891693115234,50.826446533203125,15032700
2018-03-27,50.82643178482498,51.43772223437231,50.33190350199987,50.62037658691406,15821900
2018-03-28,50.64785144019164,50.833302168100296,49.98848213694163,50.00908660888672,18163900
2018-03-29,50.36624428806704,51.43771866639777,50.31816544391632,51.24540328979492,14882900
2018-04-02,51.01187791177725,51.10117094408796,49.56264256501174,50.29069519042969,17891100
2018-04-03,50.448678680660876,51.609446463893256,50.20828438122885,51.52702331542969,15999200
2018-04-04,50.86076918698826,51.55447742973342,50.44179418403886,51.423980712890625,13122200
2018-04-05,51.55447512097387,52.419899460136136,51.52700075018454,52.213844299316406,14200000
2018-04-06,51.95284796371819,52.28253518775403,50.97753133792152,51.423980712890625,14299600
2018-04-09,51.664374917812246,52.05587554874193,51.3759018719063,51.423980712890625,11103100
2018-04-10,52.255065778845115,53.415827975771506,52.241325971429944,52.93503952026367,19006100
2018-04-11,52.96250322567641,53.60126789657359,52.71523914402589,53.18229293823242,13734000
2018-04-12,53.47765022191101,53.66996561703586,52.89383413236731,53.03807067871094,13270400
2018-04-13,53.43644001354587,53.70430862759211,53.299068134418704,53.46390914916992,10925000
2018-04-16,53.65622527211084,54.3155945159213,53.37461687371003,53.944698333740234,10743600
2018-04-17,53.94470499344554,54.09581144634452,53.601283142384794,53.80046844482422,10478100
2018-04-18,54.288099705784646,54.782627762528875,54.21941641794772,54.4117317199707,12061400
2018-04-19,54.480438539186586,54.82386036690213,54.13014680766038,54.54912185668945,11291500
2018-04-20,54.48043657226313,54.53538532036208,53.80046284519198,54.26064682006836,12072200
2018-04-23,54.20570356196779,54.672757487710406,54.08894139058253,54.65215301513672,11729800
2018-04-24,54.810123951194754,54.89941173691743,53.55319884649313,53.8141975402832,14102000
2018-04-25,53.711158681269914,54.68648041706787,53.22350043347091,54.60405731201172,13867500
2018-04-26,54.672749276015686,55.565648048242636,54.624670433831206,55.53817367553711,14554400
2018-04-27,52.85261406829086,54.02025135769317,52.52980197106997,53.4295654296875,16346800
2018-04-30,53.51199712065255,53.95844134966277,53.39522970486971,53.402099609375,15028800
2018-05-01,53.06553278545093,53.06553278545093,52.18637390232862,52.85260772705078,16231000
2018-05-02,52.509207558778336,53.044950136229104,52.406185178694,52.74960708618164,13883700
2018-05-03,52.46797919273745,52.61908561455256,51.78800553476995,52.571006774902344,12243100
2018-05-04,52.28940292949109,53.03806520055873,52.15890620496444,52.818275451660156,9887200
2018-05-07,53.39523696899414,54.31561041044916,53.16171258606229,53.39523696899414,15071500
2018-05-08,53.436436262091505,53.683700386960076,52.454249666141614,53.635616302490234,17430400
2018-05-09,54.246922219000325,55.11234157964279,54.22631250452617,54.89942169189453,17142100
2018-05-10,55.38707188376683,56.176943134540586,55.290914191345806,56.12886428833008,17710300
2018-05-11,56.32312235000562,56.87122924892893,56.13579722184163,56.39250183105469,14751000
2018-05-14,56.6839183956281,57.11407979593494,56.62147842912321,56.77411651611328,11852100
2018-05-15,56.787987421035005,56.91287264103091,56.475777017703585,56.746360778808594,12595700
2018-05-16,56.72553252363555,56.92673673028687,56.31618457401659,56.90591812133789,9570000
2018-05-17,57.030798172456905,57.08630387135833,56.50350991283778,56.808780670166016,11224100
2018-05-18,56.57986165670692,56.753313096128686,56.37865735177953,56.406410217285156,10030900
2018-05-21,56.704736677209816,57.13489278166678,56.55903283625586,57.086326599121094,8822400
2018-05-22,57.1973309478421,57.343029477410475,56.44108014962576,56.64228439331055,10753400
2018-05-23,56.16355071239893,57.05162616090945,55.8999065392366,56.99612045288086,15140900
2018-05-24,56.44107217155158,56.44801170816427,55.469743485079015,55.6917610168457,13360500
2018-05-25,55.00490115785256,55.03959355141813,54.17927088949984,54.609432220458984,14562000
2018-05-29,54.220889452643256,54.62329782820206,53.790728227737496,54.4082145690918,14644800
2018-05-30,54.98409202201234,56.65616600473548,54.963278701616034,56.5451545715332,16627500
2018-05-31,56.06642475455694,56.57984467231351,55.98317147634927,56.36476135253906,15803100
2018-06-01,56.80186937677665,57.134893118103236,56.57985178478662,56.77411651611328,9906100
2018-06-04,56.92675969772441,57.25978346885472,56.06643682011671,56.17744827270508,10954700
2018-06-05,55.913785370835505,56.64922283536462,55.78890545646301,55.97623062133789,12059300
2018-06-06,56.53128586920276,56.95450243969833,56.10806400539023,56.93368911743164,11603300
2018-06-07,57.39853502651139,57.787064437576745,57.280584061024065,57.502601623535156,13502500
2018-06-08,57.662165447636966,58.0437605232507,57.23894374316173,58.00212860107422,14350400
2018-06-11,58.0854119735261,58.13397815905645,57.53730485493087,57.655250549316406,10831600
2018-06-12,57.662183979925906,58.10621914154221,57.114076919392765,57.18345642089844,12351800
2018-06-13,57.19732132317587,57.3083274394133,56.52432920937939,56.55208206176758,12049300
2018-06-14,56.85043489142648,57.10020534114425,56.54515872103434,56.81574249267578,11477300
2018-06-15,56.69779646467327,56.76717596843984,55.85829229446908,55.962364196777344,23797500
2018-06-18,55.781952018138156,56.46187830687048,55.71257254078187,56.07334899902344,9192600
2018-06-19,55.42811633180136,56.17048794292687,55.30323114052252,55.99009704589844,8759700
2018-06-20,56.094185150444424,56.28844988345867,55.691776607305215,55.8166618347168,8917700
2018-06-21,55.518296508447605,55.768066834205946,55.039574461839315,55.289344787597656,10990700
2018-06-22,56.30925079790401,56.850418182128664,56.14273368482311,56.461883544921875,16012200
2018-06-25,56.04560155329589,56.36475141455885,55.01877248546118,55.32404327392578,10557200
2018-06-26,55.60852304700623,56.20519632025293,55.483637820203036,55.948486328125,10382800
2018-06-27,56.23987465037496,57.22508252733932,56.23987465037496,56.69084930419922,12725900
2018-06-28,56.704730671147196,56.94062202043623,56.21906360381442,56.87124252319336,9390700
2018-06-29,57.204266677676436,57.9605174955321,57.093260539877114,57.398536682128906,17323200
2018-07-02,56.81573679289007,56.98224864489174,56.42026783606341,56.72554397583008,9998300
2018-07-03,57.294452195640666,57.898059516383,56.94754948962683,57.058555603027344,7197300
2018-07-05,57.30139283342786,57.42627803326268,56.92674252723922,57.10712814331055,9035700
2018-07-06,56.864284688027055,57.3776991544005,56.65614626327197,57.120994567871094,7637100
2018-07-09,57.454026620855544,57.676044149259496,57.28057526137385,57.51647186279297,7158600
2018-07-10,58.07151358138807,58.36291589096804,57.93969414640106,58.043766021728516,8806200
2018-07-11,57.60666770422163,57.953570441492204,56.91286222968047,57.3013916015625,10405300
2018-07-12,57.5928023320555,57.75237465023995,57.107135252982275,57.370784759521484,9762200
2018-07-13,57.363838283575504,58.10620994819594,57.28057971895156,57.800933837890625,8720000
2018-07-16,57.25283846853001,57.44016895357455,56.8920618686662,57.232025146484375,8306900
2018-07-17,57.0724410448272,57.412404252532504,56.919802990216226,57.10712814331055,7373300
2018-07-18,56.7532845478199,57.11406103127781,56.53820127167299,57.044681549072266,8711900
2018-07-19,57.030813900401306,57.32221625333924,56.69779020178116,56.89899444580078,8659100
2018-07-20,56.69777893296657,56.8434774338195,56.37168954344636,56.47576141357422,9196300
2018-07-23,56.857351212956125,56.89204360077048,56.32312337649538,56.47576141357422,8425900
2018-07-24,56.55902231431667,57.5997305695309,56.53127475229563,57.592796325683594,11121000
2018-07-25,57.592797930530644,58.09927299792446,57.24589516912598,57.995201110839844,9523600
2018-07-26,58.16170193076743,58.55717075609093,57.84255211500763,58.44615936279297,13210100
2018-07-27,56.17742717325957,57.15569008851527,56.0664157623655,56.83654022216797,18220800
2018-07-30,56.982253690329905,56.982253690329905,55.9970509798881,56.711669921875,11282800
2018-07-31,56.6422748620427,56.99611711334798,56.50351589341708,56.55208206176758,11716800
2018-08-01,56.121931006793254,56.14968386423389,55.65708255462429,55.775028228759766,8936300
2018-08-02,55.428122268191856,55.684832214790916,55.1228461471893,55.44200134277344,8364300
2018-08-03,55.483623813463716,55.7125808870226,55.24772720313515,55.64319610595703,7811100
2018-08-06,55.677888222519506,55.80277341718114,55.324045955425596,55.62932205200195,10041800
2018-08-07,56.135805416548706,56.607588073879256,55.719517882854426,56.38557052612305,10698100
2018-08-08,56.21212041922775,56.35782423529621,55.747271995210454,56.010921478271484,7275000
2018-08-09,56.0109108064349,56.1357959869019,55.5807495640897,55.72644805908203,9828500
2018-08-10,55.733465156635575,55.7404709229987,55.27783899110911,55.67037582397461,12954300
2018-08-13,55.69140230023739,55.901692939488484,54.97642375302727,55.06754684448242,10308500
2018-08-14,55.36896143635208,55.42503965407965,54.73108909041887,54.89230728149414,8005900
2018-08-15,54.520808370803984,54.604925712704876,53.63058923098807,53.932003021240234,16307800
2018-08-16,54.17032119868329,54.745109598697475,54.11424297723958,54.67501449584961,11519900
2018-08-17,54.91334216395698,55.01848749840628,54.5348275166017,54.857269287109375,10178400
2018-08-20,54.85726070535262,55.37597083346564,54.794171375387066,55.2427864074707,8152100
2018-08-21,55.41102165630383,55.782530482409825,55.14465280142551,55.25680923461914,9192200
2018-08-22,55.453065318620304,56.11197084738784,55.38997600199419,56.04888153076172,10098200
2018-08-23,55.768507396184994,55.81757449797393,55.30587548616258,55.43204879760742,7203900
2018-08-24,55.740465508358554,56.111979658132455,55.67037041614351,55.81056594848633,6545200
2018-08-27,56.01384916008937,56.40638598075732,55.97879893770983,56.35731887817383,6671900
2018-08-28,56.48348013825336,56.6517094043667,56.21711134000264,56.273189544677734,8823400
2018-08-29,56.38535736698173,56.80593329134977,56.147027622828254,56.67975997924805,8004800
2018-08-30,56.392371641076636,56.62369030614811,56.16105832391899,56.43443298339844,7450900
2018-08-31,56.24518070493896,56.399393176813184,55.91572776010126,56.19611358642578,10700000
2018-09-04,56.364337367708366,56.560605803724776,55.94375603577174,56.28022003173828,8855000
2018-09-05,56.00684325139449,57.07931384176301,55.79655259339873,57.03024673461914,13878400
2018-09-06,56.85499822985432,57.2265070380407,56.31525477999223,56.39937210083008,13320600
2018-09-07,56.18209828268635,57.429809629631606,55.95077956836549,57.35971450805664,16417800
2018-09-10,57.64709405433239,57.99757493682114,57.240540295059986,57.27558517456055,10817900
2018-09-11,57.450836409447824,58.31302189543633,57.21951770004665,58.081703186035156,11891900
2018-09-12,58.35504855444858,58.726557317207345,58.088685092901876,58.270931243896484,11556300
2018-09-13,58.284951043849865,58.3550461257699,57.48585534455516,57.70315170288086,11162700
2018-09-14,57.77325272694772,58.28495703862696,57.668107419297186,58.12373352050781,9442600
2018-09-17,58.17981963493792,58.60740668900365,58.17280852069873,58.46721649169922,8403300
2018-09-18,58.81069211138879,58.97191031965142,58.49525611397768,58.621429443359375,9219900
2018-09-19,58.62844086869343,59.42052572805799,58.62844086869343,59.322391510009766,10413600
2018-09-20,59.48361696323708,59.820075622152544,59.25930940798879,59.4555778503418,11198200
2018-09-21,59.588753758599154,59.88315637993115,59.24527868579863,59.700904846191406,26639400
2018-09-24,60.13550414391485,61.0467511339408,60.086437039435864,60.70328140258789,13549500
2018-09-25,61.00469518131765,61.23601382310944,60.54206324564738,60.63318634033203,12200700
2018-09-26,60.29671974928698,60.633183699777895,60.0654064654821,60.12849044799805,10275500
2018-09-27,60.3457827220663,60.549062231673055,59.99530191541591,60.12147521972656,7895400
2018-09-28,59.756983886739654,60.23363804837446,59.57473235049048,59.595760345458984,9884900
2018-10-01,59.827071550056985,60.30372565244865,59.76398757299215,60.149513244628906,8566900
2018-10-02,60.14250880032546,60.75234198366609,60.01633549551141,60.605140686035156,8453100
2018-10-03,60.64019835571703,60.90656187730852,60.26868950921117,60.38785171508789,10206700
2018-10-04,59.93221829589034,60.33877731753695,59.75697789151639,59.98829650878906,10204600
2018-10-05,59.79905180430401,60.07242648924895,59.532688235051445,59.8200798034668,9217400
2018-10-08,59.434546538631366,60.500006029673195,59.33641232292674,60.37383270263672,13242400
2018-10-09,60.54907311982325,60.89955398949836,60.1004580344722,60.640201568603516,10177900
2018-10-10,60.79439955732167,60.85748353187084,59.23125289701716,59.245269775390625,16573400
2018-10-11,58.83873592650298,58.99995414765255,56.897068721806576,57.198482513427734,20320100
2018-10-12,57.56997936407777,57.647085574716435,56.266190245167806,57.04425811767578,15216300
2018-10-15,57.04425493707651,57.296601549112495,56.65171813964844,56.65171813964844,10558800
2018-10-16,56.434434641367375,56.96716174589853,56.08395374990078,56.918094635009766,9781800
2018-10-17,56.73585054934299,57.14240433427397,56.31526918548153,57.128387451171875,12247700
2018-10-18,56.91809205389109,57.80831647267823,56.91809205389109,57.37371826171875,17448600
2018-10-19,57.24053971750497,57.80130591508053,57.13539438423649,57.45783615112305,12098700
2018-10-22,57.47885388539248,57.60502719320376,56.52554563702124,56.88303756713867,9474100
2018-10-23,56.11900280361792,56.39938860722503,55.17971651163564,55.96479034423828,15465100
2018-10-24,56.16805947289616,56.2591879171726,54.35958233916715,54.40864944458008,16085700
2018-10-25,55.01848059742457,55.41102277360435,54.492759339033306,54.89230728149414,12315500
2018-10-26,54.58387642421568,54.962396293259886,53.94599886307302,54.34554672241211,18160100
2018-10-29,54.724072728043254,54.97641933570342,53.4272948179585,54.00909423828125,15707000
2018-10-30,54.408650794126714,55.397004041363154,54.268455240959945,55.221763610839844,17758200
2018-10-31,55.614300847165104,56.32227368877431,55.30588132389969,55.852630615234375,16629100
2018-11-01,55.9577835342191,56.60266712696497,55.586274624222334,56.54658889770508,14159300
2018-11-02,57.3106456454981,57.79430571319901,56.23817480905873,57.443824768066406,19350400
2018-11-05,57.82934425521727,58.08870202742901,57.08632651308869,57.22651672363281,15815000
2018-11-06,57.296607111470834,57.54895374800464,57.02323247987808,57.47184753417969,9063200
2018-11-07,57.62606681420971,58.2779614781207,57.240541047154906,58.20085525512695,12699800
2018-11-08,58.27094959732924,58.705547816864275,57.1564229580137,57.27558517456055,16865500
2018-11-09,56.82950337833947,57.63669995746945,56.42590508877447,57.26142501831055,15070100
2018-11-12,57.82079301375829,57.87035752127662,56.454222561180174,56.525028228759766,11906600
2018-11-13,56.503783024685575,56.53918315487868,54.974354784223046,55.2292594909668,15530200
2018-11-14,55.83821208689604,56.001064611801056,54.344188999495444,54.7973518371582,18552100
2018-11-15,54.28754189509179,55.363807678222656,53.74941440565347,55.363807678222656,18976000
2018-11-16,55.49124701636092,56.07186209897065,55.300065783063644,55.90900421142578,13704900
2018-11-19,55.55498008757204,56.19224197174765,55.53373892512065,56.09311294555664,9430800
2018-11-20,55.52665378448592,55.866528572016804,54.075118605511335,54.49995803833008,15533700
2018-11-21,54.82567395233623,55.49833600496132,54.70530375801419,54.917720794677734,9685300
2018-11-23,53.84854793191359,53.95475375966138,52.8926522651631,53.4520263671875,10875400
2018-11-26,53.98307183692356,54.74778613471264,53.89810718303168,54.50704574584961,13741100
2018-11-27,54.21673907736468,54.839836656932576,54.09636887485623,54.55661392211914,10344500
2018-11-28,54.54952864497359,55.54790115356445,54.407911883456634,55.54790115356445,11482100
2018-11-29,55.385046086791284,56.31261287308654,55.36380492407106,55.979820251464844,10255200
2018-11-30,55.54788600834842,56.362164608143566,55.45583919005442,56.291358947753906,14040100
2018-12-03,56.81533448698681,57.67917769827979,56.744528817661845,57.50924301147461,19415100
2018-12-04,57.622527783026726,58.02612601797193,56.18515170773285,56.241798400878906,18540700
2018-12-06,55.22925956039348,55.540810958388775,54.464545439200926,55.50540542602539,23218100
2018-12-07,56.2134795706403,56.90030592437121,54.75486221875911,54.974361419677734,16224700
2018-12-10,55.13013299464286,55.13013299464286,52.96344829073691,54.19548416137695,17946200
2018-12-11,55.01684704548035,55.087658122917055,53.58655295656298,54.294620513916016,15742400
2018-12-12,55.25758897265157,55.37087696482601,53.82728958129882,53.82728958129883,14559800
2018-12-13,53.83437829048574,54.6769804557604,53.77773158647313,54.50704574584961,13749700
2018-12-14,54.32295526705013,54.429166503372564,53.1688014489425,53.5157585144043,12669300
2018-12-17,53.28915903022281,53.52989937576188,52.02879980445699,52.425315856933594,15464100
2018-12-18,52.13500197960457,52.297859862483165,50.71179036067406,50.98085403442383,18681200
2018-12-19,51.29948334006611,51.88009841881547,49.77714268140829,50.11701202392578,21679600
2018-12-20,49.6284550091435,50.032058723266964,48.184001873039314,48.59467697143555,28723700
2018-12-21,48.247717627441546,49.82671048387418,47.91492504769165,48.233558654785156,47287300
2018-12-24,47.348474061023815,47.81579578604011,46.33593735434135,46.385501861572266,14262800
2018-12-26,46.85991149436213,48.61592142599914,45.77656898826174,48.60175704956055,24887700
2018-12-27,47.964482923396325,48.81416702270508,46.78909387888852,48.81416702270508,22077000
2018-12-28,48.9841087162179,49.26733678999458,48.02113650665288,48.268959045410156,19710600
2018-12-31,48.3751698436612,48.962867146459374,47.907848117646296,48.28312301635742,15807000
2019-01-02,47.688341825869344,49.47267483062724,47.624618348190964,49.34522247314453,16727200
2019-01-03,49.564728160859026,49.74174504714781,48.40349781897475,48.58759689331055,13866100
2019-01-04,49.309821957888055,50.463970077680166,49.111563915433116,50.379005432128906,16043600
2019-01-07,50.44981153997181,51.05166786037423,50.08869558687974,50.640987396240234,10844200
2019-01-08,51.36322339914333,51.398623537210185,50.93838392745219,51.00918960571289,11439000
2019-01-09,51.40569637709639,51.40569637709639,50.73303445275883,51.27824401855469,13473500
2019-01-10,51.030432473809526,51.0375146625103,50.357770404670106,51.016273498535156,13151100
2019-01-11,50.87465869507119,50.90298204883823,50.322366801932276,50.78261184692383,9790100
2019-01-14,50.421485022744434,50.825083273622866,50.357761542033934,50.7188720703125,11012400
2019-01-15,50.94546189146805,51.2357722018129,50.499381246199604,50.7472038269043,10298300
2019-01-16,50.570191655607154,51.24993597002383,50.492303779797446,50.72596740722656,12595600
2019-01-17,50.407330486950784,51.22160384571033,50.20199024970979,51.07291030883789,10141700
2019-01-18,51.88010082999214,51.89426520449539,51.07290435134064,51.68184280395508,15759200
2019-01-22,51.25700693222798,51.48358832073759,50.754279645288754,50.90297317504883,15035600
2019-01-23,50.98793765071359,51.19327785569767,50.22322352224716,50.48521041870117,13187200
2019-01-24,50.34360402319065,50.95962476458288,50.01789358357439,50.556026458740234,11272500
2019-01-25,51.03043443972624,51.17204580643409,50.65515945603582,50.78261184692383,8996200
2019-01-28,50.28696183291341,50.471060933435886,49.82672218479837,50.4427375793457,13678400
2019-01-29,50.76843646669499,51.11539342355496,50.61266615792507,50.633907318115234,10513200
2019-01-30,50.81800107048692,51.38445721988329,50.633907413740374,51.18619918823242,11524700
2019-01-31,51.18620637579839,52.03588531707864,50.995025102627814,51.88719177246094,19876700
2019-02-01,53.04840993429651,54.1600755702185,52.62357056172533,53.75647735595703,22968700
2019-02-04,53.6431967381158,53.6431967381158,52.68022448035556,52.97761154174805,15483800
2019-02-05,53.23252224231672,53.55823268919404,53.11215204714779,53.5228271484375,12786700
2019-02-06,53.515743066552105,53.65027221840798,53.19710944956159,53.289161682128906,10866900
2019-02-07,53.06964335886779,53.23958340483179,52.32617591574377,52.87846755981445,14418900
2019-02-08,52.80688466610666,53.02882074052814,52.0694792272605,52.96438980102539,11959500
2019-02-11,52.89279545468173,53.13621398424269,52.54915283449105,53.05030059814453,10434800
2019-02-12,53.75190593659374,54.01679595059258,53.56576302198084,53.98100280761719,12599200
2019-02-13,54.10988677993462,54.79717760437481,54.059771994676545,54.58955764770508,13214600
2019-02-14,54.596707410364274,54.87591908057665,54.20294456155152,54.60386276245117,12772900
2019-02-15,55.08356766172905,55.67062910232161,54.94753943187469,55.634830474853516,14330300
2019-02-19,55.52743038216563,56.18608896296189,55.448677785136766,56.00710678100586,13551500
2019-02-20,56.05720610448206,56.42232572220364,55.842425360562494,56.221866607666016,12633100
2019-02-21,55.99276222018067,56.31493329304299,55.563206251798064,55.71355056762695,10266000
2019-02-22,56.35073976261371,56.52256109817676,55.570380206100985,56.14311981201172,9519300
2019-02-25,56.15026364932845,56.45095226117024,55.985597716881685,56.20037841796875,9274400
2019-02-26,56.329265205015766,56.651430905837636,56.1216452454698,56.31494903564453,10990600
2019-02-27,56.47244336063699,57.09530317986477,56.314943664168126,56.89484405517578,12398200
2019-02-28,56.880518837747495,57.095299578997974,56.35073326132442,56.579830169677734,14597900
2019-03-01,56.83040669262482,57.27428436279297,56.57983279095788,57.27428436279297,15419400
2019-03-04,57.4460972326568,57.668038766130394,56.56550829894416,57.496212005615234,18089900
2019-03-05,57.36019787215275,57.5606569938933,57.095302340080515,57.41031265258789,13745500
2019-03-06,56.45096246990658,56.830403709959405,55.7421947675041,56.758811950683594,18633600
2019-03-07,56.952103906383854,57.46041239263263,56.78743797828356,57.38882064819336,16541700
2019-03-08,56.4796002225144,56.787449703054186,56.021406408980916,56.565513610839844,16211300
2019-03-11,57.259983612904676,57.48191977669679,57.02372581538882,57.11679458618164,11060900
2019-03-12,57.35303694075992,57.68952423532755,57.19553178482602,57.27428436279297,11320000
2019-03-13,57.69669080792178,57.81840283705804,57.417479054325455,57.7826042175293,10260200
2019-03-14,57.847029149115556,57.92578172675285,57.5248580236626,57.58929443359375,9976700
2019-03-15,57.40314125490702,57.66803673814364,57.34586567008282,57.38166427612305,25316400
2019-03-18,57.58929910775209,58.16919953369232,57.58929910775209,58.04749298095703,9840600
2019-03-19,58.40545293717667,58.706141619935416,57.73247834634398,57.89714431762695,13936500
2019-03-20,57.81123927233665,58.648874493303744,57.67521107911727,58.21931838989258,13133600
2019-03-21,57.85416633984217,58.62737024367681,57.847010989286055,58.55577850341797,10117000
2019-03-22,58.15488932229828,58.305233690273106,57.48907542863697,57.617942810058594,12497700
2019-03-25,57.27428609504629,57.58929641644155,56.98075275700043,57.217010498046875,11320400
2019-03-26,57.51054532085429,58.1835144856162,57.40315493923325,57.961578369140625,9472800
2019-03-27,57.96872332350169,58.21213635728025,57.14540457247969,57.51768493652344,7258700
2019-03-28,57.29576846699036,57.83987576545434,57.28860765116657,57.8040771484375,7412300
2019-03-29,58.22649110640115,58.333881519728294,57.617952713685064,57.847049713134766,10889200
2019-04-01,58.15488359415628,58.54864105375295,58.047493209865614,58.512847900390625,10816400
2019-04-02,58.527163617330636,58.670347153877884,58.068969745857295,58.26226806640625,7646000
2019-04-03,58.541479264673974,58.541479264673974,57.71100492831434,57.91862487792969,8562900
2019-04-04,58.07611823367533,58.76340889499626,57.82553890475466,58.7419319152832,9360600
2019-04-05,58.81354030842498,59.0855912319292,58.670351299657874,59.05695343017578,10059100
2019-04-08,59.185796619434306,59.56523777892131,59.128521039334395,59.422054290771484,9108200
2019-04-09,59.07843167206696,59.12139110666157,58.520008181257744,58.656036376953125,8561600
2019-04-10,58.64885558200524,58.76340675243241,58.283736015994606,58.39112091064453,10324300
2019-04-11,58.37681742708705,58.75625870288057,58.004531504424314,58.670345306396484,9115100
2019-04-12,59.28605777535969,59.28605777535969,57.68953972875378,57.932952880859375,16638700
2019-04-15,57.91147591091588,58.03318248700761,57.64658030815488,57.739654541015625,8536100
2019-04-16,57.85418445079663,58.24078652373773,57.768276520432856,58.13339614868164,7005700
2019-04-17,58.38397858253158,58.4913635011354,58.04749127196853,58.298065185546875,8311400
2019-04-18,58.39115114649628,58.58445498116277,58.04034756408724,58.08330154418945,9493900
2019-04-22,58.61306227612061,59.579564560006645,58.44839633461093,59.350467681884766,10770600
2019-04-23,59.55809960012191,59.77287489427192,59.192974499334916,59.694122314453125,10595100
2019-04-24,59.429254773024695,59.479369573538925,58.51286672813398,58.53434371948242,11684000
2019-04-25,58.455572185812244,59.3075235187494,58.2765900330462,58.863651275634766,11135000
2019-04-26,57.467571169529286,57.725305834555456,56.959262652977756,57.62507629394531,18053500
2019-04-29,57.36019799323274,57.54633548546964,57.030871512235045,57.2528076171875,10023700
2019-04-30,57.53917166099036,57.65371737303276,57.22416139419769,57.474735260009766,13721500
2019-05-01,57.23133397285698,57.460430906136665,56.28630844031554,56.32210159301758,13909800
2019-05-02,56.042877892330914,56.200383024424625,55.29831165286099,55.334110260009766,15360400
2019-05-03,55.692086741847646,55.99277544452191,55.44151282295243,55.462989807128906,12180700
2019-05-06,55.069225811519935,55.59901690063711,54.91888146312776,55.21957015991211,13367100
2019-05-07,54.76854690168225,54.976166885258586,54.24591653445868,54.92605209350586,13498800
2019-05-08,54.79717234225538,55.33411875935889,54.71125894916231,55.01194763183594,11352900
2019-05-09,54.66115664663508,55.04059799406996,54.381944882971574,54.96184539794922,13221600
2019-05-10,55.164615637109414,55.60633851809711,54.43323759281151,55.43978500366211,11056000
2019-05-13,54.780802944139126,55.20080248641776,54.57080317299982,54.824249267578125,12176100
2019-05-14,55.12837894554778,55.61355344809822,54.860452612115544,54.89665603637695,10548400
2019-05-15,54.72287492078273,55.432529563365684,54.46218591123887,55.30218505859375,8918000
2019-05-16,55.3239031905164,55.722174039918755,55.19355869759861,55.29493713378906,8105200
2019-05-17,54.7808090629099,55.25149787667802,54.737357209907024,54.969085693359375,9279400
2019-05-20,55.07044763734851,55.29492763252516,54.795272908077024,54.96182632446289,7154300
2019-05-21,55.2297665220441,55.36735392127522,54.983563307326165,55.21528625488281,8489900
2019-05-22,55.04872712041082,55.19355740064421,54.59252416827378,54.71562576293945,7858300
2019-05-23,54.14357101349918,54.165299704054014,52.89082056903668,53.433921813964844,14657200
2019-05-24,53.687359918221176,53.767015197527705,53.18046770873484,53.65839385986328,7056400
2019-05-28,53.75977129235267,53.767014187983825,52.49253526772005,52.57943344116211,14912900
2019-05-29,52.0580472636225,52.44908069555447,51.862533310011386,52.25356674194336,13645200
2019-05-30,52.152196932612725,52.23185221949359,51.79737235223241,52.11599349975586,9362100
2019-05-31,51.55116155613423,51.81185054318428,51.145642284772805,51.24702072143555,13983300
2019-06-03,51.47873701945337,52.14494519203511,51.39184438477164,52.050804138183594,11831000
2019-06-04,52.46356827695392,53.33977631729234,52.260811400571995,53.28908157348633,10423000
2019-06-05,53.325296333407074,53.325296333407074,52.55771506788298,52.84737014770508,10617800
2019-06-06,53.37599446586465,54.0349600205515,53.28909627000237,53.81047439575195,11738900
2019-06-07,53.95528460174548,54.28114304646721,53.89735249277407,54.00597381591797,9095500
2019-06-10,54.447698575926005,54.54907700817611,53.91183483436376,54.24494171142578,7760400
2019-06-11,54.679430433598334,54.89666759905248,54.17977556104493,54.19425582885742,9415100
2019-06-12,53.9335566590388,54.02769218423658,53.44838219531769,53.60769271850586,7920800
2019-06-13,54.09288374241605,54.433228085507565,53.86116075718315,54.07840347290039,8986400
2019-06-14,54.078378461031186,54.17251398112363,53.75252006288033,53.839412689208984,8575900
2019-06-17,53.7018534949051,54.447711650437974,53.6149553072338,54.37529373168945,9355700
2019-06-18,54.61425482772419,55.19356497877705,54.56356560386039,54.845977783203125,10091500
2019-06-19,54.599779354138064,54.925637889772524,54.43322587555524,54.541847229003906,9757400
2019-06-20,55.2080431351809,55.73666404215457,55.0921844242276,55.475975036621094,16229700
2019-06-21,55.85976119469077,56.30872678502201,55.6642472184866,56.25803756713867,23108100
2019-06-24,56.14218283227038,56.308736304736705,55.62080477463307,55.72218322753906,10011800
2019-06-25,55.816308310692854,55.91768673454206,55.171828819918744,55.22975540161133,9740000
2019-06-26,55.52665540571487,55.85251384832341,55.37458776418355,55.46872329711914,11365500
2019-06-27,55.461481509900445,55.57734572940564,54.86045382652496,54.903900146484375,8147800
2019-06-28,55.17185140530998,55.562884996536305,54.99081764222623,55.4904670715332,14781300
2019-07-01,55.852541815847516,56.431852142467925,55.244270945137536,55.43978500366211,11437900
2019-07-02,55.13563253377309,55.22976808476218,54.60701713441061,54.83149719238281,10475400
2019-07-03,54.90390533521478,55.39631726522745,54.76631794272709,55.35287094116211,5246100
2019-07-05,55.17183930158357,55.28769801168957,54.73735394573138,55.128387451171875,6880800
2019-07-08,55.13562341711801,55.54113713858684,54.9763128766238,55.381832122802734,7876100
2019-07-09,55.360103281493195,55.59182619663613,54.83873086595416,55.34562301635742,7863000
2019-07-10,55.61356944044006,56.214597283343686,55.57011758423735,56.12770462036133,8077400
2019-07-11,56.055283869849674,56.20010863637151,55.794594870341804,56.171142578125,6404000
2019-07-12,56.301493980070404,56.39562953737893,56.120460237369215,56.214595794677734,6139000
2019-07-15,56.214597069505146,56.294252360076996,55.678738725876684,55.81632614135742,7116400
2019-07-16,55.70046219319451,55.80908354680906,54.88219164209312,54.98357009887695,10197400
2019-07-17,54.8459744914463,55.005285049659854,54.56356232905343,54.6577033996582,7419300
2019-07-18,54.33184323427616,54.505634071581696,53.716329645089424,54.19425582885742,11424500
2019-07-19,54.237698408323865,54.4911444870425,53.9770094345818,54.3028678894043,11243100
2019-07-22,54.48391476247422,54.52736661840834,53.94805642011977,54.36081314086914,8368800
2019-07-23,54.418734342569714,54.867694407650994,54.129079301565746,54.57804489135742,8551200
2019-07-24,54.59252012580161,55.070451728116446,54.20148668519217,54.570796966552734,8260200
2019-07-25,54.8749357945157,54.8749357945157,54.16528676450941,54.259422302246094,9083900
2019-07-26,54.215979161799645,54.368046820008544,54.02045965502352,54.17252731323242,7677300
2019-07-29,54.22321880259257,54.58528624911693,54.09287430085537,54.55632019042969,7091900
2019-07-30,54.35356831392991,54.715635793824916,54.230466696696325,54.563568115234375,6961200
2019-07-31,54.33907631606539,54.788041883118304,53.774252053305005,53.84666442871094,13104600
2019-08-01,53.39769776733066,53.7814883213558,52.33321874407754,52.47080612182617,17132800
2019-08-02,52.57944448932661,53.05013335946353,51.5439311849101,51.956687927246094,21376700
2019-08-05,51.2542640822742,51.35564251985757,50.407027629022934,50.89219665527344,19080900
2019-08-06,50.899440190067516,51.420818175451195,50.89219729451759,51.38460922241211,12282400
2019-08-07,50.588052628333976,51.32666762131068,50.25495131583785,51.05149841308594,15231100
2019-08-08,51.3049582098711,52.43461244700077,51.13841027135349,52.41288375854492,14304100
2019-08-09,52.23185281189315,52.31875099621546,51.02979164801337,51.2977180480957,13686600
2019-08-12,51.36369652611039,51.43701487225277,50.828508397059785,51.04844665527344,9542600
2019-08-13,50.784521052947554,51.774262885026296,50.52792359749956,51.678951263427734,12403300
2019-08-14,50.637887847127764,50.65254815946872,49.596832275390625,49.596832275390625,18114400
2019-08-15,49.45753587841283,49.530848629506075,48.77571666577734,49.3035774230957,12874400
2019-08-16,49.69214044365987,50.19067498593029,49.318238138605956,50.0733757019043,12649000
2019-08-19,50.56458135897017,51.06311594134835,50.48393564759982,50.91648483276367,10032800
2019-08-20,50.80652070573592,50.80652070573592,50.37396590832918,50.60857009887695,9743500
2019-08-21,51.29037736243879,51.305043267195934,50.8578282599677,51.11442565917969,10134200
2019-08-22,51.253733282215805,51.29038686409122,50.76985901685979,51.00446319580078,8972000
2019-08-23,50.454598388593496,50.97512612503914,49.142279619214904,49.479522705078125,15371900
2019-08-26,49.94140836800611,50.04404733465023,49.50885364280228,49.74345779418945,7343900
2019-08-27,49.94873671090416,50.17601350729452,49.0982987429082,49.25959014892578,9490900
2019-08-28,49.5088482828157,49.838764005657666,49.23759058322524,49.61882019042969,9647400
2019-08-29,50.07336846490961,50.34462616630543,49.919404437183175,50.16867446899414,9004100
2019-08-30,50.30066264557359,50.64523883906263,49.897433995021274,50.20535659790039,9180800
2019-09-03,49.772783120974566,50.35196333289704,49.58216550344719,50.26398468017578,9849700
2019-09-04,50.953137526523676,51.03378322763511,50.652547987216664,50.79917907714844,6959200
2019-09-05,51.20240076021732,51.72293412522481,51.099761796430954,51.51765060424805,9901500
2019-09-06,51.57628897557313,52.01617092805897,51.40767026393143,52.00151062011719,10418500
2019-09-09,52.170154955771764,52.8373082946234,52.03818976001803,52.412086486816406,12840200
2019-09-10,52.88861882583714,53.40914656721602,52.50738921011025,52.83729934692383,13810800
2019-09-11,53.35783552947955,53.40182206310569,52.456078029716295,52.73466873168945,10525700
2019-09-12,52.038189246219915,52.90329316686289,51.83290570442625,52.77132797241211,9100700
2019-09-13,52.97660492060817,53.31384805708091,52.829973822095354,53.25519561767578,7337200
2019-09-16,55.014723475232785,55.11736243597694,53.95900205797422,54.05431365966797,19830200
2019-09-17,54.12030198454452,54.31091962458233,53.24786508726061,53.643760681152344,14452200
2019-09-18,53.26251759778527,53.49712171366804,53.027913481902495,53.387149810791016,7292200
2019-09-19,53.49712035978359,53.65841173413421,52.92527319137913,53.02791213989258,8050200
2019-09-20,53.145215110022185,53.15254806211479,52.68333980945254,52.84463119506836,19736600
2019-09-23,52.434067833203805,53.04990713784757,52.3900813090876,52.881282806396484,7495200
2019-09-24,52.646688650803036,52.69068077664699,51.92088289852868,52.155487060546875,13307100
2019-09-25,52.03818669189291,52.39742308394046,51.92088181662594,52.309444427490234,8035200
2019-09-26,52.2141341142545,52.30944012251216,51.81823858291648,52.03084945678711,8420200
2019-09-27,51.832879138688284,52.544024233558545,51.78155967789361,52.40473175048828,8224000
2019-09-30,52.22879734608816,52.38275579576077,51.744928731889104,51.76692199707031,9768900
2019-10-01,51.92820800750933,51.98686043750501,50.520583248034654,50.549903869628906,10279100
2019-10-02,50.05137448608779,50.28597863649985,49.12762379013014,49.230262756347656,14503700
2019-10-03,49.120293425287095,49.8534321331272,48.614425926988,49.83877182006836,10788400
2019-10-04,49.93408302302851,50.63789558442208,49.72147210447134,50.56458282470703,10534800
2019-10-07,50.366633825358676,50.60857097419074,49.868099212646484,49.868099212646484,10993000
2019-10-08,49.51619193773617,49.794782649625404,48.856365942835566,48.900352478027344,9748700
2019-10-09,49.34022832604335,49.633479281268194,49.26690999383371,49.442867279052734,8580900
2019-10-10,49.43554294868091,50.11736216595407,49.39888377618275,50.03671646118164,7100100
2019-10-11,50.5719108581543,50.94580757434317,50.50592546544747,50.5719108581543,10101900
2019-10-14,50.29331836381271,50.85783834745357,50.28598540997967,50.71854019165039,6234600
2019-10-15,50.63055130825831,51.319703400960414,50.59389773329989,50.89448165893555,6645700
2019-10-16,50.740517773687834,50.97512188317475,50.00737923236583,50.02204513549805,9765800
2019-10-17,50.20534384347632,50.498594867481366,49.912087226066525,49.95607376098633,9757200
2019-10-18,49.75812632852043,49.96340427265293,49.567508697509766,49.567508697509766,13472700
2019-10-21,49.72145656002669,50.41793594968653,49.72145656002669,50.39594268798828,10199300
2019-10-22,50.42528233571363,51.14376077189235,50.32997631182865,50.65255355834961,9536000
2019-10-23,50.55724099475814,51.143754156318906,50.42527581307717,51.13642120361328,8641800
2019-10-24,51.2903862845469,51.35637168062478,50.60123406958004,50.65255355834961,9003600
2019-10-25,50.51325427488145,50.938476035739576,50.51325427488145,50.76985168457031,7607200
2019-10-28,50.923816830427015,51.07777529649664,50.27865674498219,50.3226432800293,11209600
2019-10-29,50.205332531612584,50.608555395470944,50.02937524476914,50.17600631713867,13894400
2019-10-30,50.12469264968175,50.12469264968175,49.31823564168855,49.64815139770508,12840600
2019-10-31,49.45753560115985,49.648153227657204,49.222931442934,49.53818130493164,16169100
2019-11-01,50.13935022910483,51.03378024856215,50.08069779655593,51.02644729614258,14108700
2019-11-04,51.37102380028787,52.69067557729896,51.275717791605246,52.544044494628906,15858200
2019-11-05,52.81531360270411,53.60710475586543,52.67601545722077,53.585105895996094,14930400
2019-11-06,53.32118254352197,53.423821518729916,52.19947558291291,52.412086486816406,13996500
2019-11-07,52.80798034391385,53.54111905332463,52.78598707757624,53.526458740234375,13073800
2019-11-08,53.13319975019253,53.27417779217293,52.42832086200929,52.50993347167969,12106000
2019-11-11,52.09443205772108,52.39122528638659,51.916358384865774,52.190887451171875,8674000
2019-11-12,52.138946169458535,52.24282860546187,51.18179669290056,51.471168518066406,13918600
2019-11-13,51.21147920632685,51.307940270897795,50.89984883046825,51.048248291015625,11773700
2019-11-14,51.092751111335595,51.174369376757774,50.588204407298015,50.82563781738281,11279800
2019-11-15,50.98145537498897,51.4192266066875,50.95177548971625,51.337608337402344,11252800
2019-11-18,50.974033642136305,51.06307329734953,50.67724611314406,50.840476989746094,10095600
2019-11-19,50.75144821413104,50.870162105763356,50.29141843951368,50.32109832763672,12605500
2019-11-20,50.20979632561508,50.85532110602886,49.950104400457604,50.47690963745117,16930700
2019-11-21,50.4694951628021,51.75312351274986,50.395298268432555,51.693763732910156,14080900
2019-11-22,51.723439068883934,52.0721706686632,51.44148863075969,51.471168518066406,12143600
2019-11-25,51.47117014786139,51.52310853707781,50.98146048308389,51.129859924316406,10670000
2019-11-26,51.13727599741877,51.22631566276192,50.78112865776595,51.003719329833984,15457000
2019-11-27,51.01856746758646,51.26341666651398,50.758875492444844,50.97404479980469,8393900
2019-11-29,50.6995087514373,50.847902528050035,50.454653925252536,50.551109313964844,7980800
2019-12-02,50.8256447184227,51.107595162162816,50.72918932839945,50.76628494262695,11116900
2019-12-03,50.454655510006724,50.64015056702881,50.09850250974597,50.36561584472656,12245800
2019-12-04,50.640153627551975,51.01856515178773,50.558535344660726,50.936946868896484,11049700
2019-12-05,51.11501650388066,51.17437627962361,50.61046973178522,50.75886917114258,13109000
2019-12-06,51.01856892286971,51.84216753956913,51.01856892286971,51.57505416870117,13710800
2019-12-09,51.25599426631455,51.91635620035747,51.21147160432913,51.686344146728516,12397700
2019-12-10,51.68633869538787,52.04990737490811,50.97403278734532,51.241146087646484,14281800
2019-12-11,51.003721292909326,51.76054432530564,50.951782901341744,51.16695785522461,13748400
2019-12-12,51.16695675617885,52.220567340124425,51.12243975318002,52.190887451171875,17068500
2019-12-13,52.294765724437895,52.3392827238882,51.28567222392757,51.36729049682617,12274500
2019-12-16,51.716021366070656,52.12411276953561,51.716021366070656,51.93861770629883,15208700
2019-12-17,51.923779655304294,52.22056722244098,51.42664859254439,51.7011833190918,14450700
2019-12-18,51.664079945156445,52.153789600597236,51.404388004025606,51.842159271240234,13652300
2019-12-19,51.93119084843386,51.97571350830564,51.37470571734219,51.48600387573242,13273200
2019-12-20,51.834744221287814,52.10927897025276,51.48601257448005,51.89410400390625,35092000
2019-12-23,51.834734012902224,52.161207092147244,51.589879203468456,52.153785705566406,14172500
2019-12-24,52.19831556311656,52.3096137458117,51.87184806430104,51.953460693359375,3979400
2019-12-26,52.07960262648152,52.30961472372028,51.946045936922694,52.03507995605469,8840200
2019-12-27,52.087018169420986,52.16863646057638,51.84958468447643,51.85700607299805,10516100
2019-12-30,52.00538665530936,52.26508423978774,51.493424194706,51.55278396606445,12689400
2019-12-31,51.21148394446791,51.790233402858306,51.204068216399875,51.775390625,13151800
2020-01-02,52.11668608703096,52.6954297197931,52.11668608703096,52.60639572143555,12456400
2020-01-03,52.93287538582843,52.955139551423784,52.0573440083458,52.18347930908203,17386900
2020-01-06,52.176045602896494,52.94770566306573,52.109270104457174,52.584136962890625,20081900
2020-01-07,52.30960085860808,52.32443797091043,51.575042091166104,52.153785705566406,17387700
2020-01-08,52.02023101915539,52.15378767836586,51.32276783651631,51.36729049682617,15137700
2020-01-09,51.30052159193566,51.86442825007552,50.922110023630935,51.76055145263672,14811800
2020-01-10,51.886675441870445,51.908933942059726,51.285673293321175,51.30051040649414,11995600
2020-01-13,51.34502193876178,51.8421529204378,51.27824644530535,51.79021453857422,9953900
2020-01-14,51.47858076230349,51.6269801887995,51.115012073892025,51.34502410888672,16261000
2020-01-15,51.34503839705098,51.63441028316974,51.11502629804911,51.26342010498047,11390300
2020-01-16,51.41922515696176,51.626978687154065,51.048235092801455,51.063072204589844,13340300
2020-01-17,51.01114484488381,51.25599969874573,50.66983459140673,50.87016677856445,18144100
2020-01-21,50.736593642349995,50.76627352357186,50.09107462356465,50.14301300048828,17982600
2020-01-22,50.12818584914055,50.2320626353553,49.712678704281544,49.85365676879883,17033100
2020-01-23,49.497498075506925,49.66073462396757,49.007794090984625,49.542015075683594,19605900
2020-01-24,49.3713664433154,49.47524322529724,49.00037631884882,49.2081298828125,18238600
2020-01-27,48.54033232312142,48.77034998236962,48.00610579447298,48.03578567504883,21231000
2020-01-28,48.3103387383262,48.377114249429695,47.954185696525904,47.96902847290039,19664700
2020-01-29,48.25097605006376,48.32517294488818,47.41254038291338,47.568355560302734,14202800
2020-01-30,47.32350852738019,48.13968582694879,47.063816522180346,48.07291030883789,18544700
2020-01-31,46.89315603987275,46.89315603987275,45.898902313761965,46.09181594848633,34282900
2020-02-03,45.54274741979846,45.572424477943294,44.79334580064965,45.06045913696289,27389300
2020-02-04,45.594685729846354,45.935995956569684,44.43719555132336,44.49655532836914,31922100
2020-02-05,45.075297855614714,46.692814943369925,44.9639996917005,46.54441833496094,32099200
2020-02-06,46.69280918130658,46.752166119087384,45.839530911074974,45.91373062133789,16055400
2020-02-07,45.56501537518565,45.7505104716211,45.30532337234825,45.609535217285156,15112500
2020-02-10,45.519203480552484,45.549309463143075,44.87193921017738,45.12783432006836,20934500
2020-02-11,45.59447672456616,45.827790954390586,45.28589465351957,45.55684280395508,14908700
2020-02-12,46.16648410148826,46.3094832628421,45.579431588380785,46.113800048828125,17862100
2020-02-13,45.95573409593308,46.226679340682345,45.579417906428084,45.85789108276367,16949400
2020-02-14,46.02346811189037,46.03099317191937,45.36867591785207,45.647151947021484,10855300
2020-02-18,45.27084953249608,45.451479738700755,44.74400616744595,45.0676383972168,18948500
2020-02-19,45.24073233186134,45.624573578241375,45.029996186481284,45.41383743286133,12804900
2020-02-20,45.33105500745543,45.56437211540572,44.947213696765736,45.052581787109375,14817200
2020-02-21,44.78914916115135,44.78914916115135,44.24725583023574,44.503150939941406,20315700
2020-02-24,43.36668890527229,43.50216300076195,42.418373107910156,42.418373107910156,32096600
2020-02-25,42.71188698713173,42.71188698713173,40.619569917780325,40.79267501831055,36414500
2020-02-26,41.056103729587406,41.25931485618721,39.83683984105384,39.89704895019531,29801000
2020-02-27,38.91861801916335,39.468039288578744,37.48109034957936,37.49614334106445,48141300
2020-02-28,36.70588487933383,38.71541213989258,36.13388261034303,38.71541213989258,62446700
2020-03-02,39.580945077923666,40.55936679791113,38.482102267338746,40.551841735839844,38127600
2020-03-03,40.60451562170663,40.75504266504834,38.3691966364033,38.61003875732422,50580700
2020-03-04,39.30998475253675,39.49814282786254,38.47456243871993,39.45298385620117,24079600
2020-03-05,37.94771923562676,38.158458232215644,36.90908872748653,37.71440505981445,40788200
2020-03-06,36.75857205660356,36.88651820572608,35.52425519442428,35.893043518066406,55640500
2020-03-09,31.39229009630929,33.54481876584841,30.707394871552673,31.505186080932617,72896300
2020-03-10,34.74903208340129,34.81676910557625,31.196609562293464,32.67176818847656,60445900
2020-03-11,31.90409353002781,32.72446312938196,31.42240915445571,31.59551429748535,51986100
2020-03-12,30.03003708742945,30.594511447185152,27.847401747948037,27.98287582397461,65725300
2020-03-13,30.112818513095483,30.2106615207158,26.34213177137554,28.690343856811523,79891500
2020-03-16,25.890560685627825,28.5097215966076,25.025032110812692,25.958297729492188,48924700
2020-03-17,26.500187395409966,28.133401275279084,25.740029897948325,27.70440101623535,41204400
2020-03-18,26.003449653718654,27.629135573386403,23.504710237767576,24.92718505859375,54036400
2020-03-19,25.386295975569016,26.2668775661961,24.34766223595373,25.91313934326172,49412400
2020-03-20,26.22170857481301,26.477603663145537,23.75307419611837,24.64118194580078,76534600
2020-03-23,24.483131507410302,24.611080510737374,22.661762443735814,23.670289993286133,56952500
2020-03-24,25.905612297880186,27.222719326729266,25.085245533277046,26.673297882080078,61835600
2020-03-25,27.478607170189157,29.044083912353678,26.477607589012464,28.065662384033203,56607700
2020-03-26,28.22371339949275,29.774137089154802,27.636661079523968,29.217187881469727,46722000
2020-03-27,27.94524274293713,28.35919000245622,27.24529435803227,27.809768676757812,51558600
2020-03-30,27.26787502727801,28.712930914763128,26.98940180723012,28.223718643188477,45835000
2020-03-31,28.855930653798932,29.691353202325374,28.125876197687504,28.577457427978516,41491600
2020-04-01,27.74203167443027,29.126875452748454,27.350662468485474,28.246294021606445,36045900
2020-04-02,29.156979551032208,31.580453852879614,28.524768239449262,30.406349182128906,62000200
2020-04-03,31.19661532704181,31.746036665736334,28.99140204003964,29.510717391967773,48425700
2020-04-06,30.01498073785589,30.72998208782761,29.525768532331885,30.459033966064453,41301900
2020-04-07,32.28793844993866,32.60404275170221,30.978356512902238,31.0385684967041,48921800
2020-04-08,31.572929845982436,33.145931681397094,31.211666637460166,33.0029296875,33355600
2020-04-09,34.21467272713968,35.15546335121016,31.414881782230214,32.46104049682617,60107300
2020-04-13,33.454514518332694,33.635144706859954,31.58798630084888,32.18256378173828,29651900
2020-04-14,32.363202556557404,32.927677019753176,31.542832888536932,31.934202194213867,30769000
2020-04-15,30.857929571150937,30.903088550448167,29.638665840774355,30.46656036376953,33125000
2020-04-16,30.466558584309183,30.466558584309183,29.299978962383356,29.465559005737305,30934000
2020-04-17,30.014985372115486,32.60404017891987,30.007457439201577,32.528778076171875,40829100
2020-04-20,30.669777868920036,32.167517977812174,30.511725714970268,30.993410110473633,39260800
2020-04-21,30.406340028033267,31.708393303845245,29.826812927631895,30.82781219482422,44381600
2020-04-22,32.06213789615413,32.31050795700486,31.505191548715842,31.708402633666992,27074200
2020-04-23,32.461039247881025,33.61256600869722,32.220197087070645,32.701881408691406,35271000
2020-04-24,33.41688583788158,33.78567417372991,32.46104217002923,32.912620544433594,28653800
2020-04-27,32.80724328582671,33.35666454062952,31.783662860580307,33.07066345214844,28274400
2020-04-28,33.39430122019013,34.161986668719955,33.19861804518369,33.845882415771484,26545100
2020-04-29,34.816769395295026,35.82529680547861,34.7415073127252,35.71992874145508,29502500
2020-04-30,35.88551519656374,35.88551519656374,34.44798734188582,34.974830627441406,37076300
2020-05-01,34.3426191231818,34.914618515680395,32.36319499735253,32.468563079833984,35399300
2020-05-04,31.994407493093263,33.8233047653087,31.776146242043687,33.77814865112305,27465600
2020-05-05,34.81677063333128,35.48661582470498,33.61256004300743,33.740509033203125,29276200
2020-05-06,33.81578433898729,34.07167954835836,33.04057364783333,33.10831069946289,22659000
2020-05-07,33.838356459547946,34.07167356777701,33.09325189347615,33.29646301269531,22160300
2020-05-08,34.101771955148976,34.786667261595845,33.85340190777921,34.756561279296875,19977400
2020-05-11,34.70388444070325,34.7716214793871,34.25230322578921,34.425411224365234,22258000
2020-05-12,34.84737955901564,35.039185927156595,33.8499870300293,33.8499870300293,25439100
2020-05-13,33.55844070267352,33.65817789867105,31.916575867722653,32.169761657714844,30827900
2020-05-14,31.509941803203798,32.64543485874702,30.842456633585126,32.45362854003906,24856500
2020-05-15,32.51501526992174,32.998365194381876,32.10838379275118,32.22346878051758,22445600
2020-05-18,34.06481595637235,34.970142349229505,33.803959149502774,34.786006927490234,32026100
2020-05-19,34.9471208808168,35.77572582425361,33.704216392394585,33.71188735961914,21771600
2020-05-20,34.23360935981206,34.97014824419526,34.195248660780386,34.80902862548828,19352400
2020-05-21,34.86272887412192,35.13125957986944,34.05714261034593,34.18757247924805,19130700
2020-05-22,33.796276907203286,34.27195581633069,33.335942856658384,34.2182502746582,15406400
2020-05-26,35.09289308671168,35.52253746212502,34.88574186568048,35.22332000732422,20356500
2020-05-27,35.798746254987876,36.16701419050485,34.83971425830825,35.47651290893555,20788300
2020-05-28,35.62227078950394,35.64528661186974,34.47143284349817,34.55582809448242,19698000
2020-05-29,34.387048233908494,35.05453362966643,34.041796157918824,34.885746002197266,25874700
2020-06-01,34.77066249122357,35.63762820214003,34.37170484484372,35.507198333740234,19031000
2020-06-02,35.95218373532708,36.4048468512773,35.86778847064832,36.29743576049805,22319000
2020-06-03,36.82682584272927,37.90094276716881,36.788465151156394,37.7781867980957,23418000
2020-06-04,37.50198112756669,37.709132351998484,36.949577862415225,37.67076873779297,18731400
2020-06-05,39.62719449218468,41.00819967602854,39.58883087943208,40.724327087402344,41328900
2020-06-08,41.982591383518994,42.47361536491368,41.01588535925613,41.9979362487793,33579400
2020-06-09,40.57088487485622,41.407160778997294,40.24097767884524,41.06190872192383,27276900
2020-06-10,41.04656950649342,41.04656950649342,38.82161410086864,38.85997772216797,31156800
2020-06-11,36.46622264121523,37.47128897754209,35.36909007557629,35.43046951293945,39183000
2020-06-12,36.857501964816095,37.30249109096271,35.22331135164017,36.19001388549805,30978100
2020-06-15,34.7936731807193,36.64268640845493,34.3333390788469,36.16700744628906,27929300
2020-06-16,38.031364598041215,38.16946541054966,36.24373085548837,36.98026657104492,26203400
2020-06-17,36.82682444662144,36.926564582316296,35.75270756290176,35.775726318359375,19279400
2020-06-18,35.37676401459946,36.312779948475814,35.11590725893224,35.99821472167969,21478700
2020-06-19,36.99560948821309,37.026296279700254,35.27702331542969,35.27702331542969,48899900
2020-06-22,35.05453821688613,35.62995744325695,34.8320450070069,35.6146125793457,17565400
2020-06-23,35.98287913509896,36.22839107470465,35.67598774722526,35.82943344116211,18916600
2020-06-24,35.22332461276438,35.261685304622965,33.949730326620376,34.141536712646484,27626900
2020-06-25,33.79628676904539,34.709287097358526,33.52008508742909,34.65557861328125,19353600
2020-06-26,34.43307915344717,34.479110807522595,33.37430720871983,33.466373443603516,31518600
2020-06-29,33.612145747536466,34.202909655336775,33.40499453882212,34.0034294128418,17052100
2020-06-30,33.3206040157387,34.50213199938107,33.113452777562465,34.310325622558594,22153600
2020-07-01,34.133864994936246,34.816695245907866,33.50473737000007,33.53542709350586,17290100
2020-07-02,34.233605014301176,34.67092336656453,33.70422041070168,33.819305419921875,18216600
2020-07-06,34.27196639805699,34.586531706023834,33.63517066729667,34.05714416503906,22692000
2020-07-07,33.681192349567546,33.75791371003379,33.075083650994365,33.17482376098633,17407600
2020-07-08,33.105780277965565,33.70421520939881,32.867939328090166,33.098106384277344,18291400
2020-07-09,32.91397462515976,33.0674173814632,31.678741120479426,31.732446670532227,25882000
2020-07-10,31.548299957890407,32.76818816435723,31.532955102413425,32.7221565246582,18951000
2020-07-13,32.97533971796641,33.21318059060909,32.399920800984546,32.729827880859375,20028300
2020-07-14,32.630102182321785,33.90369649688506,32.42295092958319,33.81163024902344,21444100
2020-07-15,34.54815654163248,34.5941911162131,33.9190319893595,34.241268157958984,17332400
2020-07-16,33.995758925787634,34.37937163028057,33.59680136190706,33.972740173339844,14673700
2020-07-17,34.01110592622094,34.287304632387496,33.289912123265175,33.389652252197266,17958900
2020-07-20,33.15180011114708,33.381967085256136,32.59172606768004,32.60707092285156,18553900
2020-07-21,33.10578029161265,34.6709180303704,33.07509057031294,34.25661849975586,28821800
2020-07-22,33.87300066772328,33.87300066772328,33.27456289934172,33.45869827270508,21345400
2020-07-23,33.297588667145874,33.6198219800216,33.00604215068706,33.52775573730469,17934400
2020-07-24,33.66585831827713,34.0801578954491,33.13647080993161,33.32060623168945,16415300
2020-07-27,33.16716066052556,33.826975111455916,32.96768330236983,33.81163024902344,18547900
2020-07-28,33.688871785394255,33.94972857399256,33.343619723024,33.41267013549805,19190500
2020-07-29,33.53542527356787,33.826971777584646,33.251552663377645,33.78093719482422,14143200
2020-07-30,33.09043936937553,33.128800062199396,32.093046722288676,32.12373352050781,29901100
2020-07-31,31.579005809853104,32.35390238375686,31.387199408450513,32.284854888916016,32116200
2020-08-03,32.26182989691061,32.607081938072064,31.816840653539188,32.41527557373047,23033600
2020-08-04,32.48432606789158,33.451028858967945,32.40760469264513,33.35129165649414,17724000
2020-08-05,33.87300367856303,33.99575962947241,33.39732180789804,33.6428337097168,17175100
2020-08-06,33.29758749176903,33.681200237403544,33.182502497385485,33.481719970703125,14434900
2020-08-07,33.1671647174394,33.38966085982557,32.844931347142406,33.32828140258789,18757900
2020-08-10,33.75024958676824,34.21825466326132,33.45102919613229,34.14920425415039,24367800
2020-08-11,34.90876100298797,35.61460707338134,34.317997004037124,34.502132415771484,28987500
2020-08-12,34.783777458865416,35.15931046834172,34.13441922929318,34.49430465698242,22503200
2020-08-13,34.032707460425286,34.322180228459864,33.57893659507367,33.649349212646484,17338700
2020-08-14,33.32858188197202,33.86058767217374,33.17993434641918,33.79800033569336,13595700
2020-08-17,33.77452898930724,33.77452898930724,33.226878578753386,33.35987854003906,15554600
2020-08-18,33.32076866444452,33.790184261617135,33.086060865858215,33.19559097290039,13014000
2020-08-19,33.13299360182257,33.37552663341368,32.757460606903756,32.82787322998047,14473100
2020-08-20,32.6166403458911,32.77311319714038,32.31151992741426,32.32716751098633,15678500
2020-08-21,32.31151834752939,32.34281351314334,31.84992510037306,32.084632873535156,25517700
2020-08-24,32.29587049816824,33.25817444932032,32.147222939435736,33.03129196166992,18208900
2020-08-25,32.5931681153915,32.913936094338524,31.84210206485279,31.982927322387695,31285600
2020-08-26,31.795161227613335,31.95163407699348,31.29445049717397,31.30227279663086,26795000
2020-08-27,31.294444604963346,31.529152342606412,30.75461650993722,31.091032028198242,32034300
2020-08-28,31.16926290215416,32.01421124494333,31.10667258851845,31.83426856994629,33477100
2020-08-31,31.795158623732746,31.857748952147485,31.216213008252037,31.24750518798828,25259600
2020-09-01,31.098854618531245,31.098854618531245,30.551201235901935,30.848499298095703,22464100
2020-09-02,30.69203506861454,31.075393439113405,30.472974848027572,30.66073989868164,26413400
2020-09-03,30.668570535090684,31.31792900991777,30.418215100883593,30.59815788269043,28817200
2020-09-04,30.871971614873885,31.13015223822787,30.238260965679693,30.574676513671875,24632500
2020-09-08,29.925320932136955,30.261736543465116,29.22119453994508,29.870555877685547,38496400
2020-09-09,30.003551676457025,30.386909988487993,29.667136112165938,29.690608978271484,25886100
2020-09-10,29.940963903239872,30.01919883055175,28.869129879817027,28.947364807128906,34381200
2020-09-11,29.049081493132288,29.189906792982068,28.548370642320666,28.869138717651367,26838600
2020-09-14,28.876948616021963,28.95518353368149,28.548358380486988,28.681358337402344,26129900
2020-09-15,28.79089604416329,29.244667043335017,28.32930274494138,28.376245498657227,23724200
2020-09-16,28.524890021055082,29.847082423329663,28.376242460245532,29.581079483032227,30890900
2020-09-17,29.22119613828462,29.714084639778925,28.923900964850286,29.573259353637695,24696200
2020-09-18,29.362015044337383,29.58890050987283,28.712656796649387,29.096012115478516,46853800
2020-09-21,28.501420974731445,28.720481172763268,27.914650029027896,28.501420974731445,35351800
2020-09-22,28.52489474190704,28.822192897200072,27.750358659409848,27.797298431396484,27303200
2020-09-23,27.891176037373576,28.000706120253795,26.874104160409438,26.905399322509766,31251400
2020-09-24,26.913223943878318,27.241814184443875,26.412510315990897,26.85063362121582,26796000
2020-09-25,26.60028337122335,27.335701895900403,26.506400853800443,27.100994110107422,23486000
2020-09-28,27.492178212577375,28.086774528288824,27.460883041335343,27.625181198120117,23396500
2020-09-29,27.382640745419472,27.468700950991863,26.592457282790317,26.819339752197266,20770500
2020-09-30,27.100987592361314,27.32004774182161,26.701984750919962,26.858457565307617,22223700
2020-10-01,26.43598448555997,26.678514536684652,25.77097570452834,25.919626235961914,36890200
2020-10-02,25.23114946152968,26.091745613715847,25.199854296312054,25.80227279663086,32694300
2020-10-05,26.068274501740593,26.404690050774818,25.950919129948716,26.396867752075195,22965200
2020-10-06,26.694162547183776,26.92887030359703,26.060451903315087,26.12303924560547,26731800
2020-10-07,26.318630815937997,26.396868728182703,25.982215254463746,26.2091007232666,23779300
2020-10-08,26.50639757046129,27.648644175109776,26.412512080196528,27.5860538482666,34413700
2020-10-09,27.914648198987333,28.12588608372875,27.108817108080984,27.179229736328125,29228600
2020-10-12,27.022759438496113,27.171407007897113,26.78022636628995,27.093172073364258,17912800
2020-10-13,27.171402781553187,27.280932866651032,26.678514414141894,26.77239990234375,20995100
2020-10-14,26.647221578869985,27.249640016526005,26.623748715162773,26.717634201049805,17743000
2020-10-15,26.36557397356343,26.96016719351978,26.029158406854165,26.95234489440918,23251600
2020-10-16,26.889754275315486,27.10099216269152,26.50639894911066,26.678516387939453,22627200
2020-10-19,26.678516957185852,26.88975484906912,26.123041195828698,26.14651107788086,23645800
2020-10-20,26.334276812694533,26.545514686328968,26.076099179010896,26.365571975708008,23040600
2020-10-21,26.216923302846453,26.302983515001106,25.92745048562089,25.943098068237305,28619300
2020-10-22,25.958747946765957,27.35135009361135,25.833570259234587,27.273115158081055,31831500
2020-10-23,27.359171783786017,27.44523199224686,26.49075038491181,26.7254581451416,27429100
2020-10-26,26.295159041962926,26.42033670807387,25.77880079619641,26.09174346923828,30888700
2020-10-27,25.93527027291194,25.97438772892751,25.58320719983062,25.67708969116211,27100700
2020-10-28,25.11379874859812,25.332861961337006,24.660030706548856,24.699148178100586,42136400
2020-10-29,24.57396616422913,25.919628437560014,24.339258391652432,25.794450759887695,38622800
2020-10-30,25.356327112894473,25.927450447431777,25.043381429969628,25.52062225341797,47885700
2020-11-02,25.927451768346803,26.960168396352465,25.481506087365783,26.59246063232422,40130300
2020-11-03,26.983636679144624,26.983636679144624,25.9196250651338,26.13868522644043,36773000
2020-11-04,26.029157025907157,26.709810422325003,25.450208434887458,25.997861862182617,35410100
2020-11-05,26.10739486394075,26.537692967519227,25.927452129152346,25.9509220123291,30824100
2020-11-06,25.896154986533364,26.334278340730915,25.520621961994546,25.64579963684082,33985600
2020-11-09,28.493595106976954,29.73754960575838,28.211947565766224,28.892601013183594,76879400
2020-11-10,29.68582038119264,29.990291195903115,28.82849732039458,29.533586502075195,49055400
2020-11-11,29.71787522762594,29.74191135532769,28.99676083181281,29.2291202545166,34124500
2020-11-12,28.732347633421647,29.07687964793649,27.939121980905405,28.227567672729492,30933700
2020-11-13,28.36378900532537,29.044839184297658,28.3477638996879,28.90863037109375,29241500
2020-11-16,30.11849810919652,30.583213966820587,29.7258906453365,30.57520294189453,38596800
2020-11-17,30.29476646585771,31.015877798567537,29.95023437507736,30.983827590942383,26521100
2020-11-18,31.264259843906235,31.352396379648773,29.806009133827295,29.81402015686035,31068000
2020-11-19,29.53358285681241,30.046373814205484,29.293212477593805,29.966251373291016,26954400
2020-11-20,29.92619181008281,29.97426711608903,29.469487100688582,29.597684860229492,18351000
2020-11-23,30.046377501117465,31.592764641026356,29.87010444170539,31.536678314208984,29367600
2020-11-24,32.45810236984613,33.71604699449398,32.225746013990694,33.635921478271484,46979300
2020-11-25,33.38753206899637,33.419582270787686,32.57027331864615,32.69847106933594,28178200
2020-11-27,32.610342275868206,32.80263741926604,31.945314185133203,32.20170974731445,14971900
2020-11-30,31.889226825991628,31.953327242722843,30.422964942740233,30.551162719726562,45614300
2020-12-01,31.216180522628687,31.769035791574943,30.82357625849696,30.847612380981445,32472900
2020-12-02,30.759483437038153,32.38599333080561,30.719422204199397,32.001399993896484,29369500
2020-12-03,32.105566414021396,32.56227126047825,31.833145711180762,32.21773910522461,27038900
2020-12-04,32.66642441485546,33.45964712823754,32.57027685551614,33.39554977416992,28723600
2020-12-07,33.18722838751333,33.28337900880748,32.58630075856677,32.77058792114258,24899400
2020-12-08,32.47412857334042,34.124677585734716,32.402017134534944,33.84424591064453,32573800
2020-12-09,34.22082298348867,35.038084886004086,33.95641642894076,34.29293441772461,37824800
2020-12-10,34.61343595650805,35.63100722348012,34.260889751476775,35.26243591308594,38058700
2020-12-11,35.014058580934005,35.19834272978648,34.6214510940906,35.094181060791016,25478800
2020-12-14,35.5268416126473,35.622989177646986,33.796170160273086,33.82822036743164,30595000
2020-12-15,34.00448562170412,34.62945234768496,33.70001786585442,34.4852294921875,27138400
2020-12-16,35.054103121478555,35.342548801914184,34.42112544013094,35.014041900634766,34273000
2020-12-17,35.25441583236248,35.28646603485512,34.773675020875025,34.837772369384766,21204600
2020-12-18,34.66951937745908,35.07814883213464,33.988466211031735,34.23685073852539,46596800
2020-12-21,32.938853499159706,33.71605436581941,32.474134572895714,33.61189270019531,27869500
2020-12-22,33.315431376720404,33.57182693718249,33.03499663113763,33.04301071166992,21792900
2020-12-23,33.25933952350791,33.96442879088838,33.21927829323678,33.4676628112793,19085900
2020-12-24,33.37151570331013,33.53176062658417,33.15518138911898,33.331451416015625,8039000
2020-12-28,33.403569737652454,34.09263405304195,33.267360913505364,33.443634033203125,23877500
2020-12-29,33.68399212511259,33.74808947274164,33.01095316439236,33.067039489746094,20287700
2020-12-30,33.11512015830047,33.988465382162374,33.06704484743266,33.331451416015625,23807300
2020-12-31,33.22729055060406,33.39554954239908,32.82667215691547,33.026981353759766,22786500
2021-01-04,33.21127009566583,33.852259003972435,32.85071287959455,33.2513313293457,27764700
2021-01-05,33.523752395292455,35.89541291241164,33.51574137105189,34.85380554199219,44035100
2021-01-06,35.58292752915648,36.13577984200858,35.01405011291325,35.7431755065918,36484800
2021-01-07,36.05566700610912,36.51237187700169,35.67908461708386,36.023616790771484,29528100
2021-01-08,36.21590462659559,36.71267059577097,36.01559542297114,36.424224853515625,28628200
2021-01-11,36.08771188832686,37.77030821069687,35.855352446182756,37.529937744140625,38246200
2021-01-12,38.026706719884295,38.595584247854184,37.58602698774532,38.36322784423828,36915100
2021-01-13,38.88402353636128,39.02824641456158,38.21098445691855,38.7958869934082,29000300
2021-01-14,38.85997563021929,40.92716755353282,38.85997563021929,40.31021499633789,35474800
2021-01-15,39.188489111835146,39.3247009479781,37.890486439551154,38.3712272644043,42411300
2021-01-19,38.81992247326731,39.61314517120441,38.739796961648175,39.13240432739258,24932600
2021-01-20,39.348738975627924,39.85351900567353,39.25259141730164,39.68525695800781,22342400
2021-01-21,39.52501824828755,39.57309050675598,38.20297612383317,38.547508239746094,29044500
2021-01-22,37.66613404272105,38.17091399434714,37.3696773343265,38.002655029296875,23264800
2021-01-25,37.578006744384766,37.69819042922571,36.9850901738184,37.578006744384766,26395800
2021-01-26,37.866453921441234,38.3471978873577,36.736710033427954,36.75273513793945,23976800
2021-01-27,36.0556621969797,37.385715391320346,35.67907985818326,36.33609390258789,32410300
2021-01-28,36.80882525417376,37.32963050659518,36.60851601193113,36.90497589111328,24967200
2021-01-29,36.49633325961787,36.888940610981905,35.66304630815483,35.92745590209961,38961100
2021-02-01,36.5203734629492,36.5203734629492,35.48677729555048,35.991554260253906,24412400
2021-02-02,36.70466294786709,37.65012272043784,36.28000531872779,36.56044006347656,31940400
2021-02-03,36.56043274520334,38.194953346988385,36.39217070944449,37.99464416503906,28459300
2021-02-04,38.363216804136,38.763835182877884,37.85843679110804,38.72377395629883,25280300
2021-02-05,39.404814146481264,40.157975410278915,39.29264151745554,40.021766662597656,34980100
2021-02-08,40.798978454989694,41.95276146156287,40.63071945202311,41.74443817138672,36998700
2021-02-09,41.288118874142704,41.52442423642001,40.554761585243135,41.25552749633789,28977000
2021-02-10,41.25553260386041,41.89925668963325,41.05996877091387,41.65480422973633,25723800
2021-02-11,41.46738622149659,41.49998070829714,39.74806589753448,40.61180114746094,26972200
2021-02-12,40.2777252219877,41.32072418615321,40.26142797462485,41.1659049987793,19756700
2021-02-16,42.339275736995866,42.80373637353152,42.06222876885339,42.40446472167969,28060100
2021-02-17,42.65706561526377,43.406723420923775,42.20890221072738,43.06448745727539,25509700
2021-02-18,43.03188783878906,43.137815259409464,42.25778586540321,42.388160705566406,20627600
2021-02-19,42.46149335514513,42.828173535178905,42.30667110780802,42.6733512878418,22607200
2021-02-22,42.85263531232576,44.66158953228553,42.85263531232576,44.24601745605469,36435100
2021-02-23,44.80009697418927,45.02825216825249,43.789692736153825,44.85713577270508,33527900
2021-02-24,44.97122528393486,46.44609358521997,44.71047553353051,46.20164108276367,28728600
2021-02-25,46.42978283711271,46.64979095786737,45.101587045170774,45.435672760009766,29670900
2021-02-26,44.33563403629698,44.86528354659325,43.28448519127399,44.30303955078125,35291000
2021-03-01,46.01422264563173,46.94314392413767,45.73717567586839,45.957183837890625,36998300
2021-03-02,46.16089280961285,46.41349234514774,45.64754045318045,45.68828201293945,30302600
2021-03-03,45.973472122548976,47.22833194985158,45.533458962907766,46.05495834350586,35358900
2021-03-04,46.543857248643,48.45874123166231,46.527560006547986,47.83945846557617,52137500
2021-03-05,48.75209549848462,49.74620260570904,48.165407094732565,49.64842224121094,51429800
2021-03-08,50.1780705871152,50.202514900533956,48.74394410450263,49.59952926635742,38154600
2021-03-09,49.38767008778146,50.02324708815864,48.45874890003586,48.83357620239258,35645900
2021-03-10,49.314335056644374,50.455114231884615,48.91506032486222,50.332889556884766,31579100
2021-03-11,50.34103558876783,50.96846552100406,49.91731655238564,49.95806121826172,24802600
2021-03-12,50.153625110422944,50.82179664242375,50.11288355035105,50.4958610534668,20422700
2021-03-15,50.10473048248854,50.4062217209802,48.784681713863954,49.20840072631836,31243600
2021-03-16,48.51578442460583,48.613564777662326,47.61945467838027,48.165401458740234,30624800
2021-03-17,47.823172007522494,48.67061013727244,47.76613320151835,48.37726593017578,25575500
2021-03-18,47.92095069390456,48.05132553865588,46.05495820284128,46.291263580322266,38622800
2021-03-19,46.20978489083307,46.82906783561801,45.47642743522816,46.030521392822266,84439400
2021-03-22,46.03866496921394,46.33200917255355,45.54976003590242,45.55790710449219,29315100
2021-03-23,44.76751196783929,45.8675528330006,44.36824029367048,44.995670318603516,33493300
2021-03-24,45.6964366811363,46.674246644982276,45.6964366811363,45.908294677734375,29781800
2021-03-25,44.9875128800897,46.03866183435468,44.408974689775754,45.77791213989258,31495900
2021-03-26,46.6905456911023,47.08167031338674,46.05496856843788,47.02463150024414,34226500
2021-03-29,46.72313051400724,47.1142550553203,46.2342256144613,46.77202224731445,21144400
2021-03-30,46.332014122586855,46.739435980001964,46.03052281844666,46.19348907470703,20303400
2021-03-31,45.91643751172911,46.14459584284527,45.468274134908654,45.49272155761719,23686500
2021-04-01,45.89198790057581,46.81276197065003,45.745315814780575,46.76387023925781,23194500
2021-04-05,46.6905323259653,46.70682956910985,45.745313982250565,46.038658142089844,23264800
2021-04-06,46.315716532130885,46.88610774996242,45.843105689007544,45.908294677734375,18926300
2021-04-07,45.94903397103375,46.25867543542187,45.82680928578348,46.112003326416016,22385000
2021-04-08,45.5742058522701,45.69643364381773,45.07715072560313,45.63124465942383,21999300
2021-04-09,45.63124105343547,45.98977111412365,45.24826357134059,45.52531051635742,20020700
2021-04-12,46.25051739814834,46.274964817749286,45.06899676627589,45.22381591796875,20238800
2021-04-13,45.0608536472993,45.614947583183294,44.88973722520091,45.39493942260742,19370600
2021-04-14,45.96532912024419,47.26907768705506,45.834954263563105,46.70683670043945,28051100
2021-04-15,46.78832442559106,46.78832442559106,46.26682494753558,46.42979431152344,23250300
2021-04-16,46.73942412795659,47.00017380191155,45.98976648405008,46.16903305053711,22752000
2021-04-19,46.242373712277946,46.560162214897915,45.598646530447866,46.02236557006836,21123300
2021-04-20,46.014219564067886,46.014219564067886,44.637131876416696,45.052703857421875,21782100
2021-04-21,44.408979177474976,45.73717520487298,44.24600982487209,45.63124465942383,16625600
2021-04-22,45.62309973904634,45.62309973904634,44.832700362149104,45.03641128540039,21600100
2021-04-23,45.03640843015173,45.582352177829705,44.96307237809539,45.280860900878906,15337900
2021-04-26,45.19937842143049,45.867549968143635,45.174930998143616,45.3704948425293,16083800
2021-04-27,45.639385739419815,46.144590977033225,45.47641951658344,45.96532440185547,19278600
2021-04-28,46.37274635197686,47.6357532340483,46.27496599622707,47.35055923461914,24729800
2021-04-29,48.0105849261138,48.46689847544618,47.38315806980668,48.02688217163086,27318400
2021-04-30,47.529826954966694,47.98613736504102,46.57645836120997,46.64164733886719,30518400
2021-05-03,47.24463505231476,48.06762888993124,47.04907431453196,47.92910385131836,20509600
2021-05-04,48.07577926262461,48.48320112078245,47.676504473941804,48.23059844970703,23522200
2021-05-05,48.7032058179433,49.746204705635535,48.40171453479136,49.6810188293457,31526200
2021-05-06,49.591380723003795,50.226957720040666,48.91505906030532,50.153621673583984,26836800
2021-05-07,49.76249779754212,50.90328006700738,49.5832312130423,50.87068557739258,33610600
2021-05-10,51.5307127812765,52.1662867127255,50.952171438772766,50.992916107177734,31956600
2021-05-11,50.21881804536187,50.838097888983384,49.2084104908002,49.37137985229492,34563800
2021-05-12,49.611110282121,50.991724428082804,49.39616601010756,49.63591384887695,34426500
2021-05-13,48.77613722206022,49.97487342858949,48.569458674509114,49.02415084838867,24268200
2021-05-14,49.54498179680424,50.33036091022167,49.54498179680424,50.23942184448242,20735400
2021-05-17,50.04928390844889,51.46296458845709,49.95834483189899,51.413360595703125,25282500
2021-05-18,51.25627682771216,51.50429043969406,49.933535461365906,49.958335876464844,25170800
2021-05-19,48.85881787822467,49.48712256383995,48.29665185579628,48.759613037109375,28889800
2021-05-20,48.73481421009575,48.9001577198088,48.14784774659629,48.64387512207031,20692500
2021-05-21,49.12336003098365,49.462315906588955,48.652133153009174,48.71000289916992,20792700
2021-05-24,48.842291263851585,49.437523523896495,48.519869978981625,49.28044891357422,18400300
2021-05-25,49.18949466652794,49.22256399125044,48.048628192916894,48.16436767578125,25616100
2021-05-26,48.156107881246285,48.87534843781988,47.86675913827552,48.726539611816406,21698700
2021-05-27,48.96627716761825,49.35483381492426,47.96595383483479,48.41238021850586,33556000
2021-05-28,48.55292769422314,48.61079743963279,48.040365740452856,48.25531005859375,19246800
2021-06-01,49.14815909601061,50.18155183077255,49.14815909601061,49.98313903808594,28474200
2021-06-02,50.22289215905673,50.68585328794098,49.74339636624825,50.379966735839844,22978300
2021-06-03,50.05754592285213,50.768520664202825,49.892202446360066,50.57837677001953,20272800
2021-06-04,50.80984808985603,51.008260862486374,50.2476822466781,50.80158233642578,20427800
2021-06-07,50.70238744290589,51.033071257076884,50.446104885150035,50.47090530395508,15477900
2021-06-08,50.84292721799653,51.65310681798989,50.156752865360474,51.3637580871582,28953400
2021-06-09,51.81017927548696,52.43021494792887,51.41335682356388,51.79364776611328,29133000
2021-06-10,52.587298521381506,52.89318193746262,51.46296653899539,51.87632369995117,27488700
2021-06-11,52.091267851850816,52.24007668156193,51.372027277357006,51.396827697753906,17631700
2021-06-14,51.50429565748736,51.901118107592495,50.90079465084843,51.314151763916016,16997200
2021-06-15,51.65310248306346,53.24039537607531,51.545628754775024,53.182525634765625,30717100
2021-06-16,53.17426019334204,53.5710858077134,52.54595875230578,52.99238204956055,24803200
2021-06-17,52.793967150262574,53.289994388443056,50.65277733397661,51.24801254272461,28491800
2021-06-18,50.42956761670731,50.884259808748006,49.801266194668905,49.93354034423828,39590700
2021-06-21,50.37169229572692,51.834976687245195,50.34689188094896,51.74403762817383,33145400
2021-06-22,51.95899339867558,52.9179850308997,51.44643140677274,52.736106872558594,25140400
2021-06-23,52.951047450755645,53.488406639132776,52.56249076451703,53.124656677246094,20701600
2021-06-24,53.03371937944591,53.372668935618776,52.75263641370287,53.339599609375,19568400
2021-06-25,53.41401073111305,53.678559051370385,53.207332158807965,53.45534896850586,18438300
2021-06-28,53.372673165773776,53.372673165773776,51.876322301788754,52.09126663208008,20570000
2021-06-29,52.25660998079288,52.7195711226475,51.744047999440646,51.76884841918945,19579300
2021-06-30,51.834990879912304,52.273148480501305,51.62831229040202,52.14914321899414,17875500
2021-07-01,53.182522523388485,53.256923769007294,51.89284732037122,52.297935485839844,22530300
2021-07-02,52.0912709018266,52.34755349103787,51.60350929891806,52.22354507446289,14555300
2021-07-06,51.876309449092936,51.88457520242884,50.346889635166946,50.735443115234375,22110800
2021-07-07,50.578384859026706,51.09921578949067,49.28870932052809,49.94181442260742,21671400
2021-07-08,49.14816191047696,50.189820459155186,49.0324224221421,49.71859359741211,18935900
2021-07-09,50.18155907070556,50.80159480101823,49.80127124632667,50.61971664428711,20086000
2021-07-12,49.9500896909964,50.84294288468202,49.73514530381224,50.570125579833984,21809400
2021-07-13,50.42957287609935,50.8511957863034,50.024481476859144,50.33036804199219,17147300
2021-07-14,50.57010519267513,51.0330662716857,49.07375453587488,49.21429443359375,21573600
2021-07-15,48.91667722383064,49.35483789005509,48.58599343924988,48.73480224609375,15851100
2021-07-16,48.92494550419959,48.99108099880162,47.24671672524494,47.38725662231445,27049500
2021-07-19,45.99837671557102,46.46133779415561,45.138593206912944,45.758628845214844,37969100
2021-07-20,45.88264399971151,46.79202847517681,45.49408726657725,46.26293182373047,26756100
2021-07-21,47.00698127133928,48.197448871583035,46.98218084852123,47.75102233886719,20908700
2021-07-22,47.72620782854973,47.73447673615843,46.841623934272995,47.213645935058594,13493800
2021-07-23,47.36246318271399,47.36246318271399,46.684557706447485,47.155784606933594,14088200
2021-07-26,47.254982347967726,48.486787862354525,47.122708205467376,48.34624481201172,18387600
2021-07-27,47.957693148089504,47.957693148089504,47.29632236650453,47.80888748168945,16861400
2021-07-28,47.949423746155816,48.470254576769406,47.63527146617221,48.13130187988281,16855300
2021-07-29,48.77613909138353,49.04895629836547,48.41238596907208,48.71826934814453,18607800
2021-07-30,48.6769336729235,48.6769336729235,47.38725836721978,47.593936920166016,28652800
2021-08-02,47.57739979957664,48.82573996093302,47.45339456641385,47.602203369140625,20873800
2021-08-03,47.59393813221927,48.28837821395019,47.06484152778896,48.114768981933594,18208200
2021-08-04,47.27979294686639,47.850227871606606,46.9656437618096,46.99044418334961,20868300
2021-08-05,47.2301856750954,47.70141254220499,46.98217203245844,47.288055419921875,15180200
2021-08-06,47.66835095152844,48.007303720661874,47.56087719926708,47.83369445800781,14888500
2021-08-09,47.2301856750954,47.5526037258899,46.98217203245844,47.288055419921875,17828200
2021-08-10,47.469935242783045,48.24704873014895,47.370730406359804,48.09823989868164,16340200
2021-08-11,48.10649539301209,48.36277791557614,47.71794188587434,48.23876953125,18278600
2021-08-12,48.17164073837846,48.498938821774175,47.72684816225311,48.129676818847656,19225500
2021-08-13,47.86112291087968,47.894692764914055,47.24848748104091,47.64292526245117,20063000
2021-08-16,47.01350506474135,47.07225070880163,46.38408470575474,46.94636535644531,16959500
2021-08-17,46.57710951002769,47.24849062845125,46.15749591083825,46.627464294433594,16243700
2021-08-18,46.509960215360486,46.837261444470705,45.57842090625261,45.64555740356445,21890500
2021-08-19,44.87347856052464,45.074891291936055,43.723735013243676,44.25244903564453,30923500
2021-08-20,43.86640358405776,44.59653030932141,43.732127367901256,44.260841369628906,16918300
2021-08-23,45.27630154340608,46.20784411313604,45.27630154340608,46.08195877075195,21632600
2021-08-24,46.400871967729714,46.87083714386073,46.16588617826655,46.459617614746094,17915600
2021-08-25,46.358909343171604,46.80369870984161,46.04839299153638,46.54353713989258,13270300
2021-08-26,46.325338611585664,46.61067596627642,45.8469793995155,45.91411590576172,11842600
2021-08-27,46.49319012736118,47.17296213922305,46.49319012736118,46.80370330810547,15822500
2021-08-30,47.19813004372004,47.28205146699319,46.25819345579597,46.29176330566406,14086100
2021-08-31,46.098756070778855,46.417663342731466,45.704318213400576,45.75467300415039,27104100
2021-09-01,45.72948871174598,45.95607722451884,44.982573860711426,45.125244140625,21644100
2021-09-02,45.561642056323414,46.694597411218176,45.54485712940826,46.224632263183594,23293300
2021-09-03,46.25820003894995,46.42604611078004,45.821801532750726,46.04839324951172,13840000
2021-09-07,45.88054491959433,46.38408311030214,45.71270205742244,45.77983856201172,14354400
2021-09-08,45.981255161501025,46.30855322955367,45.326655823998315,45.360225677490234,18756700
2021-09-09,44.99935346133798,46.1574876851008,44.73080106182735,45.39379119873047,19110800
2021-09-10,46.31694728187737,46.3505171376811,45.2763073631429,45.301483154296875,15123700
2021-09-13,45.8637610013371,46.93797063457701,45.83858201209744,46.46800231933594,22052300
2021-09-14,46.73655493360934,46.803694636681335,45.66234529563549,45.805015563964844,19940300
2021-09-15,46.46801320608911,47.44151671463925,46.41766161860764,47.34920120239258,23240900
2021-09-16,47.38276604896462,47.38276604896462,46.57710872051281,46.84566116333008,17907200
2021-09-17,46.44282442867339,47.62613442464842,46.241408530861925,46.29176330566406,30000400
2021-09-20,45.133639862969666,45.46093797376744,44.44547378349797,45.058109283447266,27555100
2021-09-21,45.628771500732206,45.74626276955701,44.688838148736785,45.016136169433594,19696800
2021-09-22,45.679136418212615,46.921192280965876,45.62878163407752,46.33373260498047,25690600
2021-09-23,46.50997116699232,48.0373676583026,46.392479867983326,47.90309143066406,23069400
2021-09-24,47.58418116561082,48.5241146993495,47.567396238047934,48.331092834472656,22328600
2021-09-27,49.38851384947625,50.18578023951839,49.363338060772996,49.76616668701172,32972200
2021-09-28,50.26970585414684,50.75645591984892,49.94240458761577,50.2864875793457,37619300
2021-09-29,50.21935601630668,50.513084257152805,49.55636575679947,50.252925872802734,23422800
2021-09-30,50.45432527773729,50.496285986571465,49.35493997985637,49.36333084106445,31289600
2021-10-01,49.85848758959564,51.184468096034074,49.85848758959564,51.13411331176758,24407300
2021-10-04,51.46141172080123,52.09083212169302,51.150898552752636,51.79710388183594,33946700
2021-10-05,52.46848632262506,52.619547478751635,51.20964548916879,51.71318054199219,29641600
2021-10-06,50.748061876213676,51.29355755011073,50.14381736221353,50.76484680175781,25284900
2021-10-07,50.865559575729904,51.259997372324435,50.471121779135366,50.90752029418945,19513600
2021-10-08,51.40266212248577,52.38455633574655,51.40266212248577,52.183143615722656,22186900
2021-10-11,52.8964922259368,52.92167122023642,51.61247556558184,51.6628303527832,22121500
2021-10-12,51.671218979405175,52.01530200688869,51.066974364742336,51.3942756652832,20198600
2021-10-13,51.008221732636414,51.520150772037034,50.52986254532047,51.2515983581543,14991700
2021-10-14,51.78870117324714,52.21670876719966,51.33551779190818,52.03207778930664,18594500
2021-10-15,52.64471295556474,52.93005028329397,52.40133634044922,52.5272216796875,16092600
2021-10-18,52.946841677693705,52.98880239543419,52.25867566227748,52.502052307128906,18282800
2021-10-19,52.76221384775598,53.38324339237654,52.59436776531277,53.29092788696289,18933200
2021-10-20,52.77899465586624,53.601436874095235,52.63632757783557,53.584651947021484,14305200
2021-10-21,53.265744325436366,53.40841139379432,52.32580768141807,52.61114501953125,16564600
2021-10-22,52.67829096039673,53.05594383517209,52.325813876807175,52.97201919555664,14266800
2021-10-25,53.47555781909608,54.0630142937007,53.358066524175165,54.004268646240234,17939800
2021-10-26,54.12176701592366,55.33865044781109,54.01266977146321,55.254722595214844,25585100
2021-10-27,54.68404280520275,54.7595701734798,53.69375133536086,53.81963348388672,21764500
2021-10-28,53.559475988484394,54.10497491177274,53.40002398388199,53.97069549560547,16626400
2021-10-29,54.59172610012496,54.85188445549033,53.987481556106935,54.10497283935547,23966300
2021-11-01,54.60851079360714,55.456132014086336,54.566546874682345,55.07847595214844,19656400
2021-11-02,54.57495294612749,54.927426892581686,54.26444292783062,54.39871597290039,16300000
2021-11-03,53.744113757842065,54.08819360024487,53.42520650704696,53.651798248291016,17372800
2021-11-04,54.28121498926425,54.45745193110138,53.56787315722005,54.05462646484375,17720100
2021-11-05,54.591725770612584,54.826708335691315,54.18049987893012,54.56654357910156,18565100
2021-11-08,55.0113436901245,55.70789737681594,54.868670204748724,55.15401077270508,17696000
2021-11-09,55.19597652752933,55.69951802815847,54.80993273909751,55.691123962402344,18781300
2021-11-10,55.55502885789449,55.835697280017186,54.23674574786814,54.59395980834961,20177200
2021-11-11,54.59396169022662,55.13828480646468,54.44937079306699,54.69601821899414,13319300
2021-11-12,54.39834808981056,54.74705856899719,54.07515823426816,54.27927780151367,18158900
2021-11-15,54.22824280551775,55.08725214766152,53.76897218649392,54.74705505371094,18849200
2021-11-16,54.72153303738732,55.59755934963525,54.72153303738732,55.29987716674805,17028700
2021-11-17,54.75555335705632,55.48698876115936,54.5854548165482,54.69601821899414,15497000
2021-11-18,54.56845445431699,54.883137442910545,53.675420781680565,54.10067367553711,16948200
2021-11-19,52.63779961841526,52.75686990265648,51.37905151520212,51.600181579589844,32035500
2021-11-22,51.30250880911246,53.190632694350725,51.30250880911246,52.31460952758789,21994400
2021-11-23,52.8929511121583,53.90505502511156,52.663314171683744,53.69242858886719,21185900
2021-11-24,53.22465144617171,54.304790894673204,53.22465144617171,53.99010467529297,15869700
2021-11-26,51.472599017160604,52.238052106281856,50.63910392309273,52.093467712402344,24979600
2021-11-29,53.216147576285294,53.70093562209237,52.12750119193567,52.382652282714844,18946400
2021-11-30,51.42157687787152,52.04244568618014,50.74117292660331,50.894264221191406,34979800
2021-12-01,51.79579984806897,52.756868979438906,50.8177169684801,50.85173797607422,30630600
2021-12-02,50.80921916807963,52.37415000831153,50.29891372888662,52.118995666503906,29216000
2021-12-03,52.663312328927496,52.92697026863669,51.32801861559021,51.78729248046875,22014700
2021-12-06,52.493219616769,52.8674410050726,52.238065278302436,52.374149322509766,19210500
2021-12-07,53.02052986484258,53.60737767851884,52.81640705236882,52.960994720458984,19800400
2021-12-08,53.2501631205001,53.743454746111304,53.0205261890456,53.11408233642578,18214400
2021-12-09,52.77387965735886,53.386244818386025,52.569760099964384,53.25016403198242,16910300
2021-12-10,53.811495846958984,53.87953461563034,52.92696914327906,53.590362548828125,17942400
2021-12-13,53.13109286607886,53.343719294075754,52.17852413266907,52.41666793823242,17793700
2021-12-14,52.101978417662245,53.13109279352242,52.067960654989776,52.34012222290039,22551100
2021-12-15,52.04243925327982,52.30609717124043,51.038842332554324,52.11048126220703,19961900
2021-12-16,52.255068891718714,53.1140814631572,52.13599861316409,52.195533752441406,21187800
2021-12-17,51.83831783483614,52.11898300042549,50.76667894405858,51.055850982666016,44338100
2021-12-20,50.00123555348293,50.39246743337611,49.29531419920333,50.315921783447266,21819300
2021-12-21,50.81771762311951,51.60868821555194,50.792203489306175,51.455596923828125,19798900
2021-12-22,51.319522506425166,52.19554248325723,51.0048362541183,51.872352600097656,14058300
2021-12-23,52.02543157304175,52.59527207324133,51.88084716286113,51.897857666015625,13543300
2021-12-27,51.8213098440901,52.68882600194568,51.38755014295152,52.637794494628906,12593700
2021-12-28,52.65481327005713,52.99501688344436,52.221056745189436,52.46770095825195,12781000
2021-12-29,52.289091869947015,52.39115164906766,51.81280749334753,52.008426666259766,12733600
2021-12-30,52.06796152626029,52.39115136579856,51.68523330109986,51.70224380493164,11940300
2021-12-31,51.65972114111483,52.28058995479548,51.625700132151565,52.04244613647461,14072000
2022-01-03,52.084975062668775,54.09216596535703,52.05945768322446,54.0411376953125,24282400
2022-01-04,54.542924527944216,56.29497056424168,54.51741039687924,56.07383728027344,38584000
2022-01-05,56.55862146727601,57.50268318681464,56.5416142106473,56.77124786376953,34033300
2022-01-06,57.83438674888515,58.2426323339684,57.04341619997167,58.10654830932617,30668500
2022-01-07,58.276653549330284,58.837990482231746,57.81738613548532,58.58283615112305,23985400
2022-01-10,58.659387585097946,58.829486153970436,57.791868012852646,58.234134674072266,22760300
2022-01-11,58.59133531358777,60.72610637041259,58.32768063129887,60.68357849121094,32936100
2022-01-12,60.50497817993163,61.07481547175665,60.07972530743347,60.50497817993164,23045100
2022-01-13,60.487980580920905,60.8792125074433,59.799066405030565,60.07122802734375,21043200
2022-01-14,60.08824387259139,61.36400273829887,60.04571598152975,61.12586212158203,23012900
2022-01-18,61.93383112561143,62.83536518304938,61.24492351484047,62.154964447021484,32841200
2022-01-19,62.724811858360205,62.818368029053175,61.70420734569447,62.18048858642578,26431600
2022-01-20,61.661668434224715,63.25211656292583,61.457548865939486,62.31655502319336,26774600
2022-01-21,62.24000930446178,62.24000930446178,60.41992756945473,61.38099670410156,35995200
2022-01-24,60.28385581283059,62.15497268479722,59.37381476003631,61.9083251953125,41507000
2022-01-25,61.738217891898984,63.99205974163575,60.7176134450364,63.7284049987793,39278400
2022-01-26,64.15365515622213,64.63844322082453,62.50367176599715,63.08201599121094,35252400
2022-01-27,64.17917591707352,64.64695676841143,62.928931176993316,63.89000701904297,29174700
2022-01-28,63.76242254200042,64.31525262431595,62.89490296942051,64.02607727050781,30595700
2022-01-31,63.76240948924591,64.99564008370459,63.167051642148884,64.60440826416016,36085500
2022-02-01,65.02116420248586,69.3247278562079,64.86807290272746,68.74638366699219,61033100
2022-02-02,68.09148430691826,68.72936358230561,67.31752749364692,68.5677719116211,30299300
2022-02-03,68.11700692392587,68.30411923955994,67.20696597057827,67.76830291748047,28529400
2022-02-04,68.78039595874345,70.19223199858946,68.78039595874345,69.23966979980469,32197500
2022-02-07,69.01003374140238,70.66001691797274,68.58478088054147,70.07316589355469,34949200
2022-02-08,69.97109300863865,70.16671215215366,67.97240614207313,68.26158142089844,34356300
2022-02-09,68.43358564201618,68.82055352323782,67.6854403027712,67.93482208251953,40106100
2022-02-10,67.69402897912099,68.51956511779588,66.89428981965813,67.28125762939453,28527700
2022-02-11,67.60803420730224,69.06991983200179,67.27266036915614,68.97532653808594,42002100
2022-02-14,68.43357709530167,68.65715530237038,66.25794424118847,67.91761779785156,34652800
2022-02-15,66.12895880266309,67.2382750016959,65.71618739062197,67.0662841796875,25075100
2022-02-16,67.75424304720696,68.56258361250647,67.10929214360326,67.37586975097656,21733800
2022-02-17,67.48765817192935,68.03801569220616,67.03188740474401,67.27267456054688,23738800
2022-02-18,66.3525442405048,67.22107329722914,66.12035826871502,66.52452850341797,23394800
2022-02-22,68.51096036974153,68.61415484199327,64.76164650137144,65.75057220458984,35947800
2022-02-23,65.75055815805555,66.61909340515403,65.46677834057145,66.01713562011719,25385000
2022-02-24,67.93480863808469,67.96060561695695,63.66093418416679,65.18302154541016,46199900
2022-02-25,65.94838216053961,67.06629312926684,65.57861004485156,66.93730163574219,28310300
2022-02-28,65.79357921174733,67.87461877226501,65.5269951008798,67.43605041503906,32204600
2022-03-01,67.73703381857672,69.35371478535659,67.3586671214663,68.08100891113281,40002300
2022-03-02,69.31071394667138,70.64361494134506,68.63996613905253,69.25051879882812,44321400
2022-03-03,68.67437154370757,70.31684307132066,68.47658371663972,69.68909454345703,30196600
2022-03-04,69.69766510256757,72.47524871791894,69.36229131075457,72.31185913085938,42802200
2022-03-07,73.02562102453383,75.01207376899971,72.14849090313795,74.91748046875,55207900
2022-03-08,76.57715135317999,78.69258892493231,73.46418685319206,75.48503112792969,72082300
2022-03-09,72.26029428865907,74.44452868489577,70.1706532113728,71.19397735595703,65466700
2022-03-10,72.24309673449422,73.67918572625385,71.28856894697029,73.40400695800781,44644200
2022-03-11,72.29469176679196,74.1521534003615,72.2086996305962,73.025634765625,35303400
2022-03-14,71.42615327166602,71.76152718208824,69.22472318052958,70.41143035888672,37462600
2022-03-15,67.77999926134932,68.08097485649334,65.67316353456528,66.40410614013672,47957900
2022-03-16,66.91149456005017,67.60804589574295,65.56999897554081,66.15475463867188,37812300
2022-03-17,67.22966769406581,68.06380506265305,66.27514004143282,67.91761779785156,34041900
2022-03-18,67.9864130218617,68.27019295453152,67.16087676745951,67.65103912353516,41461500
2022-03-21,68.8979413003622,70.9617784562872,68.57116205407738,70.68659973144531,33089300
2022-03-22,70.19643636915683,70.68659867044849,69.474094687581,70.37702178955078,23132200
2022-03-23,71.66692881815555,72.46666806222356,71.41755361887235,71.48634338378906,27716300
2022-03-24,71.7701284228848,72.79345251802204,71.15957575056619,71.70133209228516,19871600
2022-03-25,71.30576137653458,73.51579259968449,71.1939722624907,73.26641082763672,22398300
2022-03-28,71.52075861937496,71.64114893769101,70.53183252396705,71.211181640625,21552400
2022-03-29,69.49129963804637,70.93598975221609,68.58837241717721,70.83280181884766,27036300
2022-03-30,71.42614952388706,72.24309114446429,71.12517379452866,72.04530334472656,22079000
2022-03-31,71.26276743323776,72.57846604031506,70.98758868248157,71.02198028564453,27861500
2022-04-01,70.50601504824878,72.35487520054745,70.50601504824878,71.47774505615234,18671100
2022-04-04,71.85611449853828,71.94211318492805,70.55761831201933,71.51214599609375,20869400
2022-04-05,71.80451099806733,73.15460752925257,70.99617069097553,71.14236450195312,21753100
2022-04-06,71.73571443062413,72.83642923425225,71.32294965965247,71.93350219726562,24768200
2022-04-07,72.08830719511379,73.47280219747879,71.12517824018792,73.1374282836914,26122000
2022-04-08,73.2406154514039,74.99488251476903,73.2406154514039,74.67670440673828,24866500
2022-04-11,73.76516514324031,73.89415660378654,71.80451593742787,72.1054916381836,21800100
2022-04-12,73.70496774813827,74.65949534188779,73.42118785577424,73.6103744506836,22444200
2022-04-13,74.47890993008409,74.90887707824956,73.25780480388089,74.65089416503906,19306800
2022-04-14,74.5305034682145,76.06978663726181,74.15213684129117,75.52803039550781,24566400
2022-04-18,76.10419456428706,76.43956845614873,75.4592437628948,76.1471939086914,19032300
2022-04-19,75.68284099667571,76.24179976200493,75.04648471084002,75.46785736083984,20382600
2022-04-20,75.64844798479598,76.10421227411383,75.07229337606512,75.63984680175781,20689400
2022-04-21,76.4911759177241,77.22212553690156,74.63372069357031,74.84010314941406,29010900
2022-04-22,74.52192008009415,75.77742354757962,73.09442579192499,73.20621490478516,23591600
2022-04-25,70.83279826408128,71.08218002517147,68.18419876089442,70.73820495605469,37698300
2022-04-26,71.14237316038185,72.85364071590031,70.66940663361059,70.76399993896484,28941500
2022-04-27,71.7099330153949,73.50719942135355,70.75540525429697,72.78485107421875,32773000
2022-04-28,72.99123466224253,75.79462284113916,72.29468984852578,74.98628234863281,33683800
2022-04-29,75.79461218290784,75.79461218290784,72.8364359546327,73.30940246582031,34656500
2022-05-02,73.10302864222942,74.84869450715689,72.77624935585895,74.30693817138672,36335200
2022-05-03,74.17795725623283,76.34498946868298,74.05756694225116,75.83763122558594,33908100
2022-05-04,76.96412691019827,79.01076837006403,76.45676877582994,78.8559799194336,46188400
2022-05-05,79.14836447600403,79.15696565718649,76.00960254385917,77.66067504882812,41013400
2022-05-06,78.23684413942483,78.95918597433781,76.8351466975948,78.84739685058594,29619300
2022-05-09,76.91253446679,77.01572239539698,72.25168505493862,72.63005828857422,45851600
2022-05-10,73.64477203401184,74.71968989597579,71.82170897824092,73.11161041259766,34483200
2022-05-11,74.32412064177527,76.48255753782529,74.19512918664962,74.63369750976562,33020600
2022-05-12,74.668453587291,75.04201331933932,72.45316305089696,74.97251892089844,29491500
2022-05-13,75.89338819946808,77.27468637327975,75.01595592300643,77.19650268554688,25798400
2022-05-16,77.30075083523664,79.90697969292121,77.29206154987585,79.01216888427734,26101200
2022-05-17,79.6897927886577,80.31528213784354,79.15985906511122,80.01991271972656,23120700
2022-05-18,80.367395592426,80.7235766819475,78.03916470127643,78.75153350830078,25451200
2022-05-19,77.31812147797629,80.18497582442015,77.31812147797629,79.17723083496094,24387400
2022-05-20,79.86353848609335,81.30564831536982,78.53436285258502,79.80272674560547,28795000
2022-05-23,80.49772641374679,82.33076797432531,80.4021641572449,81.56627655029297,27239300
2022-05-24,80.63672288412013,82.34814760979889,80.20235139549031,82.00933837890625,24293300
2022-05-25,82.16570380159219,83.85974977919196,82.07014155383197,83.65994262695312,29947800
2022-05-26,83.92057175056676,84.64163002506339,83.5730732279674,83.955322265625,24314800
2022-05-27,83.35587142775273,85.07598513798145,82.79119389375133,84.78060913085938,25588800
2022-05-31,85.62330232240492,86.68316977311042,83.14738626099279,83.39932250976562,44888100
2022-06-01,84.28544138208728,85.75361914584018,83.93794949091192,84.99781036376953,25815400
2022-06-02,84.52000061647685,85.22368027016634,84.08562915064726,84.8501205444336,19089100
2022-06-03,85.0499255013153,86.57891475806203,85.0499255013153,86.08372497558594,21038200
2022-06-06,86.16192266883253,86.6831670928048,85.71886192586402,85.86654663085938,20682100
2022-06-07,86.61365733023901,89.85407099610707,86.431222131654,89.80194854736328,37810200
2022-06-08,89.90620054524689,91.71318736153275,89.46314643997071,90.86181640625,31613200
2022-06-09,89.84540236607151,90.84445817387959,88.75079092292697,88.89847564697266,26607000
2022-06-10,88.55964518284908,89.78456911237542,86.69184679444055,87.2739028930664,30950500
2022-06-13,84.71980385981605,84.93698958268348,81.59233077612147,83.26900482177734,33421000
2022-06-14,84.6242562275728,85.71886760200286,82.76514016659333,83.48619842529297,31264000
2022-06-15,83.39062867676247,83.89450114682926,81.027646940708,82.43501281738281,29620800
2022-06-16,80.28053832014072,80.90602766985066,78.4301116148031,79.39441680908203,35696700
2022-06-17,79.02085157949487,79.3596607724994,74.41651829169842,74.8161392211914,64610200
2022-06-21,76.95325451405908,80.38478662293824,76.9011254283967,79.47261047363281,35951500
2022-06-22,76.04975369884352,77.9783639830554,76.04106441407274,76.32775115966797,29727200
2022-06-23,77.02274832732878,77.36155752647099,72.55740374492557,74.02558135986328,35757200
2022-06-24,75.5371923233803,76.79687350216084,74.54682594998445,75.49375915527344,26639000
2022-06-27,76.28432492581915,78.22162483921997,76.1627014293348,77.34419250488281,25478700
2022-06-28,79.15987025663419,81.00160130758674,78.49093438670691,79.489990234375,33096900
2022-06-29,80.77571805384609,80.96683592504017,76.24087903877732,76.55362701416016,25400900
2022-06-30,74.8335185164327,76.10188245067937,73.55646529669603,74.3991470336914,39948100
2022-07-01,75.35476248694675,76.345128931008,73.59121533880229,76.0584487915039,26327900
2022-07-05,75.00726870857092,75.32001672410493,72.1143595068561,73.67809295654297,34591100
2022-07-06,72.76590697797316,74.04296009825863,70.37686400894403,72.34890747070312,33375700
2022-07-07,74.17328177788133,75.37215147008673,74.10378736875498,74.65978240966797,23817400
2022-07-08,75.53719708542971,75.84126242125832,73.78233923730303,74.7813949584961,17673800
2022-07-11,73.99083677943733,74.8161465734355,73.28715709835093,74.3991470336914,15603800
2022-07-12,72.78327937873037,73.8865865776026,71.98403749840207,73.40877532958984,21013000
2022-07-13,72.435790948691,74.981208273907,72.36629654404437,73.70415496826172,19928600
2022-07-14,71.10661561878032,72.37497964613205,70.0988771513979,72.227294921875,26343000
2022-07-15,73.66939458376237,73.73888897284769,72.01878188231835,73.44351959228516,17243700
2022-07-18,75.21576662450008,76.39725757337979,74.49470838123119,74.79876708984375,19395800
2022-07-19,75.07674900620877,76.90110750766111,74.92906432521085,76.68392181396484,18248900
2022-07-20,76.08451659537751,77.88281441269308,75.79782980311391,77.52662658691406,16584400
2022-07-21,75.51982404740708,76.27563279136177,74.02558512996983,76.23219299316406,21375700
2022-07-22,76.0584491083172,76.85769104404969,75.25920054460191,75.65013885498047,15479500
2022-07-25,76.58837522827378,78.29979312869389,75.9455007270583,78.16948699951172,17536400
2022-07-26,79.16853172569705,79.29884447581624,77.31811188354631,77.86541748046875,15141200
2022-07-27,78.43010971779853,79.92434859992653,77.66561833465553,79.55078887939453,18047000
2022-07-28,80.08072571644692,81.01028041154588,79.06429805159699,80.4803466796875,20353100
2022-07-29,82.05276711889955,84.71980764990712,81.74870841887899,84.2072525024414,29825800
2022-08-01,82.34813506526767,82.83462893746832,80.99289834814762,82.07882690429688,20793200
2022-08-02,82.26127163290597,82.70432576297722,81.50546288422372,81.72264862060547,16722500
2022-08-03,82.02669440438859,82.02669440438859,78.87316039497132,79.07296752929688,23580800
2022-08-04,78.45617858184922,78.48223981149575,75.08545811190632,75.7457046508789,31821500
2022-08-05,75.02463960940473,77.91755514330747,74.95513858461837,76.8403091430664,17408000
2022-08-08,76.97931167608536,77.83936532227472,76.64050246310221,77.2746810913086,14458500
2022-08-09,78.23029419109581,79.58553087971687,78.14341460604531,78.69940948486328,19083400
2022-08-10,78.77761167138571,79.7419168846962,77.48318652021453,79.44654083251953,18302000
2022-08-11,80.56056266783294,82.71844085749075,80.20969447696406,81.74476623535156,18797900
2022-08-12,81.12196757542428,82.47282485147637,80.79740713293381,82.45528411865234,15058200
2022-08-15,79.41146073840513,81.34126941505411,78.64831499641116,80.98162078857422,20755200
2022-08-16,80.7272360890253,81.48161480498128,80.07812185403374,80.22724151611328,14038200
2022-08-17,80.06056913335586,81.76230798831048,79.75355611632328,80.87635040283203,13678000
2022-08-18,81.70967240873775,83.60438593902437,81.65703682985388,82.78860473632812,17770400
2022-08-19,82.59563560463684,83.50790093122859,82.27984887913134,82.52545928955078,16128600
2022-08-22,81.94652353784002,82.88511010277257,80.57811870846838,82.46406555175781,16019900
2022-08-23,83.81492939661851,86.32367603790385,83.72720564740153,85.96402740478516,23764700
2022-08-24,85.97279900580912,86.81489477701837,85.40262811182035,86.47279357910156,17050300
2022-08-25,86.77102348144058,87.59557842913244,86.05173300336308,86.9201431274414,15305700
2022-08-26,86.63944330257806,87.63943901836052,85.45524647932756,85.84998321533203,15531400
2022-08-29,86.12190779154149,89.08678669650907,86.08681963562465,87.82364654541016,23059200
2022-08-30,86.27979680179556,86.50786645757833,84.05174920614506,84.4815673828125,17086800
2022-08-31,82.48160135593949,84.94648598263294,82.09563829692793,83.85000610351562,18340900
2022-09-01,82.82370999215742,83.3938809190571,80.95531051935161,82.34126281738281,16423000
2022-09-02,84.51666774388593,84.90263080289749,83.42896157766855,83.85000610351562,18206800
2022-09-06,84.35001082165037,84.72719349089013,82.9026559832222,83.28861236572266,19201500
2022-09-07,81.74474221779712,82.97279390978588,80.96404934544151,82.57806396484375,16274700
2022-09-08,83.03422881154535,83.70088373796379,82.20967382756555,83.25352478027344,18759200
2022-09-09,84.66577986759916,85.08683104836261,83.61316195426272,84.64823913574219,17158000
2022-09-12,85.65700588234706,87.00786983952976,84.98157055756482,85.62191772460938,16118900
2022-09-13,84.74473490473582,85.77103843480405,83.25352499057081,83.62194061279297,18229100
2022-09-14,84.37633196138007,86.45525377943984,84.34124379793658,85.674560546875,22655700
2022-09-15,84.4026346768997,84.68333325304101,82.4991472483044,83.183349609375,21092300
2022-09-16,83.3938764985513,83.63071321653995,80.70092208367188,81.76231384277344,37874700
2022-09-19,79.83251922296361,82.00793183635166,79.82374550893057,81.75354766845703,15342100
2022-09-20,81.34126768430127,81.51670179099911,80.38513373336615,81.08688354492188,14712500
2022-09-21,82.0780931931039,82.35001804708357,79.70969945727303,79.77986907958984,17332400
2022-09-22,80.87634809526556,81.27985855457464,79.40267896317413,79.44654083251953,16139400
2022-09-23,76.75356962242905,76.75356962242905,74.42903160395944,75.21849822998047,27738800
2022-09-26,74.47290099068371,75.63078326175072,73.58694353791567,73.6658935546875,22043400
2022-09-27,75.09571581428126,76.27991276603379,74.39396600237788,75.20974731445312,17307300
2022-09-28,75.54308165210158,78.33252678733338,75.36764085255047,77.94656372070312,19543300
2022-09-29,77.35006625060137,78.3851433822094,76.42902060152313,77.78865814208984,17896000
2022-09-30,77.34129265235725,78.10444495392387,76.5869140625,76.5869140625,21357600
2022-10-03,78.9816490345388,81.01671566929762,78.700950419137,80.63075256347656,23881300
2022-10-04,81.78860081132498,83.64823253946433,81.32369455238516,83.56928253173828,22133700
2022-10-05,83.99034522162613,87.70960249908785,83.91140189537948,86.94645690917969,34857700
2022-10-06,86.37631085904201,89.63066274524668,86.25350563257263,89.52539825439453,29124700
2022-10-07,89.63941601330123,90.63063131296911,87.87627467488609,88.62187957763672,24507600
2022-10-10,89.0253900596613,89.4990701576935,86.59559365801046,86.70085144042969,16786100
2022-10-11,85.2798249921405,87.50787303612593,84.86754746339759,85.96402740478516,17804100
2022-10-12,85.52543569438923,86.76226828446705,85.28859897096075,86.34121704101562,12635800
2022-10-13,85.56927770100252,89.8674727327241,85.43769879970105,89.35871124267578,22019100
2022-10-14,88.70085429240079,89.68329615355083,86.87630984686037,87.00788879394531,15222000
2022-10-17,88.65696758716882,89.4464343562316,88.1569730821593,88.26223754882812,14283200
2022-10-18,89.06925736402438,89.7797742082249,87.04296462026302,88.4201431274414,14065400
2022-10-19,88.8148674948616,91.21834944258403,88.79732676197978,91.04291534423828,20921700
2022-10-20,91.50781924577502,92.10430453330503,90.70958541985819,91.16571807861328,17649000
2022-10-21,91.62185584094973,93.33236846442023,91.14818242340375,92.85868835449219,22814100
2022-10-24,92.68324140941536,94.45514970041111,92.209561365118,93.5077896118164,17024200
2022-10-25,93.34113375058077,94.14814126098828,92.16570394856855,92.876220703125,15719800
2022-10-26,93.2095564622064,94.58673481961647,92.9814867905514,93.98147583007812,17383800
2022-10-27,95.09551182302472,96.1218154015638,94.22709492513887,94.34113311767578,18214000
2022-10-28,96.01653441928666,97.55160601292043,94.84111138278999,97.10424041748047,28169400
2022-10-31,96.05164341471905,99.04284392426989,95.99901451879393,97.20075225830078,26401800
2022-11-01,98.56916084909524,98.7445949585441,97.0604034152588,98.16565704345703,22213100
2022-11-02,97.87617799253793,98.33231066109042,95.88496685640966,96.14812469482422,20654200
2022-11-03,95.24460118621802,98.0866743044252,95.00775785581239,97.4551010131836,17103700
2022-11-04,99.12177664697376,99.56036857904002,97.19197482283495,98.51651763916016,17541500
2022-11-07,98.6042341775608,99.99017949545247,98.35861709194253,99.68316650390625,16008000
2022-11-08,99.54282972901618,100.57790697596378,98.77090363085613,99.99896240234375,14661000
2022-11-09,99.20948350505569,99.36737685207751,95.23584207945117,95.52531433105469,19522800
2022-11-10,96.65688528257478,97.1042442030739,94.35866131211002,96.9288101196289,20146700
2022-11-11,98.75336337392552,100.43755482685927,98.67441334424134,99.9551010131836,20518900
2022-11-14,99.59256359838177,101.36989885956451,99.4687697738474,100.24691009521484,20858300
2022-11-15,100.62712657713112,101.27262192428351,99.80477810686675,100.9189224243164,19373800
2022-11-16,100.30879789699051,101.03387883751854,98.91168857984287,99.84014892578125,13591000
2022-11-17,98.40768202015893,100.09658740879159,97.93018864295836,99.97279357910156,12425900
2022-11-18,98.06281423917041,99.45992356220418,96.92213688653575,99.1062240600586,15415000
2022-11-21,97.2581466494522,98.32808274081482,95.03869562139121,98.12471008300781,20973000
2022-11-22,99.22118533477907,101.21958202531918,98.53147493398622,100.96315002441406,17719100
2022-11-23,99.31844431412577,100.75976190570007,99.12390924426457,100.45912170410156,11546700
2022-11-25,100.69788113375203,101.3433833557108,99.97280005023767,100.10543823242188,7136000
2022-11-28,97.85059774042578,98.55799000210394,96.93098172861298,97.09898376464844,23015500
2022-11-29,97.80638848799049,98.85864271856269,97.08130749830188,97.74449157714844,14453200
2022-11-30,98.62874982589766,98.94707876479039,97.07247576311741,98.45189666748047,23158100
2022-12-01,98.71715867047257,99.09738447293103,97.42616116000505,97.97439575195312,14398300
2022-12-02,96.83371157819955,98.77904867803807,96.55959092825144,97.14319610595703,15248400
2022-12-05,97.88594846209025,98.46955357713135,93.67694584401589,94.48160552978516,19287700
2022-12-06,93.64157938393886,94.64961849447012,91.20990478908153,91.85540008544922,21197000
2022-12-07,91.76697277153974,92.71311493780924,90.52019045255658,91.65202331542969,20061700
2022-12-08,93.97760571349268,94.43741712719195,91.70509516797097,92.3329086303711,21128800
2022-12-09,92.48322506483105,93.68579937345912,91.34255441189288,91.55477142333984,21298200
2022-12-12,91.81121834612398,93.94224664305979,91.59899455388125,93.80960845947266,20413200
2022-12-13,95.32165718943831,95.97599689903265,94.63194010789844,94.83531951904297,24305300
2022-12-14,95.48967438779424,95.76379509383288,93.5089662585975,94.13677978515625,17597300
2022-12-15,93.13755761309636,93.88032041528984,91.69623347900888,93.23482513427734,15365100
2022-12-16,91.68740712110049,93.35863037712511,91.19222511269014,92.58049011230469,54596600
2022-12-19,93.07564880605071,93.9068346812807,92.2975087361478,92.99606323242188,13611100
2022-12-20,92.99609206805887,95.065229922675,92.90766887258546,94.34014892578125,14680000
2022-12-21,95.75492357516748,96.02019311527677,94.75572882286906,95.55154418945312,13565400
2022-12-22,95.4012287519295,95.66650505120593,92.04993811926926,93.62389373779297,13213000
2022-12-23,94.57004493607245,96.15284504684715,94.52583671284285,96.09979248046875,11539400
2022-12-27,96.62148670707343,97.68258517791254,96.23242333939673,97.43499755859375,11962100
2022-12-28,97.18741962371898,97.26699847517698,95.41008439899325,95.83451843261719,10702100
2022-12-29,95.48964200625402,97.01938924665683,95.48964200625402,96.55957794189453,10534000
2022-12-30,96.03789542310918,97.70911872402773,96.03789542310918,97.53227233886719,11799600
2023-01-03,97.07245627825833,97.28467327950352,93.27904280643425,94.18097686767578,15146200
2023-01-04,92.6689206436573,94.75574032792433,92.63355001809687,94.45509338378906,18058400
2023-01-05,94.03065646725477,97.22278303231462,94.00413018356431,96.56844329833984,15946600
2023-01-06,97.33774135244778,99.02664666425846,96.97519747751936,97.73564910888672,16348100
2023-01-09,98.71716482832078,98.71716482832078,95.3305030214769,95.91410827636719,17964600
2023-01-10,97.08130330365398,97.55879662934305,95.50734757059948,97.34657287597656,15104600
2023-01-11,98.14239125688299,98.54914331558233,96.46232371268536,98.47840881347656,16710400
2023-01-12,98.87632053048546,100.57407008234286,98.80557927926048,100.11426544189453,15357300
2023-01-13,100.01699753858067,100.35300836127263,99.17696710872227,100.0523681640625,12011400
2023-01-17,100.28227462508247,100.87471742736521,99.62792816803935,99.85783386230469,16542200
2023-01-18,100.14963281276874,100.91008437308099,97.62069050684785,97.80638122558594,16399700
2023-01-19,97.32888973548522,99.15043307873616,96.89561138365754,98.43419647216797,12928000
2023-01-20,98.46954853693893,100.30878021920711,97.80636461993167,100.22919464111328,16515600
2023-01-23,100.48563772619146,101.325668082534,99.60139240530188,99.70750427246094,16584400
2023-01-24,96.52423518252803,100.82166180163472,92.73082144661996,100.63597106933594,13583000
2023-01-25,100.12312692138413,100.49450843449335,98.49611159602371,100.10543823242188,11914700
2023-01-26,101.44064648884921,104.14643560404346,101.1046288757805,104.12875366210938,21019700
2023-01-27,103.41250100202728,104.04915879510422,102.03308028119878,102.22761535644531,15179200
2023-01-30,101.76780379790432,102.12150332088453,100.05237224277478,100.41490936279297,18672100
2023-01-31,99.12391859425897,102.92617691949796,97.64723023739595,102.5813217163086,27861800
2023-02-01,102.42215936405125,103.79273586110072,100.22038317993108,101.45832824707031,19464900
2023-02-02,101.55558757513296,101.75012265160305,97.1166784285501,98.28388214111328,24562100
2023-02-03,98.94706262804212,100.90124417261217,98.64641568089291,98.9647445678711,20226600
2023-02-06,99.35381749501028,99.99931288386817,97.54995600026155,98.79674530029297,13855200
2023-02-07,99.38034514716202,101.96234023066404,99.05317190345342,101.61748504638672,16013300
2023-02-08,101.73243987822002,102.42215023732541,100.67134130968634,100.73323822021484,18459700
2023-02-09,101.35221440132452,102.78468769142992,100.96314425030464,101.11346435546875,17439300
2023-02-10,103.02342962993534,105.78227085822293,102.71394510064111,105.37551879882812,24918600
2023-02-13,104.89437448580962,105.3042565426348,103.27266426177526,104.96566009521484,14536200
2023-02-14,104.26172289687892,104.97455854786969,103.37957883645505,103.73600006103516,12079000
2023-02-15,103.11225206803516,103.441936041289,101.70439218769393,103.42411804199219,13663400
2023-02-16,102.7469240567879,104.056768016417,102.29249366937398,103.12117004394531,11360600
2023-02-17,101.74894799574247,101.74894799574247,98.88867982051423,99.15599060058594,20758300
2023-02-21,98.73720499535217,100.13615260951966,98.73720499535217,99.0579833984375,14469400
2023-02-22,98.44315900038342,98.87977138404774,96.80362426460337,97.77487182617188,13973800
2023-02-23,98.66592197465629,99.64607514298973,97.92634919926599,98.6748275756836,11289400
2023-02-24,97.41845749721823,98.87086594406027,97.14222748967994,98.68374633789062,14351000
2023-02-27,98.7282860537853,99.13816800275131,97.97980094833179,98.50552368164062,11710500
2023-02-28,99.12033994280003,99.22726832524974,97.3204230263213,97.93524932861328,18107000
2023-03-01,97.40061945615238,99.67279841876882,97.33824626257541,98.80847930908203,13200000
2023-03-02,98.56789903630954,99.53022733847845,98.1669226787516,99.2629165649414,10339900
2023-03-03,98.06001038721163,101.01829476278668,97.97089998941442,100.51930236816406,13006700
2023-03-06,99.78865209256972,101.43709264643438,99.68173048144159,101.41036224365234,14347400
2023-03-07,100.51930719725016,100.84008560985787,99.0579863390013,99.4500503540039,11525300
2023-03-08,99.11146228454686,100.1718068172269,97.1867916468534,97.99765014648438,13509800
2023-03-09,98.7906654776065,100.00249340236701,97.15113078015524,97.240234375,12961200
2023-03-10,97.62339016857555,98.94214654302196,95.47596420792222,96.03732299804688,15795700
2023-03-13,93.86317038308538,96.108619392153,92.41967424685434,94.93243408203125,20745600
2023-03-14,94.76314123884036,97.13333687913124,93.5245826081582,95.28886413574219,18263500
2023-03-15,91.61771098485345,92.84735686988357,89.30098360233939,90.54845428466797,25733800
2023-03-16,88.31192207896954,90.6019191669989,87.34067452744245,90.02273559570312,27465200
2023-03-17,89.63957898391531,90.53954088886348,88.33864752035572,88.9623794555664,43199500
2023-03-20,88.77526540957608,91.31476209966388,88.6594314138635,91.28802490234375,32042100
2023-03-21,92.82063770727655,95.5918025819718,92.78499490653365,95.3779525756836,31592300
2023-03-22,95.16410329101637,95.50269970338768,93.16814722329414,93.19487762451172,14952700
2023-03-23,93.88097643346251,94.7542011417865,91.27911350923645,92.1434326171875,14385900
2023-03-24,90.41480616636505,92.5355018178436,89.91582055382166,92.2503662109375,13401600
2023-03-27,93.3285161162338,94.87894703110086,92.58895025022365,94.27303314208984,14805900
2023-03-28,93.95227043380748,95.92148920121244,93.72950803751957,95.44923400878906,11047600
2023-03-29,96.28681440297478,97.26697436895958,95.77891641976845,97.08876037597656,14219100
2023-03-30,97.61448749681699,97.632305497823,96.69670068803575,97.56101989746094,11578200
2023-03-31,97.73031189573958,98.16692425825963,97.16895314392808,97.71249389648438,14418000
2023-04-03,101.0361183529017,104.11914929814769,100.79553794077908,103.47759246826172,28087700
2023-04-04,103.59342411420617,103.98548129923331,101.73112699219475,102.48851776123047,16365500
2023-04-05,102.7825756045505,104.25280888434825,101.85588315424265,104.243896484375,16479500
2023-04-06,104.12805638319499,104.41319198212729,102.26575919159893,102.5152587890625,15778000
2023-04-10,102.27467153273818,103.52214232666908,101.7311307353695,102.06082153320312,13006600
2023-04-11,102.43506108549661,103.53996068477187,101.91825068651487,102.7825698852539,11758500
2023-04-12,103.5043125937117,103.88745735028841,102.40831872375888,102.6756362915039,10919000
2023-04-13,102.11428056815093,103.26373534280415,101.69548617759872,103.15680694580078,12399700
2023-04-14,103.27265985216552,103.94985951625978,102.57764218556571,103.40631866455078,11530800
2023-04-17,102.90731438541017,103.81618876658746,101.9538916040066,102.20338439941406,13260400
2023-04-18,101.92716165547893,104.43992121747226,101.8469704558153,104.1993408203125,17436100
2023-04-19,103.43303179577927,104.16369214355153,103.15680181679706,103.86964416503906,10682600
2023-04-20,102.58654026849399,103.07662027859556,100.89355142960301,103.04097747802734,17038700
2023-04-21,103.79836650701868,104.14587530886092,102.7023793006452,103.37066650390625,14315300
2023-04-24,103.29047512040849,105.93689370253716,103.2548323181713,105.32206726074219,15831300
2023-04-25,104.74288292644243,104.91217772724659,103.03206253229023,103.8250961303711,12179800
2023-04-26,103.38849165118414,104.33300212166516,102.18557596180051,102.8716812133789,15566100
2023-04-27,103.02315679280434,104.26171518806339,102.36377519672466,104.10132598876953,16279200
2023-04-28,104.47556704699743,106.85466788038768,104.10132784137473,105.44680786132812,24381900
2023-05-01,103.35283614349954,104.5201156851399,101.9806190108613,102.17665100097656,17355000
2023-05-02,101.52618699926603,101.52618699926603,97.38280526899065,98.10455322265625,24324100
2023-05-03,97.19569845795732,97.84616090220422,96.01951317972969,96.17098999023438,16212300
2023-05-04,96.14423760177547,96.90162827926721,94.37105108893381,94.48688507080078,17177200
2023-05-05,96.72342992359061,97.5075510685098,95.8145555892242,96.83926391601562,14968200
2023-05-08,98.46097037842664,98.87976473380651,97.16003891590364,97.222412109375,11187800
2023-05-09,96.53631073546877,98.22040073962117,96.42047673440813,97.24915313720703,11370800
2023-05-10,97.78378537222035,98.02437258145902,95.08390605674359,96.0016860961914,14884800
2023-05-11,94.88785390420296,95.18190185388265,93.49781893941572,94.26412200927734,17165900
2023-05-12,94.72746600298572,95.3512047044514,93.36416141565778,94.25521087646484,12613300
2023-05-15,94.83044839751818,95.20793502324865,93.99458123645246,94.43498229980469,13715600
2023-05-16,94.0395190741558,94.2013000411469,91.693698481365,92.1430892944336,14795200
2023-05-17,92.9250310123881,94.57879275658259,92.43968811541232,94.21028900146484,14064700
2023-05-18,93.9676248306723,95.18996843079383,93.5901313238996,95.06413269042969,12005600
2023-05-19,95.7831596053234,96.21457781194741,95.10907337177073,95.5045394897461,13359600
2023-05-22,95.12703596276837,96.20557793708879,94.26420649760746,94.34510040283203,12882000
2023-05-23,95.26185971748569,97.26614569955332,95.04615405382208,95.63036346435547,14394400
2023-05-24,96.51116970400808,97.52679734231111,95.92696712573715,96.69991302490234,16340300
2023-05-25,95.21691345792236,95.65731446900327,94.1114092055992,94.96525573730469,14316500
2023-05-26,95.69327272786327,96.12468403186422,94.21927153440184,94.34510040283203,12370300
2023-05-30,92.8351454172637,93.58113573578032,92.22397370020268,93.50923156738281,11938000
2023-05-31,91.93636804761347,92.61045422826227,91.44203543894065,91.8375015258789,24926100
2023-06-01,91.4510247828361,94.89335984298441,91.01062373337051,92.89806365966797,13551900
2023-06-02,94.51587766757163,95.38769007173461,93.94964086308077,95.05514526367188,14112000
2023-06-05,96.34038415602248,96.34038415602248,94.45293765789147,94.63269805908203,10628000
2023-06-06,93.60809944354169,95.51351193362409,93.45530822634811,95.4056625366211,12209800
2023-06-07,95.98088366254888,97.86832356804699,95.92695896321322,97.54476165771484,16027100
2023-06-08,97.76046195420554,98.09301358192033,95.18096340569245,97.23917388916016,13517100
2023-06-09,97.48186061727552,97.61667924129854,96.31344854244954,96.5201644897461,12251600
2023-06-12,95.10007339564658,96.22355033059999,94.87537800865589,95.64833068847656,14112000
2023-06-13,96.51115549343129,97.3739849149709,95.5224972098229,95.66630554199219,13533800
2023-06-14,96.57407281338719,97.16727191559242,93.82380352138556,94.515869140625,16627700
2023-06-15,94.82144993945623,96.19658456181193,94.7675252427862,95.1719741821289,16224100
2023-06-16,95.59440352357946,95.96290038301437,94.33610801746352,94.48889923095703,43128900
2023-06-20,94.0844565417834,94.16534359295369,91.78357787970457,92.32284545898438,17514100
2023-06-21,92.12511207761695,94.03951437709155,91.97232085452352,93.3564453125,13285700
2023-06-22,92.43070113726053,93.37442460795535,92.25993728747405,92.84414672851562,12455300
2023-06-23,92.20599637641676,92.41271915108315,91.33418402864389,92.03523254394531,17933600
2023-06-26,91.85548288978433,94.29118722217187,91.85548288978433,93.73394012451172,14283400
2023-06-27,93.51823004087315,94.02154555236666,92.8171746192306,93.96762084960938,13227500
2023-06-28,93.75189957486727,95.10906161059825,92.75425152400555,94.73157501220703,13084100
2023-06-29,94.96525951253912,95.92695547293552,94.48889954282299,95.89998626708984,11364400
2023-06-30,96.45723205881025,96.96054751366715,95.99885156547482,96.39431762695312,13544700
2023-07-03,96.61003119821329,97.48185043774107,96.23254457609592,96.58306884765625,7397000
2023-07-05,96.73584675415391,96.99649420225302,95.36071220779114,96.08872985839844,12491200
2023-07-06,94.45294049033305,95.01917719961585,92.06218536864931,92.5025863647461,17961400
2023-07-07,91.60382097959206,93.47328839317383,91.28025904811985,92.71831512451172,21929200
2023-07-10,92.54753942557862,94.147369524166,92.34980638289314,94.09344482421875,14877600
2023-07-11,94.60575473108051,95.41465955615072,94.20129888996563,95.24388885498047,12576500
2023-07-12,96.1696231735287,96.75383253620154,95.3876807782135,95.71124267578125,13238200
2023-07-13,95.24389144171408,95.47757658800538,92.86211872543825,93.95863342285156,26826800
2023-07-14,93.51821822797928,93.51821822797928,90.35450349409624,90.72300720214844,28181900
2023-07-17,90.52528457265767,91.3791243566181,90.07589376906597,91.11847686767578,18051300
2023-07-18,90.70502471923828,91.85546390892551,90.18372981854924,90.70502471923828,24617800
2023-07-19,90.82187753475763,92.03523124466238,90.59718214932495,91.33418273925781,15556500
2023-07-20,92.16106596332232,93.16770382255038,91.9992850012528,92.94300842285156,15740200
2023-07-21,93.61708738955723,93.81481356600293,92.80818264170159,93.3744125366211,17121500
2023-07-24,93.79683357754723,95.41464294605404,93.43731962263922,94.83941650390625,15090900
2023-07-25,94.42598358405003,95.3517274455158,93.9586202143282,94.98323059082031,14116100
2023-07-26,94.47092136403585,95.01917861223208,94.04849297373791,94.45294189453125,15159600
2023-07-27,95.27083714187908,96.16062888952055,94.1383705539618,94.74954223632812,17677900
2023-07-28,94.47092803636613,94.51586985614333,91.96332672172755,93.6170883178711,17566400
2023-07-31,94.54283964542724,96.94258489574977,94.54283964542724,96.38533782958984,24197000
2023-08-01,96.12468719223921,96.45723884525776,94.84841899496682,95.82809448242188,14177400
2023-08-02,95.50451714767132,95.6123665312275,93.98557432911232,94.63269805908203,13484100
2023-08-03,95.17198430901674,96.96055779619503,94.64170644957997,96.2774887084961,16280400
2023-08-04,97.0324543663438,98.18289364194919,96.46622446395773,96.54711151123047,14279600
2023-08-07,96.97851634105851,97.44587966111199,95.72921071903076,96.349365234375,12410800
2023-08-08,95.30679402335704,96.84370961291643,94.22825207578562,96.82573699951172,14065600
2023-08-09,97.7065418120592,99.24345744496048,97.34702781939689,98.47050476074219,19919600
2023-08-10,99.0367379795382,100.3309787067306,98.36265183888175,98.97382354736328,15837200
2023-08-11,99.19851442011243,100.72644019330964,98.91090462078736,100.51073455810547,14047000
2023-08-14,100.37592337718681,100.64556058397295,99.56701861398736,100.59162902832031,12973400
2023-08-15,100.35603281514209,100.45570978906649,97.8369389214972,98.00910949707031,14909600
2023-08-16,98.11784860411012,99.06930816845882,96.30554993934749,96.35991668701172,13695100
2023-08-17,97.3385409124955,99.81233115620968,97.3385409124955,98.22657012939453,16709500
2023-08-18,97.53789475325127,99.85763438400706,97.5197748119851,99.71265411376953,16224000
2023-08-21,100.00262434054078,100.56443932254189,97.99097204911543,98.50747680664062,11092400
2023-08-22,98.92432195049263,99.42270685365662,97.81881864774401,97.95474243164062,10518800
2023-08-23,96.99422560801206,97.22982637075873,95.79810876284007,97.09390258789062,11435600
2023-08-24,96.43239531580625,97.65569534185502,96.11524448140393,96.36896514892578,10818500
2023-08-25,97.34761038649393,98.70683420819121,96.61363173505575,98.09065246582031,13579300
2023-08-28,98.27186549270994,99.71264613266231,98.26280897948646,98.91523742675781,10382100
2023-08-29,99.36832509336723,99.69453244671816,98.2446951020538,99.50424194335938,9665000
2023-08-30,100.07511499046161,100.70941663424757,99.65828720834949,100.47381591796875,11922100
2023-08-31,100.69130005811094,100.96314066594579,100.23822546501654,100.75473022460938,17479800
2023-09-01,101.66994917390052,103.13791353563354,101.66994917390052,102.8660659790039,14843500
2023-09-05,103.39163452807253,104.95927587079336,102.84794632664105,102.87512969970703,18304000
2023-09-06,102.82982045010745,103.83563976237589,102.60328313646578,103.76315307617188,13325500
2023-09-07,103.8900231018436,104.9773995433248,103.02917708174775,103.2557144165039,13248500
2023-09-08,103.78127533689594,105.15862610608187,103.59098481879204,104.75991821289062,14283200
2023-09-11,105.27642530784502,105.72949995507909,102.91137509621349,103.44600677490234,14383600
2023-09-12,104.51525573326576,106.6265852370249,104.45182555953512,106.4634780883789,20145800
2023-09-13,106.39099752272537,106.8893755126159,105.02271008107485,105.51203155517578,13472800
2023-09-14,106.51786098850923,107.5236873401983,106.31850702138225,107.39682006835938,15210700
2023-09-15,106.83499521966593,107.3877468010694,105.56638491950433,105.74761199951172,34568400
2023-09-18,106.49971878275336,107.14308391180728,105.74761325638057,106.59939575195312,14045300
2023-09-19,107.48743010515331,107.68677713956437,105.66606811622428,106.31849670410156,12562900
2023-09-20,105.60263701740841,106.94373406884836,105.40328307137456,105.47577667236328,11879900
2023-09-21,106.00135296070617,106.35475065065532,103.844713104393,103.98970031738281,14400600
2023-09-22,104.85054110498263,105.72950708603814,104.03500530228314,104.1528091430664,13197300
2023-09-25,104.28871505033207,105.70231259750297,104.05312122027877,105.32173156738281,11316000
2023-09-26,104.66024880437213,105.77481553482133,104.54245187894693,105.48484802246094,11805400
2023-09-27,106.8259409948495,109.19099123355889,106.38192977122027,108.91914367675781,23976200
2023-09-28,108.71979033714982,109.37221199160076,107.09778234586405,108.25765228271484,16808100
2023-09-29,107.92239566559748,107.99488927916316,105.77482594234328,106.54505157470703,18813600
2023-10-02,106.49972302753714,106.73532377443335,103.79940206350716,104.77803802490234,14395000
2023-10-03,104.60586901700265,105.5120182443478,104.23434451537355,104.95926666259766,13297100
2023-10-04,103.34632015240278,103.38256003703262,100.12948769197335,101.03563690185547,19622200
2023-10-05,99.49518550856575,100.4919482517346,98.49841585202712,98.76119995117188,20128800
2023-10-06,95.80716453403502,98.10877757625113,95.24534950265924,97.11201477050781,25367500
2023-10-09,100.07514583157513,101.5521669220755,99.24148309706366,100.51009368896484,22369900
2023-10-10,100.60068753956887,100.99033199688212,99.78515873840313,100.08418273925781,13892000
2023-10-11,96.92174094207284,97.11203149029224,94.99164517010053,96.495849609375,57939000
2023-10-12,97.49259730331303,97.71913462235229,96.13337338907755,96.47771453857422,31183000
2023-10-13,97.89130599097514,99.85764827697349,97.71913541483055,99.55862426757812,30276500
2023-10-16,100.12949601724083,100.29260316511595,98.88806900767075,99.63111114501953,18452000
2023-10-17,99.43176230054604,101.30749101029969,99.38645207176101,100.93596649169922,19775400
2023-10-18,101.32561734914349,102.74827151432137,101.21687694121823,102.34956359863281,23380300
2023-10-19,102.14114612424639,103.27383270402491,100.88159920060231,102.4129867553711,20972500
2023-10-20,102.32238661872232,102.6848477544179,100.39229092269716,100.65507507324219,22445300
2023-10-23,100.24729601674534,100.54632694926924,98.48030762159607,99.17803955078125,18185000
2023-10-24,99.40456731168645,99.51330770760305,97.97285678898604,98.21751403808594,16786100
2023-10-25,98.33532012997792,99.22334949611849,97.9819224519655,98.39875030517578,22047300
2023-10-26,97.36572419294093,98.17219638992141,96.50488525879707,97.50164794921875,18768300
2023-10-27,98.67059347135456,99.54955936951963,95.10942656321,95.64405822753906,23092000
2023-10-30,95.81622436876351,96.43240616494147,95.33596634929859,95.94308471679688,19379900
2023-10-31,95.6712439171032,96.196812165719,94.72884782373468,95.91590118408203,22185200
2023-11-01,96.5320811270923,97.11201610982731,95.56250167970373,95.7256088256836,28984900
2023-11-02,95.94309150300508,98.94245057803877,95.59875723589786,98.86995697021484,25212700
2023-11-03,98.22657175106225,98.57090594804247,96.54113373595207,97.66475677490234,30555600
2023-11-06,98.01818345222271,98.10879701372093,95.84342340940754,95.93404388427734,19097300
2023-11-07,94.66541030371444,95.0188079471324,93.59615394549937,94.4298095703125,20272500
2023-11-08,93.99486540776901,95.0550583785427,93.23369643744445,93.26994323730469,19184100
2023-11-09,93.940499595573,94.21234716053966,93.20652084888209,93.29713439941406,18380500
2023-11-10,94.17610001459842,94.61105473428651,93.25183074114598,94.01299285888672,17825500
2023-11-13,94.284842374133,95.27254184450476,94.06736155310273,95.00069427490234,15308400
2023-11-14,95.37562427464175,95.85112765912935,94.98241673538526,95.3664779663086,18260500
2023-11-15,95.0647088351384,96.15288925647015,94.64406936404443,94.7903823852539,20137600
2023-11-16,94.09539270038407,94.4337292925388,92.49513094349518,93.69303894042969,22469100
2023-11-17,94.2417275175581,96.40894232786569,93.95825472364997,95.97915649414062,22984900
2023-11-20,96.36320286209174,96.82042057595426,95.49449199638842,95.55850219726562,17458800
2023-11-21,95.29331801592275,95.7413894358396,94.38802886808577,95.52192687988281,14989000
2023-11-22,93.80277743158253,95.2110086710551,93.21753938096897,95.11042022705078,18072000
2023-11-24,95.11957053929352,96.44550610126133,95.01898906026435,95.62251281738281,9480800
2023-11-27,95.1927176553086,95.46705104839516,94.3514388155055,95.064697265625,18013500
2023-11-28,95.32074661424468,95.93342365033877,94.99154930358145,95.00984191894531,20629500
2023-11-29,95.3481735422177,95.63165325272807,92.94321101600929,93.58331298828125,26802100
2023-11-30,94.28743265268997,95.54021163569567,93.09866386726334,93.94908905029297,29254700
2023-12-01,93.72962485290692,95.30245479596103,93.47358406712381,94.17769622802734,17845300
2023-12-04,93.391277877056,94.51603640428931,92.8974819609478,93.66561126708984,21523900
2023-12-05,93.51930534059174,93.583315539564,91.7087271544689,91.84589385986328,22250300
2023-12-06,91.44355441257049,92.10194912059532,89.92558806055884,90.62970733642578,31154800
2023-12-07,91.31551503374453,92.21165777402229,89.69696054982894,89.99872589111328,29990700
2023-12-08,90.5473944415933,91.25151363916868,90.30049994183113,91.03205108642578,22074900
2023-12-11,91.26065272282312,91.3155166125186,90.14504045509337,91.09605407714844,22252300
2023-12-12,90.23647686682177,90.23647686682177,89.13915728306176,89.66038513183594,26084000
2023-12-13,89.6512396759615,90.55652868998308,89.30375676567742,90.45594024658203,19915400
2023-12-14,91.30636759803646,93.40042537057786,91.18749351502491,92.88834381103516,26165700
2023-12-15,91.9830379690591,92.35795976836583,91.72699721664829,92.26651763916016,55527000
2023-12-18,93.3912948217275,94.28744467872366,92.8334886102829,92.9523696899414,21610400
2023-12-19,93.27240717069762,94.36058748686396,93.08037658136028,94.17769622802734,18904700
2023-12-20,94.64405995452196,95.04641374625713,92.47684563529596,92.60486602783203,20988900
2023-12-21,92.78775754711052,93.28155348110471,92.18422685781046,93.0255126953125,19250900
2023-12-22,93.55588546858769,94.13198424747097,93.10781406680293,93.19011688232422,12927800
2023-12-26,93.94908860240456,94.21427569870744,93.3821431341465,93.40042877197266,16835100
2023-12-27,93.30896968470613,93.77533359534603,92.6688608516228,92.96148681640625,14558800
2023-12-28,92.71459867136429,92.9157755626503,91.56240818819128,91.61727905273438,16329300
2023-12-29,91.78189938975508,91.98306935200821,91.09607272184,91.4252700805664,17746400
2024-01-02,92.28481906540767,94.27828852018206,92.22080886635206,93.60160827636719,23483000
2024-01-03,93.51930555800644,94.75379893283741,92.96150638085913,94.38802337646484,23490800
2024-01-04,95.17443350929751,95.62250488021014,93.31813085321417,93.56502532958984,19395200
2024-01-05,94.3422913991945,94.5526145949659,93.39127781802296,93.84849548339844,15827400
2024-01-08,92.11108257158992,92.39455531818994,90.4376640850528,92.28482055664062,23370100
2024-01-09,92.6231571836727,92.6231571836727,90.70284434927748,91.14176940917969,19496600
2024-01-10,91.26064445447227,91.26064445447227,89.7609711415703,90.24562072753906,18206100
2024-01-11,90.56568431326872,90.98632376685956,90.12675224449345,90.22734069824219,15833400
2024-01-12,91.571549197511,92.03791314791354,90.68454585174861,91.3978042602539,18041700
2024-01-16,91.27895240166615,91.45269738121277,89.18489424491152,89.33120727539062,20235700
2024-01-17,88.33445589301563,89.57808856203434,88.31617025520136,88.68194580078125,18384000
2024-01-18,88.70023353197607,88.78252936896494,87.62119948417303,88.51734924316406,20940300
2024-01-19,88.44420187124564,88.71852833279523,88.16072910133431,88.6545181274414,20088400
2024-01-22,88.42590214011099,88.79167770267068,87.57547692220986,88.53563690185547,19955900
2024-01-23,88.52649456409662,90.07189272250388,88.45334502957525,89.53237915039062,15863400
2024-01-24,89.90728266599925,91.12348334685854,89.37690849255246,91.0777587890625,17330600
2024-01-25,91.72700904604254,93.43700568672294,91.09605338954229,93.39128112792969,22089500
2024-01-26,93.24498410270441,94.2600080119638,92.53172556681162,94.18685150146484,20817200
2024-01-29,94.1685653619353,94.36973529985563,93.14439515015646,94.30572509765625,18317500
2024-01-30,93.64732264580415,95.9059719818741,93.36384295804633,95.8785400390625,19610900
2024-01-31,95.77795246936326,95.90597285470763,93.9765137914047,94.01309204101562,22415300
2024-02-01,94.70806995354098,95.11042374443817,92.9249237922251,93.62903594970703,19240700
2024-02-02,94.8726582465247,95.10126706157656,92.9157673478077,93.24496459960938,21973400
2024-02-05,92.7694822616866,93.61990758854377,91.90077129382357,92.86093139648438,17190900
2024-02-06,93.3364160671064,94.22341947449192,92.87919839126545,93.50101470947266,13347900
2024-02-07,93.50101898168259,93.93995104024414,92.52257338973976,93.47358703613281,13826800
2024-02-08,93.5833183268189,95.48534569091298,93.37300208532683,95.0738525390625,19636900
2024-02-09,95.1927163747251,95.86939656489078,92.99807018932007,93.06208038330078,20410500
2024-02-12,93.41872566586225,94.55262363091005,93.27241265019747,94.34230041503906,18173100
2024-02-13,94.84067690577747,95.14523970073479,92.84713656737001,93.53010559082031,18917400
2024-02-14,94.01927710536295,94.71147751694474,92.68101875144879,93.06864929199219,17651300
2024-02-15,92.84715133751321,95.9297543049297,92.84715133751321,95.7359390258789,23196300
2024-02-16,95.99435939794664,96.56657392426033,95.54211670540107,95.7359390258789,20151400
2024-02-20,95.83745362522836,96.09588103426265,94.73916706289708,94.83145904541016,17650000
2024-02-21,95.08062950338032,96.88958580563126,95.052942618185,96.76959991455078,20991300
2024-02-22,96.13279504272496,97.28646237738846,95.4775058001807,96.68655395507812,20470700
2024-02-23,95.87437395162064,96.06818923162217,94.95144002317883,95.83745574951172,15975900
2024-02-26,95.72669703162295,96.85267741976382,95.10833306155419,96.21585083007812,13360800
2024-02-27,96.61271817960227,97.04649822686518,95.84668137449657,96.01280975341797,16360000
2024-02-28,96.41889802529249,97.30491365416758,95.98511800001039,96.28045654296875,14810500
2024-02-29,96.61270726785996,96.97265087463205,96.18815857888329,96.46503448486328,17566100
2024-03-01,97.57257153201556,98.19093554555035,97.25877034930612,97.68331909179688,18460100
2024-03-04,97.51719198018317,97.69254461993356,96.01280532888056,96.31737518310547,18138000
2024-03-05,96.47426881166503,98.08017164914092,96.28045355898915,97.49872589111328,19952700
2024-03-06,98.4032067949697,99.27999111071071,97.96942677130318,98.54164123535156,20472800
2024-03-07,98.38474260268995,99.65839576525472,98.38474260268995,99.09540557861328,15195400
2024-03-08,98.96620428968892,100.04603525286603,98.54164850311797,100.02757263183594,16281500
2024-03-11,99.90759200009461,100.71054700651013,99.06771879369632,100.61824798583984,17577300
2024-03-12,100.65515991046864,100.85820647700166,99.70453920481519,99.9721908569336,14957200
2024-03-13,100.72899984319686,101.84574895691982,100.70131295432027,101.08894348144531,17122200
2024-03-14,101.36582931394898,102.95327670765629,101.23661913459388,102.87944030761719,22121000
2024-03-15,102.30721657717463,103.64547489385657,102.30721657717463,102.6948471069336,38264400
2024-03-18,103.174779045638,104.16231801324038,102.5379524166908,103.64547729492188,16770500
2024-03-19,103.57164005204464,104.7437629691019,103.42396725291135,104.37458801269531,14878800
2024-03-20,104.03311379338841,104.66070914791096,103.48857911274244,104.28230285644531,16119700
2024-03-21,104.2176795589364,105.13138906054117,103.89465414790605,104.7437515258789,14878000
2024-03-22,104.73452725801079,104.928342504629,104.12538759027427,104.7437515258789,14701900
2024-03-25,105.0575637127933,106.8572819358832,105.0575637127933,105.81436920166016,14011700
2024-03-26,105.82360782524934,106.11894640128035,104.66994041240524,105.0206527709961,13152300
2024-03-27,104.7345261047967,106.1927560930239,104.669921023302,106.10969543457031,12415700
2024-03-28,106.62654763884919,107.47564509946719,106.19276759834771,107.28182983398438,18482100
2024-04-01,107.43872566594041,108.20475535867473,106.48809794928158,107.9740219116211,13817000
2024-04-02,108.83235671660411,110.38288584937206,108.28782913092006,110.0875473022461,19919600
2024-04-03,110.2721464515417,110.52133550853144,109.5799460203818,110.10601806640625,16504300
2024-04-04,109.87528070764085,110.64131047291079,109.49687443875699,110.49364471435547,18467400
2024-04-05,110.73360959660855,112.73637441859718,110.41980841706827,112.01648712158203,21720600
2024-04-08,111.74884319283511,112.35797593195295,110.94588812977864,111.25968933105469,17513900
2024-04-09,111.67498949368535,112.27489787032506,111.06584980747164,111.84111785888672,14132300
2024-04-10,111.87803009060751,113.03169727593149,111.4257945255597,112.78250122070312,17409200
2024-04-11,113.234755637888,113.234755637888,111.0658554701158,112.40411376953125,17555900
2024-04-12,113.47471565104489,114.21306555809207,110.44749370671926,111.09355163574219,21556200
2024-04-15,111.7580514528186,112.31181737086844,110.24444057071496,110.45671844482422,15029500
2024-04-16,110.34595473724632,110.95509438020964,108.83234398018212,109.54300689697266,18082200
2024-04-17,109.41381102414776,110.15215388124936,108.09401533349167,109.48764038085938,14538600
2024-04-18,109.82912737091713,110.49364086483158,108.87850663878868,109.38611602783203,13821400
2024-04-19,109.97679757925351,111.61038734551809,109.78297528023154,110.64130401611328,21572400
2024-04-22,110.06909582783575,112.20107082435204,109.30305902217412,111.26890563964844,16340700
2024-04-23,110.75206175831984,111.73036938392853,110.24444532535696,111.70268249511719,13929800
2024-04-24,111.02894524070491,111.91496089388144,110.18907205528436,111.72114562988281,12101200
2024-04-25,111.70269311355302,112.3764379848565,110.19831333324333,111.97957611083984,16041000
2024-04-26,109.82912232275095,109.92141429456888,107.2633674825115,108.86927032470703,27289500
2024-04-29,108.68467927767041,110.79819838886858,108.68467927767041,110.41979217529297,17309900
2024-04-30,109.93064832260272,110.93664281071933,108.88773563656079,109.15538024902344,21083300
2024-05-01,109.16462161976439,109.33998131571474,106.74653928492194,107.08802032470703,27777700
2024-05-02,107.30029245436933,108.22322631367408,106.9680357017055,107.28182983398438,25513600
2024-05-03,107.06031799316406,107.12492307581326,105.33442929749887,107.06031799316406,28023300
2024-05-06,107.67868893278356,109.21998674862637,107.4294998953453,107.75252532958984,31401300
2024-05-07,108.24168896456321,108.5185719570153,106.99572958138282,107.21723175048828,30122000
2024-05-08,106.79267546645866,107.93711147451677,106.5157995349458,107.19876861572266,18957200
2024-05-09,107.24491698847129,109.39535467794686,107.23569271924485,109.31229400634766,17564000
2024-05-10,109.40457361924759,109.51532821028475,108.51855801522845,108.86927032470703,13648100
2024-05-13,109.29381125239902,109.86603270324072,108.09400162127528,108.8231201171875,15060600
2024-05-14,108.66495800416332,109.54886396936223,108.37652687631063,109.48373413085938,15079100
2024-05-15,109.42789539677118,110.5723205571582,108.0043383394698,110.33041381835938,18244300
2024-05-16,110.29321696680859,111.00034603597602,109.36278659634313,109.66983032226562,15745200
2024-05-17,110.06990770923872,111.49346493737147,109.75355771486485,111.31668090820312,15104500
2024-05-20,111.4004226243749,111.54928778066761,110.30251458956432,110.4141616821289,11551300
2024-05-21,110.16294646315839,111.1398939970238,109.5860771346238,109.65120697021484,14495000
2024-05-22,109.28834641774027,109.28834641774027,106.96227057767611,107.44609832763672,17879300
2024-05-23,107.55774758429081,109.33487296911701,105.47358557736301,105.61315155029297,15979800
2024-05-24,106.85061301842222,107.0739214030456,105.17584272546627,105.52940368652344,12212900
2024-05-28,105.62244425829553,107.10183212273573,105.20375346383085,106.86922454833984,13978300
2024-05-29,106.56218117056476,106.58079375180014,104.96183991807457,105.72479248046875,13902000
2024-05-30,105.38983485019084,106.1900054600799,105.10140373451678,106.05974578857422,14683700
2024-05-31,106.18072110964277,109.31626705309624,106.05976061303764,109.1022720336914,29037400
2024-06-03,108.20905671450744,108.26488026610025,105.8457626825986,106.48775482177734,19589300
2024-06-04,105.13862482108132,105.22236014147737,103.20332807645812,104.83158111572266,19412200
2024-06-05,105.03627257279122,105.31540449313377,103.72436958386827,105.25027465820312,14863500
2024-06-06,104.90601919190675,106.10627516354214,104.310544351523,106.04114532470703,13154100
2024-06-07,105.87366952621038,106.90644777428768,104.83158498709432,104.90602111816406,13289200
2024-06-10,105.19444589072783,106.27374843010362,104.85949041979188,105.21305847167969,15239700
2024-06-11,104.66410858426377,104.83158633200925,103.56620048207009,104.36637115478516,12462400
2024-06-12,105.41775354428825,105.41775354428825,102.84976398434146,103.21263122558594,13606800
2024-06-13,103.12888430474084,103.14749688475153,102.08680697996182,102.3845443725586,14466900
2024-06-14,102.36593683045476,102.54272085615987,101.03542123898404,101.51924896240234,13313400
2024-06-17,101.57507265194806,101.84489828681009,100.65394865612237,100.82142639160156,21147900
2024-06-18,101.44481285604809,103.01724230953971,101.23081786568659,101.77046203613281,17762900
2024-06-20,102.26360355372597,104.78506895970895,101.96585902595031,103.9662857055664,17433200
2024-06-21,104.11514855730616,104.85948851359521,103.05445861816406,103.05445861816406,52212500
2024-06-24,103.87324475369621,106.5621879244252,103.87324475369621,106.11558532714844,16266700
2024-06-25,106.17140095633029,106.58079255547527,105.56661984812604,106.41331481933594,14188900
2024-06-26,106.43192605322163,106.83201138347361,105.26888812791007,106.4505386352539,15771800
2024-06-27,106.99017605283794,106.99017605283794,106.17139996084475,106.90644073486328,16812700
2024-06-28,107.7996461377212,108.43233897291303,106.70173819131827,107.11112976074219,24565900
2024-07-01,107.66008773037444,108.61842979085901,106.56217970702073,106.96226501464844,11972900
2024-07-02,107.83687540328157,107.87409346787993,105.59453492691573,106.23653411865234,13326700
2024-07-03,106.32026812032551,107.61357277855006,106.32026812032551,106.77618408203125,7732900
2024-07-05,106.63661886997014,106.65522435285989,104.85019437051534,105.4828872680664,12631000
2024-07-08,104.5710685416523,105.65037117638636,103.66854994848131,104.37567901611328,13350500
2024-07-09,103.38011053322377,104.71062613757562,102.92420167678175,103.22193908691406,11727000
2024-07-10,103.20332823533833,104.1709766091396,102.73811308054655,104.13375854492188,10004100
2024-07-11,103.6778482234087,105.43636091591206,103.21263307515659,105.37123107910156,13082700
2024-07-12,106.05974246032976,106.20861470801863,104.79435674945219,105.38983154296875,11684900
2024-07-15,106.32025570717988,108.07877531386796,105.67826369698615,107.19486236572266,13032500
2024-07-16,106.39469557582402,108.25555603923543,105.7992207954219,107.96712493896484,13614100
2024-07-17,108.61843707094344,109.95825904649645,108.44166013150591,109.45582580566406,13602800
2024-07-18,109.74426185005791,111.57721085729398,109.26974746134746,110.5351333618164,13033600
2024-07-19,110.33973763495953,110.60956330256487,107.80897291195001,107.99505615234375,16157700
2024-07-22,107.16695895780282,107.87408795177274,106.60870221461379,107.25069427490234,12065900
2024-07-23,106.82270019228999,107.15765566730427,105.29679507216711,105.52010345458984,11251700
2024-07-24,105.85505794526229,107.18557363158186,105.20375953879267,107.00879669189453,14925200
2024-07-25,107.1576549365455,109.8186861373344,106.59009189100956,109.26042938232422,17021700
2024-07-26,108.64635071339328,109.81869496215582,108.36722586276814,109.16739654541016,11252500
2024-07-29,109.15809066409061,109.22322050600977,107.35305347573026,108.02296447753906,8861800
2024-07-30,108.26486756256146,110.34902939471476,108.14391418209593,109.94894409179688,12483900
2024-07-31,111.3166839939828,111.42833818896634,110.31181753499116,110.33972930908203,15137700
2024-08-01,110.11643915613043,111.17712927059374,108.26488460174212,108.81383514404297,15051500
2024-08-02,107.90200745705388,110.60025685756344,107.39026793159479,108.74869537353516,20403800
2024-08-05,107.50192731356287,107.95783621366115,105.37124088446203,106.78549194335938,18025900
2024-08-06,106.48774456451301,107.58565259801371,105.72479200554606,106.21792602539062,13647800
2024-08-07,107.41818477836374,108.97200891148546,107.24140783281948,107.63218688964844,13660700
2024-08-08,108.00434665196627,109.89311895041392,107.67869747958211,109.68842315673828,13851000
2024-08-09,109.68840719189494,111.00961626962349,109.19528035996937,110.58161926269531,12151900
2024-08-12,111.23294617394728,111.80980842185848,109.80938183969893,110.72120666503906,13228900
2024-08-13,110.05129385068717,110.26529594133459,109.32555935838514,109.66051483154297,11585100
2024-08-14,109.88381827282456,111.55859567151543,109.44651489102084,110.6746826171875,12194500
2024-08-15,110.90916212633205,112.20349057549252,110.7872349681476,111.35936737060547,11579400
2024-08-16,110.66530325739343,111.12488972642107,110.35579474768004,110.8341293334961,10056000
2024-08-19,111.04985628406172,113.01948910283262,110.83413128910263,111.17178344726562,12417500
2024-08-20,111.2843257123774,111.2843257123774,107.40133342749156,107.46698760986328,15632000
2024-08-21,107.87031004955448,108.39554358707714,106.69790864917692,106.78231811523438,11752400
2024-08-22,106.71664444986149,107.87029036585972,106.5853360894414,107.60767364501953,10609500
2024-08-23,107.88906466811527,109.47415364164456,107.88906466811527,109.09898376464844,10381400
2024-08-26,110.44958205234703,111.55632914952807,109.66172466931447,111.43439483642578,13671000
2024-08-27,111.57508766931878,111.99715643686945,110.11193311565722,110.37454986572266,9991600
2024-08-28,109.73676532127105,110.28076125990657,109.04270573225635,109.28656005859375,10742900
2024-08-29,109.92434113278117,111.41563928170105,109.12710969366353,110.7966079711914,10753900
2024-08-30,109.53980514603167,110.69344408146186,109.07084460023434,110.61841583251953,13284700
2024-09-03,108.64877640919876,108.8832566833786,106.960522728566,108.30175018310547,15725100
2024-09-04,108.13291695635395,108.93952961871048,106.90424269066257,106.9792709350586,12620600
2024-09-05,107.92657504859764,108.12353761060844,106.05073294666266,106.14452362060547,17200800
2024-09-06,106.53844489443793,107.09182201551054,104.79391838599196,105.64742279052734,13467700
2024-09-09,105.86314984952548,108.93952970094247,105.66618729076923,107.87030029296875,21645300
2024-09-10,107.95471553049366,108.23609471850534,103.33076429186562,103.94041442871094,20913400
2024-09-11,103.9029007646505,104.06234563802775,101.07975618342317,102.90870666503906,19571900
2024-09-12,103.07752212013285,104.41874947265336,102.94621374904159,104.32495880126953,15919500
2024-09-13,104.55005814882048,105.48797917693474,104.04357993494642,104.24992370605469,10035400
2024-09-16,105.0940647686414,106.06949644017209,104.75641259166144,105.71308898925781,11729000
2024-09-17,105.34729364076983,107.2700346846158,105.1597122902448,107.09182739257812,12202600
2024-09-18,107.02616360432349,108.45180034543914,106.74478444800512,107.46698760986328,12569900
2024-09-19,108.94891418874313,110.28076038174613,108.0391296120762,108.79884338378906,12660600
2024-09-20,108.29235828161315,108.33925719412889,107.15747472527195,108.11415100097656,36206200
2024-09-23,108.17044598854564,110.47773111708163,107.97348340930395,110.07442474365234,16066300
2024-09-24,110.5246045342945,110.82474611657985,109.57730949934074,109.78365325927734,11984900
2024-09-25,109.25842809070048,109.78366877817813,106.96052423371012,107.64520263671875,13816000
2024-09-26,104.24055570101753,106.43529490591182,104.24055570101753,105.7975082397461,16887900
2024-09-27,106.69790498988922,108.8832556868593,106.2195632313246,108.63002014160156,15964000
2024-09-30,108.29236453866486,110.10255246751561,107.82340400948871,109.94310760498047,13247600
2024-10-01,108.8363586278658,113.11327629172023,108.73318674073163,112.48487091064453,23235900
2024-10-02,114.36072450175519,115.1954737410857,112.73811778647418,113.9761734008789,17129700
2024-10-03,114.33258081251952,115.52373743276117,113.42279622214986,114.97036743164062,16524300
2024-10-04,115.5518725581094,117.41834063304479,114.82967648527053,117.0806884765625,19752300
2024-10-07,117.47462035136839,118.49695093801975,117.10883168680779,117.58717346191406,15714400
2024-10-08,116.18965369294527,116.32096206363566,113.73230519365134,114.46388244628906,14818500
2024-10-09,113.39466667888288,114.97037447227817,113.30087599651526,114.51078796386719,11144900
2024-10-10,115.51436789827159,116.02083900303117,114.69837395256744,115.49560546875,10243300
2024-10-11,115.45807490723053,116.33034173281709,115.30801126662102,115.93641662597656,8294800
2024-10-14,115.58938565631865,116.54606911351011,115.0078791977999,116.37724304199219,9808100
2024-10-15,113.31961582748175,114.37946398976345,112.34417712109648,112.87879180908203,15771300
2024-10-16,113.38527349516018,113.90113292738442,113.11327553596647,113.1695556640625,8426800
2024-10-17,113.26334285688414,114.03243779671895,112.27852293680947,112.87879180908203,11204900
2024-10-18,112.96321233926093,113.15079368493949,111.75329333905624,112.55990600585938,12898600
2024-10-21,113.46969497513703,113.93865551335243,112.28791241521863,112.62556457519531,10177800
2024-10-22,112.79439659692217,113.66666353018255,112.49426212288475,113.20707702636719,9201400
2024-10-23,112.52238470435452,113.25396194716465,111.98777001493409,112.80375671386719,8320300
2024-10-24,112.55053620756752,112.96322379684179,111.73454224398532,112.16598510742188,9905600
2024-10-25,112.73811244798883,112.95383744778695,111.9127444627261,112.07218933105469,10714600
2024-10-28,109.53980759631395,111.62199361115344,109.52104516683114,111.5188217163086,11844500
2024-10-29,111.21867455921185,111.7720445177355,109.8024118371687,109.99937438964844,14731000
2024-10-30,110.35578362190735,110.92790882437372,109.24903660254024,109.44599914550781,12303700
2024-10-31,109.8774670655594,111.30310410280175,109.43664296845368,109.53043365478516,20512000
2024-11-01,112.48487603163163,112.50363130479639,107.71085398707507,107.81402587890625,20939300
2024-11-04,108.86449070303043,111.33122036871926,108.73318233486567,111.24681091308594,14965400
2024-11-05,111.68764924140712,111.80957641153506,110.68407392425613,111.5750961303711,10436700
2024-11-06,113.62912341016576,114.3419453287959,111.89397110082287,113.48843383789062,20807700
2024-11-07,113.76981707978337,113.95739841239323,112.1847283428842,113.6291275024414,12184400
2024-11-08,113.46969423586133,113.88237464087864,112.23163870926963,113.59162139892578,12836000
2024-11-11,113.48844527038341,114.06995888834177,112.61617842133067,112.99134826660156,11969700
2024-11-12,113.61036904992864,113.77919511749089,112.4004500916941,112.87879180908203,11972800
2024-11-13,113.08513753089439,114.47326379438152,111.42502046763641,113.92926788330078,15127900
2024-11-14,115.04511763685967,115.25314975776726,113.78743053752434,114.00492095947266,13041800
2024-11-15,113.85362196189949,114.64794608392222,112.6526702634422,112.82288360595703,19051700
2024-11-18,113.27679309369653,114.06166616294436,112.78506243229572,113.76851654052734,14239700
2024-11-19,113.23896908374783,113.23896908374783,111.77324258973766,112.17986297607422,11584400
2024-11-20,112.69049563439015,113.91981501409778,112.18931391044723,113.77796936035156,11360900
2024-11-21,114.49664788521001,115.88672229561942,113.73068424636159,115.30043029785156,14675400
2024-11-22,115.19641273209176,116.51083518972126,115.0261993886434,115.16804504394531,13323400
2024-11-25,114.82762240913345,115.25315217548572,113.10657952667614,113.44700622558594,26580300
2024-11-26,113.03092551151803,113.17277116927244,111.44227001672235,111.55574798583984,14827300
2024-11-27,111.66920925237861,112.27441782168033,111.04509851168477,111.2625961303711,11079100
2024-11-29,111.05456410905455,112.05692756596119,110.59120115500892,111.5462875366211,9426500
2024-12-02,111.6313983173192,111.7732367584099,110.46827259838726,111.44226837158203,12687300
2024-12-03,112.26496896849113,112.26496896849113,110.88435281091847,111.27205657958984,11756600
2024-12-04,111.11129930165804,111.15858359144407,107.66921367067012,108.06637573242188,19520600
2024-12-05,108.47299089652618,109.33351587031774,107.85833123161355,108.5391845703125,15751200
2024-12-06,108.31224178156593,108.5297322010772,107.32878770687353,107.39498138427734,16171100
2024-12-09,108.40680444261103,108.69049575748583,106.61956791678135,106.76141357421875,17412600
2024-12-10,107.41389090317223,107.68812391405827,105.67393868667152,106.54391479492188,20990900
2024-12-11,105.91034588725047,106.27914026451371,105.06873746584773,105.8346939086914,32392200
2024-12-12,105.52262232530207,106.26966929171127,104.75666597379279,105.74011993408203,14543300
2024-12-13,105.81579392530328,105.81579392530328,104.25550599806444,104.81342315673828,13106100
2024-12-16,104.20821345220341,104.39734340043357,102.2791384822446,102.57228088378906,20256100
2024-12-17,101.40915329273307,102.2885876958339,100.98362354250382,102.13729095458984,17554000
2024-12-18,101.72122478415164,102.91271833153127,100.52973123677202,100.63375091552734,17114500
2024-12-19,101.5510021259872,101.81577684237844,99.48953255820825,99.77322387695312,20565600
2024-12-20,99.71648578325659,100.36897151706529,99.13965203313562,100.11365509033203,40141200
2024-12-23,99.58410939155533,100.80397070828933,99.21531494865563,100.5202865600586,12285100
2024-12-24,100.7282931323388,101.3618693863983,99.95287844747496,100.61482238769531,7807000
2024-12-26,100.7283036021954,101.21057596076606,100.17984477874931,100.69993591308594,9652400
2024-12-27,100.52026974696486,102.11837632737272,100.01908079456813,100.69048309326172,11943900
2024-12-30,100.52026832757856,100.76612643520365,99.77322127463374,100.00962829589844,11080800
2024-12-31,100.39733351326339,102.03327329851932,100.02853913191474,101.7212142944336,12387800
2025-01-02,102.39260214217032,103.07345547948516,101.06872145456582,101.475341796875,12685400
2025-01-03,102.12783260545449,102.59118834441824,101.61719257667886,101.99544525146484,14237900
2025-01-06,102.3547796694016,103.81104775430923,101.67392630871028,101.88196563720703,15623700
2025-01-07,103.01671538870653,104.07581411863453,102.39259745322553,102.83704376220703,12625900
2025-01-08,101.47535630891089,101.85360901868759,100.24604402034954,101.11602020263672,17858100
2025-01-10,102.78977593119473,104.11365677009617,100.02854349391781,100.74722290039062,19304500
2025-01-13,101.30513426797638,103.66920448325739,101.30513426797638,103.34769439697266,17073400
2025-01-14,102.87487623445836,103.79213659558833,101.96707417389028,103.75431060791016,11191200
2025-01-15,104.066367283383,105.65502265772581,103.51790129608825,105.44698333740234,14521100
2025-01-16,105.14438967108975,105.61720371624861,104.53918827045199,105.26731872558594,10366600
2025-01-17,104.99308296049098,106.73304235262624,104.79450193247987,106.21294403076172,19298500
2025-01-21,105.95763045283476,106.08055950738536,105.0876471262843,105.40916442871094,20416300
2025-01-22,105.15383546657407,105.5037204396319,103.45170931838834,103.57463836669922,15718000
2025-01-23,104.31223118945626,105.09710422730271,103.65029441932653,104.16093444824219,13726800
2025-01-24,104.24603230419048,104.6904786338881,102.51553848743177,102.75194549560547,14235900
2025-01-27,103.08292285525904,104.44462243520285,102.49663082660562,104.17984771728516,15926700
2025-01-28,104.40679815552224,104.84178619982337,101.92925002712579,102.16565704345703,15862000
2025-01-29,101.85360381646873,102.86542561506421,101.62665508802237,102.76140594482422,12345500
2025-01-30,103.30040591752677,103.87723960382762,102.78976590598653,103.61246490478516,14346300
2025-01-31,104.5391837253997,104.5391837253997,100.3311345776974,101.02144622802734,20376500
2025-02-03,100.84178133142986,101.4658993486214,99.59355251161668,101.2673110961914,14623200
2025-02-04,100.9079561570866,104.2838475990963,100.73774284007062,103.98124694824219,14835700
2025-02-05,103.77323701834152,104.02856067341246,103.1680355453469,103.90562438964844,13364400
2025-02-06,104.7472284129288,105.01201035873669,102.11838327482705,102.53446197509766,13411400
2025-02-07,102.86542460568305,103.76377563852515,102.43043654102506,102.96944427490234,10051600
2025-02-10,104.02855344441203,104.99309097041767,103.90561716919092,104.93635559082031,12142200
2025-02-11,105.5320958105176,106.39262085505797,104.79450703780869,105.5982894897461,12713100
2025-02-12,104.99720290959357,105.1689387391459,102.25897253814833,102.4211654663086,18244100
2025-02-13,102.23036646446549,103.43251745185245,101.62928733122097,103.16536712646484,15460000
2025-02-14,103.53746012355337,105.16895438659107,103.13674555467838,103.27031707763672,15733500
2025-02-18,103.6424114864913,105.89405615693919,103.34664700761877,105.08308410644531,20060300
2025-02-19,105.6746119035709,106.9817056154373,105.00674705483698,105.23573303222656,10964700
2025-02-20,105.49332984213783,107.25838817420404,104.90179367112641,106.85767364501953,16325800
2025-02-21,106.20889804607046,106.71456267479127,105.48379034194737,105.60782623291016,14710000
2025-02-24,105.8368079554729,106.72410862640626,105.2548146509305,106.16119384765625,13153500
2025-02-25,106.18981749295453,106.98170365987149,103.89046581263393,104.69190216064453,14497000
2025-02-26,104.70143867955275,104.82547456920835,103.5374521159937,104.43429565429688,10446400
2025-02-27,104.95904933284419,106.18027878846979,104.26256304190991,105.09262084960938,15293200
2025-02-28,105.0544657517065,106.45697408009902,104.3198150658331,106.21845245361328,18821700
2025-03-03,106.57145850890615,107.01034470192397,101.61975455294244,102.81236267089844,18706900
2025-03-04,101.4766253194868,103.95724838713978,101.07591079729465,102.60244750976562,19394900
2025-03-05,100.9805057073238,101.44801330569057,98.91013987147753,100.598876953125,24822200
2025-03-06,100.58933555909215,103.14628755772134,99.5684633401862,102.67878723144531,17150200
2025-03-07,103.43251743063102,105.33114746271542,103.32756733688295,104.0145034790039,19625000
2025-03-10,104.26256813965618,107.40151349531523,104.07175375754828,106.6668701171875,22749100
2025-03-11,106.78134442035633,106.95308025753648,103.79505671288628,104.1480712890625,19904700
2025-03-12,104.04313204500157,105.07353989632306,103.44205291270346,104.11945343017578,14051500
2025-03-13,103.35618661156289,105.73185982784803,102.68832173080712,103.68057250976562,17767800
2025-03-14,103.93818066446423,107.029418738358,103.33710153960851,106.76227569580078,15890100
2025-03-17,106.66687185741029,109.24290245340426,106.60008609467272,108.53688049316406,19908800
2025-03-18,108.85171451087875,109.28105776082005,107.40150637730544,108.42237854003906,15998700
2025-03-19,108.9566711061102,110.5022937958405,108.6036637736097,110.11112213134766,17315000
2025-03-20,109.45279860950036,111.12244989548778,108.96621248229262,110.57862091064453,16230800
2025-03-21,110.19698333740234,110.66448365280644,109.09978248038706,110.19698333740234,41102800
2025-03-24,110.36872995747758,111.54225959086332,110.27332276040536,110.48322296142578,14207500
2025-03-25,111.08428842590106,112.238732185605,110.63586661859827,111.2369384765625,12081800
2025-03-26,112.27689806972457,113.70802780007672,112.27689806972457,112.83980560302734,14110800
2025-03-27,112.6776064231976,113.60307142902788,111.87617731243849,112.47724914550781,12740800
2025-03-28,112.67760754527073,113.02107924733124,111.8570926213597,112.32460021972656,10233400
2025-03-31,112.38183219311566,114.40449787834802,112.38183219311566,113.46949005126953,21652300
2025-04-01,113.74619111850504,113.80343397789585,112.51541868788759,113.57445526123047,12425400
2025-04-02,112.95430012100081,113.3836361342395,112.2578210524934,113.22144317626953,12614600
2025-04-03,109.11886669436157,110.14927449790741,107.0771223338016,107.26793670654297,21204600
2025-04-04,104.82548166369767,105.7414037890358,99.06279858923106,99.54937744140625,30841300
2025-04-07,95.78073784210038,100.9423490148835,93.93935070803215,98.21366119384766,35068500
2025-04-08,100.61795540569199,100.75152692538437,94.46410075995801,96.1432876586914,27147800
2025-04-09,94.8075759495565,101.68653858318575,93.6245034757554,100.94235229492188,30063300
2025-04-10,98.9482955582218,99.01508131228212,93.30964895369647,95.34185028076172,33999300
2025-04-11,95.69487784327296,99.15820918093998,94.2542052054557,98.40447998046875,22884600
2025-04-14,100.20769119105789,100.26493404446794,98.00375398555458,98.64299011230469,18020000
2025-04-15,98.8815253380406,100.5702625374473,98.27091055382078,98.36631774902344,13164900
2025-04-16,99.17730211519154,100.74200360351269,98.93878045808034,99.40628814697266,13607000
2025-04-17,99.88330903611559,103.56608317741076,99.66386595803561,102.01091766357422,17916500
2025-04-21,100.7610649896994,100.78014351483856,99.33947829603284,100.51300048828125,16926500
2025-04-22,101.26674525345257,103.93819048976091,101.26674525345257,103.32757568359375,13147000
2025-04-23,103.81414133992091,104.2816489280658,101.58158260444385,102.44026184082031,14235700
2025-04-24,103.0127094122616,103.8809242480913,102.04908011348446,103.64240264892578,9849600
2025-04-25,103.17491706033574,103.76645333106653,102.48797359215874,103.58517456054688,11245800
2025-04-28,103.75689563700179,104.23393883533282,102.73602348373741,103.64240264892578,13890900
2025-04-29,102.79327516417018,103.83323321095662,102.58337497422602,103.38481140136719,9483100
2025-04-30,102.48796702471762,102.48796702471762,99.36810746562098,100.7801513671875,20379300
2025-05-01,100.27448447242551,102.01092152083714,100.1599987570128,100.92326354980469,18610300
2025-05-02,102.7741992690237,103.99542882822168,99.74974680146273,101.33352661132812,16581900
2025-05-05,99.8451473632858,99.85469026583064,98.33768904168315,98.52850341796875,19624000
2025-05-06,99.1200389424679,101.11408337257942,98.72886729006916,99.90238952636719,16303400
2025-05-07,100.16954183477145,100.45577070280711,99.29178398214573,99.80699157714844,12332200
2025-05-08,100.50346484879086,102.45934501601036,100.50346484879086,101.199951171875,19196500
2025-05-09,102.22081030338413,102.80280355549274,101.49570264386993,102.38300323486328,10992100
2025-05-12,105.20710045938854,105.36930067385407,103.34663495585471,104.1480712890625,14244600
2025-05-13,104.30072414166894,105.43608927810794,104.01449531226534,104.43429565429688,13350800
2025-05-14,103.8618483150062,103.8618483150062,102.97454765280234,103.49929809570312,15494900
2025-05-15,102.53643323677892,104.61624425879067,102.0357420719304,104.54884338378906,15004300
2025-05-16,104.61624567613576,104.8473333441086,103.46079264398253,104.17332458496094,14042500
2025-05-19,103.57632576040372,103.57632576040372,101.7950108477382,102.51716613769531,16802700
2025-05-20,102.44013703873874,102.75788713734026,100.88990972317289,101.05359649658203,12429300
2025-05-21,100.64918835125309,101.07285513703019,99.79223133176284,99.81149291992188,16716100
2025-05-22,99.2337650956297,99.62854685439093,98.10720458515205,99.14710998535156,13417400
2025-05-23,98.79084376076683,99.62854655498961,98.28052185650168,99.20487976074219,12061600
2025-05-27,99.6477964831327,100.00406239433833,99.07970453011797,99.67668151855469,13043600
2025-05-28,100.41810344268559,100.5529051788848,98.01091908749459,98.31903839111328,14292400
2025-05-29,98.48272829783883,99.03156605444025,97.97240637368327,98.87751007080078,13825300
2025-05-30,98.36718952958898,98.58864638658616,97.43320078154211,98.50199127197266,28645800
2025-06-02,99.89815267598877,99.99443858283324,98.42495699745116,99.2241439819336,17290500
2025-06-03,99.07971642388539,100.77437638479212,98.41533114485188,99.94630432128906,19194300
2025-06-04,100.06184210416772,101.02471589041909,98.50199127197266,98.50199127197266,15648500
2025-06-05,99.15674478935911,99.22414565990444,97.95315256808973,98.0494384765625,13924800
2025-06-06,98.94491531545047,100.62031369712334,98.86788364715318,100.39884948730469,15487800
2025-06-09,100.45662209324117,101.92018698996934,99.97518520869134,101.07286071777344,17087300
2025-06-10,102.14165097032053,103.65336249072229,101.99721843603626,103.23932647705078,17634800
2025-06-11,103.75927438115305,105.32875590402932,102.50753560359485,105.25172424316406,22648200
2025-06-12,104.87620285765611,106.09905658468342,104.20219419829387,105.65613555908203,17469400
2025-06-13,108.17886193405955,108.35217949904542,106.57086457044517,107.95740509033203,28540200
2025-06-16,107.66855399087511,108.95880877439669,107.00416868127809,108.3040542602539,22986100
2025-06-17,109.71946201611948,110.6630815332449,108.9106515838495,109.76760864257812,19451700
2025-06-18,110.35495744477733,110.96156524270965,108.7469600982511,108.98767852783203,17968900
2025-06-20,109.23802009912195,110.76899312695922,108.97804742820651,110.44161224365234,36273300
2025-06-23,112.36735970734622,112.60807813632182,107.03304578585349,107.59150695800781,26631100
2025-06-24,105.19396005659019,106.82121908923851,103.9037127225486,104.31774139404297,24828300
2025-06-25,104.09627706097525,105.18432170537307,103.70149531492034,104.34662628173828,17483200
2025-06-26,104.89547343554061,106.33978412607817,104.51995324369237,105.90648651123047,18304800
2025-06-27,105.85834424850997,106.01240023116787,104.346632728826,105.31912994384766,22002100
2025-06-30,104.606608619303,104.79918044006295,103.72076648997667,103.79779815673828,19199000
2025-07-01,104.11553572393119,105.56947714029376,103.17192356475611,105.184326171875,15536900
2025-07-02,105.91611884569635,107.22562781184375,104.78955825377581,106.92713928222656,11892200
2025-07-03,106.74418416289659,108.29441148300808,106.5130965205741,108.03443145751953,11223600
2025-07-07,107.39893742867832,107.89000509111263,106.12794439060524,106.98490142822266,15415900
2025-07-08,106.77306022858359,110.21051892214973,106.73454440040875,109.95054626464844,17913400
2025-07-09,109.69058288049658,110.02758724540793,109.06471343357883,109.57504272460938,10652100
2025-07-10,109.48837117973027,110.99045185082323,108.87213257896681,110.66307830810547,14901700
2025-07-11,110.58604745949337,111.46226608816855,110.25867391436879,111.14451599121094,11683900
2025-07-14,110.95194424017892,110.95194424017892,109.01656596677141,109.6905746459961,13220300
2025-07-15,109.44022624554029,109.82536984150762,108.41957514702587,108.71807098388672,10959300
2025-07-16,108.68918603391911,109.28617040231443,107.93814568583247,108.06332397460938,11158900
2025-07-17,107.35079409695216,108.06332597289979,106.96564312138607,107.51448822021484,13151400
2025-07-18,106.98490793447233,107.58189233189675,103.35486961401331,103.76890563964844,32366600
2025-07-21,103.6052155819203,104.73177612321237,103.45115959960856,104.03851318359375,17010400
2025-07-22,103.97110800643856,105.37690276270683,103.61484208375289,104.51031494140625,13970900
2025-07-23,104.88583537941356,105.91610997349179,104.80880371817658,105.84870910644531,12002700
2025-07-24,105.58873603781592,106.83083667643824,105.07840679363585,106.6767807006836,15647200
2025-07-25,106.61900434554494,106.85972276221892,105.62723829808792,106.30125427246094,10548900
2025-07-28,106.87899126042743,107.94778176072323,106.72492792705604,107.30265808105469,12353000
2025-07-29,107.74557393641399,108.8047335906339,107.2737678565253,108.6891860961914,15928000
2025-07-30,108.23665028866449,108.42922211537449,107.12934391972125,107.7455825805664,12996900
2025-07-31,106.26274678430435,108.32329600506476,106.26274678430435,107.49522399902344,17233700
2025-08-01,107.84187140336742,108.36182416488528,104.81844809635743,105.56948852539062,19652000
2025-08-04,105.16507353667451,105.83908223210184,103.11414772060712,103.38375854492188,19129500
2025-08-05,103.23931356942845,103.81703628819116,102.13200740654986,103.2585678100586,21314300
2025-08-06,104.28885532310031,105.00138719969958,102.42088521103375,102.5556869506836,15321800
2025-08-07,103.16229398716435,104.04813608267548,101.95870178799905,102.01647186279297,13468300
2025-08-08,102.54605771765384,103.51856229377444,102.01647419943372,102.83492279052734,14417700
2025-08-11,103.13340955581646,103.53781477403791,101.61206724405704,101.90093231201172,13570700
2025-08-12,102.39199142506507,103.29709510415664,101.85278447384988,102.18978881835938,14109400
2025-08-13,102.06462040535484,103.60521697998047,101.8142711663082,103.60521697998047,17958700
2025-08-14,103.557080971222,103.59558945892859,102.48829045683249,103.39338684082031,13683500
2025-08-15,103.19901679512692,104.53042413910818,102.96577138265387,103.49056243896484,19271900
2025-08-18,103.1115564920614,104.20973334395688,102.6936676947345,103.71409606933594,13040000
2025-08-19,103.20872522646735,104.43323763701244,103.16013799522867,104.39436340332031,16113600
2025-08-20,104.84142060337798,106.25058396703406,104.64705682228893,105.47311401367188,18959700
2025-08-21,105.36619870742337,106.48380884702863,104.91915613448167,106.15338897705078,12194900
2025-08-22,106.51297186111358,108.27199589706909,106.51297186111358,108.1456527709961,13586700
2025-08-25,107.77635281058514,108.76761986699798,107.42649210490949,108.59268951416016,9744900
2025-08-26,108.23310853153694,108.66071026510373,107.251554539153,108.34972381591797,18143900
2025-08-27,108.28170867190343,109.7977742801282,108.28170867190343,109.57424926757812,15262600
2025-08-28,109.69086501091255,110.44889405961052,108.91339513740054,110.15734100341797,14189800
2025-08-29,110.51692455840193,111.5567862738525,110.38086843970763,111.07086944580078,14597900
2025-09-02,110.96396512433365,111.99410640835276,110.13790801462953,111.45960235595703,15206700
2025-09-03,110.75987893875846,111.20692151454529,108.32057447471314,108.75790405273438,14920100
2025-09-04,108.9522753120418,109.94354241103126,108.24283345769933,109.2341079711914,12864400
2025-09-05,108.45662989819597,108.63156024539073,105.94929739323852,106.15338897705078,16826700
2025-09-08,106.63930512241828,106.95029158055625,105.29816999741539,106.75592041015625,15440500
2025-09-09,107.41676353260186,109.34099726764585,107.41676353260186,107.53338623046875,14899500
2025-09-10,108.02903760030244,109.38959884806225,107.71804369852568,109.33129119873047,15837600
2025-09-11,108.26227519488062,109.59368261284318,107.74720452242771,108.98143005371094,11534500
2025-09-12,109.68115036518988,110.03101108521462,108.72875009078862,109.00086975097656,11105700
2025-09-15,109.02029878756257,109.29241102232862,108.18452125820836,109.18550872802734,12880500
2025-09-16,109.77833496953818,112.07186311783205,109.60340460519365,111.44989013671875,17208000
2025-09-17,111.30411365469479,112.23707312684543,110.83763762587085,112.04270935058594,13302000
2025-09-18,111.92607995354716,112.10101030753755,110.20593765139351,110.72100830078125,14628700
2025-09-19,110.69185507886297,110.76960355094826,109.46734259427805,109.64227294921875,38746500
2025-09-22,109.28268825518494,109.62283595581596,108.41775692138489,108.86479949951172,15611500
2025-09-23,109.54509669000579,111.51791792980742,109.31185867627873,110.74044799804688,25369100
2025-09-24,111.34297999499384,112.49946440086293,111.24579811375746,111.33325958251953,14756100
2025-09-25,111.41101237450077,112.63552488617954,111.18749478043796,112.3342514038086,15012600
2025-09-26,112.69382255766303,115.02622466382806,112.65494832420173,113.9183349609375,18568900
2025-09-29,112.7910162029508,113.21862540114104,110.46833426642237,111.00284576416016,19189300
2025-09-30,110.15734800250948,110.29340412684338,108.78706634614592,109.57424926757812,18076200
2025-10-01,109.38959246283336,109.83663504878889,108.15536699883687,108.83564758300781,16614000
2025-10-02,108.8162121516571,109.90466106611652,107.90268617173395,108.15536499023438,13062600
2025-10-03,108.74819084896897,110.54608168355931,108.74819084896897,110.06988525390625,12950100
2025-10-06,110.09904125150992,111.53735098177359,109.99213895087513,110.98340606689453,12036800
2025-10-07,110.85706675882555,111.28467594749493,108.59269252173914,111.04171752929688,11945000
2025-10-08,111.1583323936962,111.77059235046264,110.2156599629254,110.8084716796875,12301000
2025-10-09,111.20692788321571,112.2565100331723,109.56452659751527,109.72974395751953,10976200
2025-10-10,109.09804934109887,109.44791005376213,107.59170419410415,107.61114501953125,13811600
2025-10-13,108.39832506981655,109.13692071210326,108.18452048274652,109.07860565185547,10296500
2025-10-14,107.64029302443528,109.77832400668812,107.59169837799688,109.127197265625,11167200
2025-10-15,109.62283878732902,110.37114743614104,107.84438142670133,108.46635437011719,12182900
2025-10-16,108.72875337123354,109.03002686476279,107.28072321186103,107.523681640625,11782200
2025-10-17,108.48578653843487,109.72973982552386,108.04846436633875,109.07860565185547,13460100
2025-10-20,108.84536943126957,109.96297961815183,108.8259360205379,109.52565002441406,9523600
2025-10-21,109.71030022674081,110.16706322885845,108.83564845827111,109.53536987304688,9202300
2025-10-22,110.25452952377394,111.93580507533065,109.89495580258458,111.47904205322266,12938800
2025-10-23,113.34495804742382,113.5587626407378,112.11073255125102,112.71327209472656,15001100
2025-10-24,113.07284436855093,113.18946707646688,111.93580077075434,112.13988494873047,9919400
2025-10-27,112.44115490567556,112.72298756536166,111.85805617489514,112.67440032958984,10975400
2025-10-28,112.23705873398845,112.90762628074744,111.75114194114903,111.7900161743164,9535200
2025-10-29,111.68312434748483,113.7531348241486,111.57622204988705,113.17002868652344,12570600
2025-10-30,113.15059081063988,113.23805227913105,111.30410541485863,111.45960235595703,16172900
2025-10-31,110.76960662593272,111.98439873160424,109.44791222180191,111.13890075683594,20213400
2025-11-03,111.27495623795205,111.75115266456905,110.43917868090855,110.55580139160156,12290300
2025-11-04,110.18649893854,111.12917878564296,109.34100839013,110.92509460449219,16860700
2025-11-05,110.87650583197897,111.93580844495868,110.46833744804312,110.47805786132812,12400900
2025-11-06,110.43917819613684,111.70256493900654,110.43917819613684,111.27495574951172,14219700
2025-11-07,111.96494736289283,114.20016759265555,111.6636813216951,113.9183349609375,17181100
2025-11-10,114.13214580783787,115.11369245227725,112.20791192555146,114.89017486572266,13048000
2025-11-11,115.4829957289592,117.40722222583193,115.4829957289592,116.40623474121094,16077100
2025-11-12,115.74539214107791,115.92032250358848,114.472292367225,114.79299926757812,13790900
2025-11-13,115.28862536860791,116.38680215875796,114.9484850676996,115.44412231445312,17291900
2025-11-14,116.12054640396673,117.13029659441288,114.36575532080614,116.94403076171875,17064300
2025-11-17,116.63031603758692,117.14989176671764,114.80689452973157,115.36568450927734,16034900
2025-11-18,114.9539526464096,117.13029505260532,114.18929341814709,116.68914031982422,15808500
2025-11-19,114.55201596702355,115.85586186327224,113.65011056424346,115.04218292236328,15919200
2025-11-20,115.65979317287263,116.66953586139736,114.44417378999563,114.71866607666016,14401000
2025-11-21,114.68926239644966,115.07159202420067,113.3756185430189,114.77749633789062,15667600
2025-11-24,114.89512993221705,114.89512993221705,112.48350943901481,113.68932342529297,18034900
2025-11-25,112.91485565149314,113.62069723587572,111.94432721264401,112.2580337524414,14434600
2025-11-26,112.160003247741,113.46384162902656,112.06196387586725,112.5129165649414,11650600
2025-11-28,112.68937191455296,116.40483806561917,112.5619312079222,113.64029693603516,7240800
2025-12-01,113.81676607945676,115.10100859456215,113.81676607945676,114.33634185791016,12658100
2025-12-02,114.15008279695115,114.3069323331814,112.43449845560603,113.11092376708984,14607700
2025-12-03,113.66971368830343,115.65979780503157,113.60109061388896,115.48333740234375,16819100
2025-12-04,115.1892321392773,116.01270901724688,114.36575526130771,114.83631134033203,13686900
2025-12-05,114.4539847645169,116.44406141854374,114.12067482295866,114.24811553955078,12516900
2025-12-08,113.55207561874306,114.69906446838193,112.77761095258792,113.69912719726562,14904200
2025-12-09,114.60103497720259,118.10082671847627,114.59122954393455,115.92448425292969,23790800
2025-12-10,116.39504935161389,117.51262941956048,116.04212854285664,117.18911743164062,19845200
2025-12-11,116.76757354781135,117.99299094506455,116.72835929357674,117.18911743164062,14781800
2025-12-12,117.09107842247377,117.56163448599445,115.98329637586768,116.48326873779297,14459500
2025-12-15,116.66953969111152,116.68914307822224,114.55201487415584,115.44412231445312,16358700
2025-12-16,114.47358447642657,114.54220754921194,112.35606717379666,112.42469024658203,17638700
2025-12-17,112.94426650972589,115.30687477346801,112.90505225662412,115.10100555419922,18502200
2025-12-18,114.68926281028475,114.68926281028475,113.35600808534332,114.24811553955078,13705600
2025-12-19,114.45398212999562,115.25785562394006,113.67951745617594,114.3951644897461,45412800
2025-12-22,115.03237102421896,116.13034763504118,115.03237102421896,115.82644653320312,11768600
2025-12-23,116.14015795769345,117.66947644340163,115.99310637729363,117.07147216796875,12567600
2025-12-24,116.9832416812017,117.68908325934501,116.77737246746888,116.87540435791016,6137400
2025-12-26,116.55188822732707,117.19891214397869,116.19896745085411,116.76756286621094,8066100
2025-12-29,117.787120887003,118.9145063803753,117.05187045384986,118.1596450805664,14782500
2025-12-30,118.71843302977904,119.40467124297325,118.2576749030489,118.610595703125,11150500
2025-12-31,118.79685774677961,118.87528625081782,117.51262278040748,117.97337341308594,10559900
2026-01-02,117.72829333996988,120.26736200605848,117.25773726088853,120.23795318603516,14175100
2026-01-05,122.74760174540302,123.45344332148551,119.98306055864913,122.8946533203125,30112200
2026-01-06,122.8848495018372,123.32600423236111,118.62039864956253,118.66941833496094,23328600
2026-01-07,117.44400199217434,117.75770853507144,115.94408487086373,116.15975952148438,20353000
2026-01-08,116.64013108932252,121.19867775555002,116.32642453948432,120.49284362792969,20232700
2026-01-09,120.80655047223998,122.40449204572425,120.67910227773142,122.15940856933594,16137700
2026-01-12,122.01235656019075,122.051570813798,120.14972065029409,121.59081268310547,15314900
2026-01-13,122.54173753279225,124.63965148100533,122.35547169834909,124.05145263671875,21619700
2026-01-14,124.84551533233555,129.1295769847715,124.62984068685839,127.63946533203125,27593900
2026-01-15,126.59052276611328,127.63947227278497,125.77684382460471,126.59052276611328,17400000
2026-01-16,126.37483309964092,127.60025034335311,126.33561137096643,127.33555603027344,16592400
2026-01-20,128.92370969178984,129.34526106003074,127.51204139853334,127.89437103271484,16477300
2026-01-21,129.31585712353169,131.10005716420434,129.31585712353169,130.982421875,18879900
2026-01-22,130.4334321339966,131.54119930090036,129.2570344119412,131.01182556152344,16600100
2026-01-23,132.43329384244976,133.30579035502723,131.83528960627595,132.31565856933594,17758200
2026-01-26,134.2371113879926,134.24692430039343,131.53139525667265,132.18821716308594,16056100
2026-01-27,132.59015456841982,134.23710827308267,132.0607808658375,134.1390838623047,14517000
2026-01-28,134.98218120270877,135.2958802817515,133.98223640576208,134.8743438720703,15637300
2026-01-29,137.56045323507496,139.54071684501432,136.3742426928216,137.7467041015625,35760600
2026-01-30,136.0115249641907,139.413284651152,135.1194175625329,138.61920166015625,29657700
2026-02-02,137.0800926697375,137.5604616716114,135.34489745756886,135.67820739746094,27735600
2026-02-03,135.9135003144931,142.15822288499697,135.58998831098552,140.9033966064453,37577800
2026-02-04,141.28570982267485,144.9325529451777,141.28570982267485,144.68746948242188,29426200
2026-02-05,143.69733549717404,143.8443795891129,140.9720086293876,143.20716857910156,18431700
2026-02-06,143.73655519939692,146.62855224315575,143.2169794161954,146.1187744140625,17216000
2026-02-09,146.32463450957823,148.56960754784373,145.7070343161397,148.23629760742188,21297300
2026-02-10,148.3735398653639,148.79507625683397,146.87363021409703,148.6088104248047,15800300
2026-02-11,150.94200517912682,153.8437850193578,150.54987761975752,152.500732421875,23091500
2026-02-12,151.86914039995418,153.2112816986525,147.9118045030338,147.9611358642578,30652500
2026-02-13,148.573009056918,149.66843335045488,146.0367505798841,146.50057983398438,20166000
2026-02-17,146.25386332053407,147.17165857121253,143.24391231753378,144.270263671875,19766600
2026-02-18,146.20451859059764,148.99735741858277,145.67161638544218,148.7012939453125,19849700
2026-02-19,150.20133141726754,151.36584368014013,148.85919011306916,148.98748779296875,20305000
2026-02-20,148.51380081276685,148.8295908063359,144.53672317214324,145.345947265625,25908600
2026-02-23,146.2045163413988,149.28355533426253,146.18478981965436,148.78024291992188,16073100
2026-02-24,148.44471274188743,148.7407762133805,146.08609834773506,147.29994201660156,14185500
2026-02-25,147.94141356259428,148.20785713109032,145.39529183251534,147.10256958007812,15225700
2026-02-26,145.86899164872443,148.97763562919565,144.8426553083189,146.5894012451172,15632100
2026-02-27,149.01708854300077,151.63228308015854,147.29006930491963,150.4973907470703,30275100
2026-03-02,157.25744744344775,157.5140277442215,151.0204334392882,152.19480895996094,31493100
2026-03-03,153.388913296314,154.00078180487054,148.32628979550924,149.83619689941406,25198900
2026-03-04,148.74077544915835,149.1749998639953,145.9183318111316,147.85260009765625,16764800
2026-03-05,149.0170967065771,150.32963320643273,147.5071895803822,148.78024291992188,22969300
2026-03-06,151.13886167079949,151.78033504800396,147.99076470220882,149.22434997558594,21136400
2026-03-09,150.02371592586377,151.86915473890892,147.50719887090204,148.46446228027344,25532700
2026-03-10,147.2900868194475,148.42497928748784,145.76043801499983,146.18479919433594,19617600
2026-03-11,146.046624457752,149.8164529995664,145.72095615785696,149.5894775390625,15297400
2026-03-12,150.27042175538625,152.96456766631465,149.63882672348768,151.5138702392578,26054000
2026-03-13,152.27376248734015,154.82974744779892,150.97108926767592,154.06985473632812,22414100
2026-03-16,153.95143953087205,155.70806372597428,152.7277175392131,155.165283203125,22835600
2026-03-17,156.17188931021934,158.34299629210685,154.74093346250348,156.7245330810547,21592200
2026-03-18,157.56337795891957,158.07653857282673,155.46134390714047,155.5205535888672,18947100
2026-03-19,156.181761895178,157.46469361601712,152.80667432886895,156.0830841064453,27082700
2026-03-20,157.25745219688022,160.3068712918422,157.01073514922803,157.5732421875,53942100
2026-03-23,154.06986435705824,159.30026902536085,152.9843183312989,159.0140838623047,25021300
2026-03-24,159.58646273652485,165.2806813902276,159.13249674027693,163.20826721191406,26131800
2026-03-25,161.71809435727107,162.83326029190215,160.79043579838304,161.11610412597656,17192300
2026-03-26,161.9351991047626,163.50431592661914,159.9318578661477,163.25759887695312,18625200
2026-03-27,163.4056378300655,168.98143711851466,162.63588184124913,168.74459838867188,30338300
2026-03-30,170.2446285433427,174.09342357607832,168.80380939743299,169.21829223632812,29813500
2026-03-31,170.40252029916738,172.09007144795677,163.79050675840085,167.4320526123047,32006700
2026-04-01,163.59314847597437,165.79386038255356,157.43508538359336,158.66867065429688,37927600
2026-04-02,162.32995131495318,164.70829216920555,157.4942882287153,158.57984924316406,25377700
2026-04-06,158.46143620148837,161.59966989102813,157.4350848271786,161.2246551513672,16344300
2026-04-07,162.06349508840393,164.0569730451393,159.64567103873514,161.757568359375,25227500
2026-04-08,151.50400750448705,154.29684626632607,148.99735388970248,154.16854858398438,31311200
2026-04-09,154.80013554578184,157.1390081962723,152.2836188014346,153.0040283203125,25868400
2026-04-10,152.01717031912833,153.08298977804927,149.92501456184667,150.50726318359375,21065000
2026-04-13,152.244159041483,152.58955387101517,149.29341774875434,150.63555908203125,18685600
2026-04-14,148.09931479763057,148.13878289907458,144.79330037579695,147.28021240234375,18528200
2026-04-15,146.6486181452608,148.25720304523475,144.97093018596462,147.05322265625,15626500
2026-04-16,147.56639837260283,150.77371997111916,147.3887693274927,149.98422241210938,15191000
2026-04-17,142.9577294539512,144.87225619004138,140.10568093036503,144.51698303222656,28947400
2026-04-20,145.44462849031555,147.40848641370326,144.42815553036803,145.7406768798828,16354400
2026-04-21,145.43476869638585,146.8558613809694,144.31961781734506,146.41177368164062,17515900
2026-04-22,147.40849126178932,148.70128613345972,146.2341157498405,147.5367889404297,13738700
2026-04-23,147.88220528695376,149.24407315856882,146.54992719815058,148.5532684326172,12970400
2026-04-24,147.6749536212974,148.32629023309528,145.02027581191402,146.9545440673828,13735900
2026-04-27,147.20125131114554,149.19471405683467,146.02687584763237,146.24398803710938,13940800
2026-04-28,149.54013382081567,150.30988979505028,147.86246092975082,148.58287048339844,15173600
2026-04-29,150.02370608327118,152.9152226446687,149.0269595764905,152.63890075683594,14669100
2026-04-30,150.42831657823265,153.6455166348819,149.35263382507475,152.30337524414062,22885900
2026-05-01,150.60596441338373,152.97444219282582,149.14540361800823,150.74412536621094,15458200
2026-05-04,150.66515846041094,152.4415241398171,147.55652981525986,151.67176818847656,14238500
2026-05-05,151.0895365909912,153.250765430774,150.40859508241783,152.84616088867188,12494600
2026-05-06,147.11245676905406,148.3559053389129,145.15844679845733,146.73744201660156,20527000
2026-05-07,144.87224830738384,145.14857018638108,142.29652181797798,144.65513610839844,22509400
2026-05-08,143.9347293661345,144.5761876566039,142.03006595775787,142.67153930664062,19550100
2026-05-11,144.10249054277546,147.75389966236088,144.08274896354814,147.71441650390625,14849500
2026-05-12,149.26381574762087,149.8164595321171,147.80325502310743,148.65196228027344,16443100
2026-05-13,148.0894397413527,149.79671751167356,147.71442500651165,149.57962036132812,15772800
2026-05-14,149.905263382453,151.10924370941106,149.27366837965636,150.77371215820312,11331500
2026-05-15,152.7608516688576,156.98350935726506,152.01567678266807,156.90402221679688,27882400
2026-05-18,156.30788510753027,160.6895017397437,154.23131965292822,159.45748901367188,20065200
2026-05-19,160.46099405822483,162.2692924138743,158.612959712182,161.50424194335938,20715600
2026-05-20,160.57027775243373,162.62695246090524,155.2646364435186,155.27456665039062,18509700
2026-05-21,157.40080741244543,158.36456815663448,152.47272592771048,154.2909393310547,17061700
2026-05-22,153.039050982118,154.54927634853834,152.1845831622433,153.92332458496094,12948500
2026-05-26,152.51245412992614,153.55570196228766,148.50838244281752,148.84619140625,13057800
2026-05-27,146.2827985604971,147.73341239068998,144.812324315,146.948486328125,16241100
2026-05-28,148.37921962101078,149.2436327977562,145.9251091176085,146.01454162597656,14012500
2026-05-29,145.2494947353263,145.9847242712525,143.77902050285167,144.32546997070312,27959900
2026-06-01,146.07415816976595,148.6872278824595,146.05428259382654,148.41897583007812,16732100
2026-06-02,148.0712197861663,149.8596425847688,147.54463073444197,148.59780883789062,10462400
2026-06-03,149.6410600803893,153.91339931686977,149.05485944903873,151.5487060546875,14373000
2026-06-04,151.07178923986044,152.44290069957347,149.96892981929165,151.0618438720703,11799400
2026-06-05,151.0320404901442,151.15127878116928,148.33948372439218,148.9554901123047,16584000
2026-06-08,150.18751157814702,152.82045666526088,149.92917459257427,150.77371215820312,13870900
2026-06-09,149.93912891268184,150.1577147624696,146.82926081757435,147.95199584960938,18163500
2026-06-10,150.25706190677164,151.5089654358688,148.5978076229357,149.65098571777344,14596500
2026-06-11,151.32018657890387,151.5089666465856,145.47801049142424,145.6568603515625,17285800
2026-06-12,144.69309749283448,147.95199447310367,144.21617464648634,146.064208984375,17713100
2026-06-15,138.8409959581125,141.06657534019064,136.83398727052634,140.01339721679688,23631400
2026-06-16,139.28808771120796,141.2354695284117,139.07943207905402,140.9473419189453,18925400
2026-06-17,140.31145660572122,141.42424618882197,139.41725285653254,139.8345489501953,16663200
2026-06-18,137.43012951128387,137.5692282188612,134.97601897282365,136.92340087890625,48063400
2026-06-22,137.64870437324234,138.10575166092363,136.1384941196488,137.57916259765625,15783300
2026-06-23,138.56278739587265,139.486796941336,137.60895690836153,138.83103942871094,13699400
2026-06-24,136.23784244879812,136.75450130722126,134.7176868182312,136.01925659179688,16212900
2026-06-25,134.76735400327686,137.18172838415734,134.08179072030313,136.66506958007812,13288800
2026-06-26,136.08880152709986,136.6948776843146,135.04555369443563,135.66156005859375,22684200
2026-06-29,135.70132071428984,136.5061071911013,134.51897409848138,135.18466186523438,11972700
2026-06-30,135.6019469157409,136.4166786942443,134.45935154509178,135.8404083251953,28784000
2026-07-01,135.6516356483452,136.60546617741443,134.75743184534812,135.4032440185547,12433400
2026-07-02,136.26763463349974,138.24483735700704,135.45291801558523,136.20802307128906,13703300
2026-07-06,135.67150299991567,136.48621961272076,135.13496862214214,135.5622100830078,13915100
2026-07-07,137.6685743295943,140.82812374084455,137.24134800388697,140.7784423828125,14667800
2026-07-08,142.5171821025025,143.0636467131422,138.91053083290223,140.2220458984375,18291400
2026-07-09,138.7614962690738,139.14898658435814,136.2378289556867,136.57565307617188,14110200
2026-07-10,137.01282036043938,138.0759438396731,136.25771524478435,137.9865264892578,9753500
2026-07-13,140.013391594685,144.29566085231056,139.58616526996687,143.58029174804688,18724300
2026-07-14,144.57385127298625,145.06070430003604,142.9642784465353,144.15655517578125,16096400
2026-07-15,144.15656214651605,144.15656214651605,141.11625103370636,143.58029174804688,13444500
2026-07-16,144.3453443482853,145.92511149334146,143.62004502594374,145.0110321044922,13518000
2026-07-17,148.07121098589766,149.03497168229288,146.2231767306124,146.41195678710938,19031400
2026-07-20,145.55749846162485,148.13083216789195,145.28923125020256,147.40553283691406,12149200
2026-07-21,148.0513366306137,150.78364446729043,147.52474760584934,150.73397827148438,13145300
2026-07-22,152.87014400150304,153.80409894761962,151.96599483786918,153.4563446044922,13788700
2026-07-23,155.59251814100296,157.54984533591656,155.05598374734197,155.88064575195312,15822800
2026-07-24,155.98000972608443,157.6889453127249,154.67842488089144,155.93032836914062,12091600
2026-07-27,152.08523196835614,154.420104155216,151.51889178426083,153.7742919921875,13955800
2026-07-28,153.17815498792126,155.17521831898253,150.9028942324521,152.055419921875,16299900
2026-07-29,156.7053073348219,158.04662815474293,154.85727306502608,155.74154663085938,14571300
2026-07-30,154.09223405988436,156.76493053038882,153.53583921231603,155.96014404296875,12578100
2026-07-31,152.7509270772818,155.1553563125088,151.16121453071767,154.4399871826172,15714200
2026-08-03,152.4727263545316,154.90696132074848,151.66792473036153,154.0624237060547,14532800
2026-08-04,150.6445556868725,153.84384119554895,148.13083352442996,152.96951293945312,14347900
2026-08-05,154.04254552700252,154.04254552700252,150.17757239730147,150.6544952392578,12227500
2026-08-06,153.227835140774,153.87364733649875,150.8631418913171,153.84384155273438,11879100
2026-08-07,151.65799936147022,152.68137170710398,150.55513987163098,152.055419921875,18455200
2026-08-10,153.50603299447087,159.33826383030498,153.45635163451644,158.76199340820312,19761600
2026-08-11,158.6328281788065,160.62989135010667,158.2453378571924,158.7719268798828,13744500
2026-08-12,157.5299675257101,159.19915192536513,156.54633125837117,158.7222442626953,13219500
2026-08-13,157.0133139569994,158.73217976988673,156.4171679882901,157.58958435058594,10542800
2026-08-14,158.68251698441384,160.22253297554738,158.22546971049474,159.07000732421875,10231300
2026-08-17,160.10000610351562,162.50999450683594,159.08999633789062,161.4600067138672,12858100
2026-08-18,164.35000610351562,165.6699981689453,163.25,165.55999755859375,18952700
2026-08-19,166.07000732421875,168.2100067138672,164.66000366210938,164.77000427246094,13648900
2026-08-20,167.02000427246094,168.63999938964844,166.07000732421875,166.14999389648438,13803000
2026-08-21,166.5399932861328,168.0,164.61000061035156,165.11000061035156,14314300
2026-08-24,163.8699951171875,165.22000122070312,162.25,164.0500030517578,10842500
2026-08-25,161.4499969482422,162.80999755859375,160.4600067138672,160.63999938964844,17525300
2026-08-26,158.0,161.1300048828125,157.75999450683594,158.19000244140625,14838400
2026-08-27,157.6300048828125,158.19000244140625,156.13999938964844,156.44000244140625,14288500
2026-08-28,156.60000610351562,157.4199981689453,155.32000732421875,156.7100067138672,11352600
2026-08-31,159.94000244140625,161.58999633789062,158.74000549316406,160.9499969482422,18363400
2026-09-01,163.60000610351562,164.6999969482422,162.22000122070312,164.5500030517578,11381800
2026-09-02,163.92999267578125,165.02000427246094,162.75999450683594,164.14999389648438,11287000
2026-09-03,164.42999267578125,165.64999389648438,162.08999633789062,162.2100067138672,13755100
2026-09-04,161.02000427246094,161.47999572753906,159.16000366210938,159.47000122070312,16206400
2026-09-08,160.61000061035156,163.11000061035156,158.75,160.66000366210938,12607700
2026-09-09,162.8800048828125,165.17999267578125,162.5500030517578,164.22999572753906,13124000
2026-09-10,167.0,167.3699951171875,163.17999267578125,165.22999572753906,16615300
2026-09-11,165.07000732421875,167.08999633789062,164.0800018310547,165.99000549316406,11362400
2026-09-14,168.6999969482422,169.4499969482422,164.0399932861328,165.0800018310547,13942100
2026-09-15,165.36000061035156,169.63999938964844,165.14999389648438,169.32000732421875,12329200
2026-09-16,167.22999572753906,167.5,162.55999755859375,163.32000732421875,13437800
2026-09-17,161.8300018310547,163.38999938964844,161.4499969482422,163.27000427246094,10976500
2026-09-18,162.5,163.5399932861328,161.30999755859375,163.5399932861328,37640600
2026-09-21,160.9600067138672,161.9499969482422,157.94000244140625,158.3000030517578,15752500
2026-09-22,157.52999877929688,159.97000122070312,155.85000610351562,158.7100067138672,14189400
2026-09-23,159.6199951171875,162.1199951171875,159.4199981689453,161.22999572753906,12569300
2026-09-24,163.05999755859375,164.91000366210938,161.1999969482422,162.13999938964844,12484900
2026-09-25,160.22999572753906,161.7899932861328,159.77999877929688,160.58999633789062,10996700
2026-09-28,162.8000030517578,163.5399932861328,161.0500030517578,162.52000427246094,12809500
2026-09-29,160.22000122070312,161.97000122070312,159.27000427246094,161.35000610351562,9160000
2026-09-30,162.22999572753906,164.3699951171875,161.8000030517578,162.75,13100400
